date,product_id,category,product_name,units_sold,season,festival_flag
2021-01-04,P001,Electronics,Smartphone,156.0,Winter,0
2021-01-11,P001,Electronics,Smartphone,178.0,Winter,0
2021-01-18,P001,Electronics,Smartphone,127.0,Winter,0
2021-01-25,P001,Electronics,Smartphone,168.0,Winter,0
2021-02-01,P001,Electronics,Smartphone,192.0,Winter,0
2021-02-08,P001,Electronics,Smartphone,156.0,Winter,0
2021-02-15,P001,Electronics,Smartphone,184.0,Winter,0
2021-02-22,P001,Electronics,Smartphone,177.0,Winter,0
2021-03-01,P001,Electronics,Smartphone,182.0,Summer,0
2021-03-08,P001,Electronics,Smartphone,170.0,Summer,0
2021-03-15,P001,Electronics,Smartphone,167.0,Summer,0
2021-03-22,P001,Electronics,Smartphone,178.0,Summer,0
2021-03-29,P001,Electronics,Smartphone,188.0,Summer,0
2021-04-05,P001,Electronics,Smartphone,161.0,Summer,0
2021-04-12,P001,Electronics,Smartphone,185.0,Summer,0
2021-04-19,P001,Electronics,Smartphone,181.0,Summer,0
2021-04-26,P001,Electronics,Smartphone,212.0,Summer,0
2021-05-03,P001,Electronics,Smartphone,179.0,Summer,0
2021-05-10,P001,Electronics,Smartphone,167.0,Summer,0
2021-05-17,P001,Electronics,Smartphone,234.0,Summer,0
2021-05-24,P001,Electronics,Smartphone,126.0,Summer,0
2021-05-31,P001,Electronics,Smartphone,212.0,Summer,0
2021-06-07,P001,Electronics,Smartphone,203.0,Summer,0
2021-06-14,P001,Electronics,Smartphone,151.0,Summer,0
2021-06-21,P001,Electronics,Smartphone,212.0,Summer,0
2021-06-28,P001,Electronics,Smartphone,192.0,Summer,0
2021-07-05,P001,Electronics,Smartphone,171.0,Monsoon,0
2021-07-12,P001,Electronics,Smartphone,150.0,Monsoon,0
2021-07-19,P001,Electronics,Smartphone,197.0,Monsoon,0
2021-07-26,P001,Electronics,Smartphone,162.0,Monsoon,0
2021-08-02,P001,Electronics,Smartphone,144.0,Monsoon,0
2021-08-09,P001,Electronics,Smartphone,172.0,Monsoon,0
2021-08-16,P001,Electronics,Smartphone,169.0,Monsoon,0
2021-08-23,P001,Electronics,Smartphone,183.0,Monsoon,0
2021-08-30,P001,Electronics,Smartphone,177.0,Monsoon,0
2021-09-06,P001,Electronics,Smartphone,214.0,Monsoon,0
2021-09-13,P001,Electronics,Smartphone,201.0,Monsoon,0
2021-09-20,P001,Electronics,Smartphone,177.0,Monsoon,0
2021-09-27,P001,Electronics,Smartphone,157.0,Monsoon,0
2021-10-04,P001,Electronics,Smartphone,214.0,Autumn,0
2021-10-11,P001,Electronics,Smartphone,203.0,Autumn,0
2021-10-18,P001,Electronics,Smartphone,254.0,Autumn,0
2021-10-25,P001,Electronics,Smartphone,189.0,Autumn,0
2021-11-01,P001,Electronics,Smartphone,969.0,Autumn,1
2021-11-08,P001,Electronics,Smartphone,194.0,Autumn,0
2021-11-15,P001,Electronics,Smartphone,184.0,Autumn,0
2021-11-22,P001,Electronics,Smartphone,140.0,Autumn,0
2021-11-29,P001,Electronics,Smartphone,201.0,Autumn,0
2021-12-06,P001,Electronics,Smartphone,158.0,Winter,0
2021-12-13,P001,Electronics,Smartphone,167.0,Winter,0
2021-12-20,P001,Electronics,Smartphone,180.0,Winter,0
2021-12-27,P001,Electronics,Smartphone,174.0,Winter,0
2022-01-03,P001,Electronics,Smartphone,144.0,Winter,0
2022-01-10,P001,Electronics,Smartphone,166.0,Winter,0
2022-01-17,P001,Electronics,Smartphone,215.0,Winter,0
2022-01-24,P001,Electronics,Smartphone,208.0,Winter,0
2022-01-31,P001,Electronics,Smartphone,209.0,Winter,0
2022-02-07,P001,Electronics,Smartphone,194.0,Winter,0
2022-02-14,P001,Electronics,Smartphone,208.0,Winter,0
2022-02-21,P001,Electronics,Smartphone,196.0,Winter,0
2022-02-28,P001,Electronics,Smartphone,184.0,Winter,0
2022-03-07,P001,Electronics,Smartphone,222.0,Summer,0
2022-03-14,P001,Electronics,Smartphone,182.0,Summer,0
2022-03-21,P001,Electronics,Smartphone,167.0,Summer,0
2022-03-28,P001,Electronics,Smartphone,223.0,Summer,0
2022-04-04,P001,Electronics,Smartphone,224.0,Summer,0
2022-04-11,P001,Electronics,Smartphone,144.0,Summer,0
2022-04-18,P001,Electronics,Smartphone,207.0,Summer,0
2022-04-25,P001,Electronics,Smartphone,131.0,Summer,0
2022-05-02,P001,Electronics,Smartphone,219.0,Summer,0
2022-05-09,P001,Electronics,Smartphone,162.0,Summer,0
2022-05-16,P001,Electronics,Smartphone,211.0,Summer,0
2022-05-23,P001,Electronics,Smartphone,171.0,Summer,0
2022-05-30,P001,Electronics,Smartphone,198.0,Summer,0
2022-06-06,P001,Electronics,Smartphone,150.0,Summer,0
2022-06-13,P001,Electronics,Smartphone,181.0,Summer,0
2022-06-20,P001,Electronics,Smartphone,187.0,Summer,0
2022-06-27,P001,Electronics,Smartphone,216.0,Summer,0
2022-07-04,P001,Electronics,Smartphone,240.0,Monsoon,0
2022-07-11,P001,Electronics,Smartphone,205.0,Monsoon,0
2022-07-18,P001,Electronics,Smartphone,197.0,Monsoon,0
2022-07-25,P001,Electronics,Smartphone,160.0,Monsoon,0
2022-08-01,P001,Electronics,Smartphone,149.0,Monsoon,0
2022-08-08,P001,Electronics,Smartphone,194.0,Monsoon,0
2022-08-15,P001,Electronics,Smartphone,193.0,Monsoon,0
2022-08-22,P001,Electronics,Smartphone,206.0,Monsoon,0
2022-08-29,P001,Electronics,Smartphone,209.0,Monsoon,0
2022-09-05,P001,Electronics,Smartphone,199.0,Monsoon,0
2022-09-12,P001,Electronics,Smartphone,147.0,Monsoon,0
2022-09-19,P001,Electronics,Smartphone,214.0,Monsoon,0
2022-09-26,P001,Electronics,Smartphone,186.0,Monsoon,0
2022-10-03,P001,Electronics,Smartphone,162.0,Autumn,0
2022-10-10,P001,Electronics,Smartphone,177.0,Autumn,0
2022-10-17,P001,Electronics,Smartphone,149.0,Autumn,0
2022-10-24,P001,Electronics,Smartphone,953.0,Autumn,1
2022-10-31,P001,Electronics,Smartphone,210.0,Autumn,0
2022-11-07,P001,Electronics,Smartphone,179.0,Autumn,0
2022-11-14,P001,Electronics,Smartphone,164.0,Autumn,0
2022-11-21,P001,Electronics,Smartphone,181.0,Autumn,0
2022-11-28,P001,Electronics,Smartphone,202.0,Autumn,0
2022-12-05,P001,Electronics,Smartphone,150.0,Winter,0
2022-12-12,P001,Electronics,Smartphone,160.0,Winter,0
2022-12-19,P001,Electronics,Smartphone,192.0,Winter,0
2022-12-26,P001,Electronics,Smartphone,153.0,Winter,0
2023-01-02,P001,Electronics,Smartphone,253.0,Winter,0
2023-01-09,P001,Electronics,Smartphone,192.0,Winter,0
2023-01-16,P001,Electronics,Smartphone,169.0,Winter,0
2023-01-23,P001,Electronics,Smartphone,172.0,Winter,0
2023-01-30,P001,Electronics,Smartphone,182.0,Winter,0
2023-02-06,P001,Electronics,Smartphone,179.0,Winter,0
2023-02-13,P001,Electronics,Smartphone,134.0,Winter,0
2023-02-20,P001,Electronics,Smartphone,233.0,Winter,0
2023-02-27,P001,Electronics,Smartphone,196.0,Winter,0
2023-03-06,P001,Electronics,Smartphone,195.0,Summer,0
2023-03-13,P001,Electronics,Smartphone,220.0,Summer,0
2023-03-20,P001,Electronics,Smartphone,165.0,Summer,0
2023-03-27,P001,Electronics,Smartphone,174.0,Summer,0
2023-04-03,P001,Electronics,Smartphone,210.0,Summer,0
2023-04-10,P001,Electronics,Smartphone,194.0,Summer,0
2023-04-17,P001,Electronics,Smartphone,206.0,Summer,0
2023-04-24,P001,Electronics,Smartphone,194.0,Summer,0
2023-05-01,P001,Electronics,Smartphone,189.0,Summer,0
2023-05-08,P001,Electronics,Smartphone,238.0,Summer,0
2023-05-15,P001,Electronics,Smartphone,227.0,Summer,0
2023-05-22,P001,Electronics,Smartphone,122.0,Summer,0
2023-05-29,P001,Electronics,Smartphone,240.0,Summer,0
2023-06-05,P001,Electronics,Smartphone,260.0,Summer,0
2023-06-12,P001,Electronics,Smartphone,232.0,Summer,0
2023-06-19,P001,Electronics,Smartphone,190.0,Summer,0
2023-06-26,P001,Electronics,Smartphone,176.0,Summer,0
2023-07-03,P001,Electronics,Smartphone,218.0,Monsoon,0
2023-07-10,P001,Electronics,Smartphone,178.0,Monsoon,0
2023-07-17,P001,Electronics,Smartphone,207.0,Monsoon,0
2023-07-24,P001,Electronics,Smartphone,195.0,Monsoon,0
2023-07-31,P001,Electronics,Smartphone,232.0,Monsoon,0
2023-08-07,P001,Electronics,Smartphone,185.0,Monsoon,0
2023-08-14,P001,Electronics,Smartphone,183.0,Monsoon,0
2023-08-21,P001,Electronics,Smartphone,207.0,Monsoon,0
2023-08-28,P001,Electronics,Smartphone,253.0,Monsoon,0
2023-09-04,P001,Electronics,Smartphone,198.0,Monsoon,0
2023-09-11,P001,Electronics,Smartphone,184.0,Monsoon,0
2023-09-18,P001,Electronics,Smartphone,221.0,Monsoon,0
2023-09-25,P001,Electronics,Smartphone,217.0,Monsoon,0
2023-10-02,P001,Electronics,Smartphone,168.0,Autumn,0
2023-10-09,P001,Electronics,Smartphone,180.0,Autumn,0
2023-10-16,P001,Electronics,Smartphone,228.0,Autumn,0
2023-10-23,P001,Electronics,Smartphone,209.0,Autumn,0
2023-10-30,P001,Electronics,Smartphone,123.0,Autumn,0
2023-11-06,P001,Electronics,Smartphone,1036.0,Autumn,1
2023-11-13,P001,Electronics,Smartphone,223.0,Autumn,0
2023-11-20,P001,Electronics,Smartphone,171.0,Autumn,0
2023-11-27,P001,Electronics,Smartphone,216.0,Autumn,0
2023-12-04,P001,Electronics,Smartphone,251.0,Winter,0
2023-12-11,P001,Electronics,Smartphone,208.0,Winter,0
2023-12-18,P001,Electronics,Smartphone,178.0,Winter,0
2023-12-25,P001,Electronics,Smartphone,181.0,Winter,0
2024-01-01,P001,Electronics,Smartphone,204.0,Winter,0
2024-01-08,P001,Electronics,Smartphone,215.0,Winter,0
2024-01-15,P001,Electronics,Smartphone,205.0,Winter,0
2024-01-22,P001,Electronics,Smartphone,219.0,Winter,0
2024-01-29,P001,Electronics,Smartphone,199.0,Winter,0
2024-02-05,P001,Electronics,Smartphone,209.0,Winter,0
2024-02-12,P001,Electronics,Smartphone,233.0,Winter,0
2024-02-19,P001,Electronics,Smartphone,171.0,Winter,0
2024-02-26,P001,Electronics,Smartphone,207.0,Winter,0
2024-03-04,P001,Electronics,Smartphone,207.0,Summer,0
2024-03-11,P001,Electronics,Smartphone,231.0,Summer,0
2024-03-18,P001,Electronics,Smartphone,196.0,Summer,0
2024-03-25,P001,Electronics,Smartphone,223.0,Summer,0
2024-04-01,P001,Electronics,Smartphone,237.0,Summer,0
2024-04-08,P001,Electronics,Smartphone,147.0,Summer,0
2024-04-15,P001,Electronics,Smartphone,239.0,Summer,0
2024-04-22,P001,Electronics,Smartphone,173.0,Summer,0
2024-04-29,P001,Electronics,Smartphone,170.0,Summer,0
2024-05-06,P001,Electronics,Smartphone,115.0,Summer,0
2024-05-13,P001,Electronics,Smartphone,179.0,Summer,0
2024-05-20,P001,Electronics,Smartphone,203.0,Summer,0
2024-05-27,P001,Electronics,Smartphone,192.0,Summer,0
2024-06-03,P001,Electronics,Smartphone,189.0,Summer,0
2024-06-10,P001,Electronics,Smartphone,169.0,Summer,0
2024-06-17,P001,Electronics,Smartphone,230.0,Summer,0
2024-06-24,P001,Electronics,Smartphone,233.0,Summer,0
2024-07-01,P001,Electronics,Smartphone,216.0,Monsoon,0
2024-07-08,P001,Electronics,Smartphone,146.0,Monsoon,0
2024-07-15,P001,Electronics,Smartphone,273.0,Monsoon,0
2024-07-22,P001,Electronics,Smartphone,208.0,Monsoon,0
2024-07-29,P001,Electronics,Smartphone,220.0,Monsoon,0
2024-08-05,P001,Electronics,Smartphone,158.0,Monsoon,0
2024-08-12,P001,Electronics,Smartphone,203.0,Monsoon,0
2024-08-19,P001,Electronics,Smartphone,216.0,Monsoon,0
2024-08-26,P001,Electronics,Smartphone,199.0,Monsoon,0
2024-09-02,P001,Electronics,Smartphone,230.0,Monsoon,0
2024-09-09,P001,Electronics,Smartphone,243.0,Monsoon,0
2024-09-16,P001,Electronics,Smartphone,162.0,Monsoon,0
2024-09-23,P001,Electronics,Smartphone,229.0,Monsoon,0
2024-09-30,P001,Electronics,Smartphone,215.0,Monsoon,0
2024-10-07,P001,Electronics,Smartphone,203.0,Autumn,0
2024-10-14,P001,Electronics,Smartphone,155.0,Autumn,0
2024-10-21,P001,Electronics,Smartphone,249.0,Autumn,0
2024-10-28,P001,Electronics,Smartphone,1010.0,Autumn,1
2024-11-04,P001,Electronics,Smartphone,149.0,Autumn,0
2024-11-11,P001,Electronics,Smartphone,196.0,Autumn,0
2024-11-18,P001,Electronics,Smartphone,213.0,Autumn,0
2024-11-25,P001,Electronics,Smartphone,219.0,Autumn,0
2024-12-02,P001,Electronics,Smartphone,199.0,Winter,0
2024-12-09,P001,Electronics,Smartphone,214.0,Winter,0
2024-12-16,P001,Electronics,Smartphone,268.0,Winter,0
2024-12-23,P001,Electronics,Smartphone,251.0,Winter,0
2021-01-04,P002,Electronics,Laptop,170.0,Winter,0
2021-01-11,P002,Electronics,Laptop,150.0,Winter,0
2021-01-18,P002,Electronics,Laptop,181.0,Winter,0
2021-01-25,P002,Electronics,Laptop,220.0,Winter,0
2021-02-01,P002,Electronics,Laptop,201.0,Winter,0
2021-02-08,P002,Electronics,Laptop,158.0,Winter,0
2021-02-15,P002,Electronics,Laptop,200.0,Winter,0
2021-02-22,P002,Electronics,Laptop,206.0,Winter,0
2021-03-01,P002,Electronics,Laptop,169.0,Summer,0
2021-03-08,P002,Electronics,Laptop,199.0,Summer,0
2021-03-15,P002,Electronics,Laptop,196.0,Summer,0
2021-03-22,P002,Electronics,Laptop,161.0,Summer,0
2021-03-29,P002,Electronics,Laptop,205.0,Summer,0
2021-04-05,P002,Electronics,Laptop,211.0,Summer,0
2021-04-12,P002,Electronics,Laptop,226.0,Summer,0
2021-04-19,P002,Electronics,Laptop,225.0,Summer,0
2021-04-26,P002,Electronics,Laptop,154.0,Summer,0
2021-05-03,P002,Electronics,Laptop,167.0,Summer,0
2021-05-10,P002,Electronics,Laptop,210.0,Summer,0
2021-05-17,P002,Electronics,Laptop,210.0,Summer,0
2021-05-24,P002,Electronics,Laptop,210.0,Summer,0
2021-05-31,P002,Electronics,Laptop,307.0,Summer,0
2021-06-07,P002,Electronics,Laptop,211.0,Summer,0
2021-06-14,P002,Electronics,Laptop,228.0,Summer,0
2021-06-21,P002,Electronics,Laptop,222.0,Summer,0
2021-06-28,P002,Electronics,Laptop,214.0,Summer,0
2021-07-05,P002,Electronics,Laptop,185.0,Monsoon,0
2021-07-12,P002,Electronics,Laptop,217.0,Monsoon,0
2021-07-19,P002,Electronics,Laptop,172.0,Monsoon,0
2021-07-26,P002,Electronics,Laptop,188.0,Monsoon,0
2021-08-02,P002,Electronics,Laptop,180.0,Monsoon,0
2021-08-09,P002,Electronics,Laptop,197.0,Monsoon,0
2021-08-16,P002,Electronics,Laptop,262.0,Monsoon,0
2021-08-23,P002,Electronics,Laptop,140.0,Monsoon,0
2021-08-30,P002,Electronics,Laptop,215.0,Monsoon,0
2021-09-06,P002,Electronics,Laptop,147.0,Monsoon,0
2021-09-13,P002,Electronics,Laptop,181.0,Monsoon,0
2021-09-20,P002,Electronics,Laptop,226.0,Monsoon,0
2021-09-27,P002,Electronics,Laptop,196.0,Monsoon,0
2021-10-04,P002,Electronics,Laptop,163.0,Autumn,0
2021-10-11,P002,Electronics,Laptop,174.0,Autumn,0
2021-10-18,P002,Electronics,Laptop,214.0,Autumn,0
2021-10-25,P002,Electronics,Laptop,173.0,Autumn,0
2021-11-01,P002,Electronics,Laptop,860.0,Autumn,1
2021-11-08,P002,Electronics,Laptop,196.0,Autumn,0
2021-11-15,P002,Electronics,Laptop,175.0,Autumn,0
2021-11-22,P002,Electronics,Laptop,257.0,Autumn,0
2021-11-29,P002,Electronics,Laptop,213.0,Autumn,0
2021-12-06,P002,Electronics,Laptop,135.0,Winter,0
2021-12-13,P002,Electronics,Laptop,200.0,Winter,0
2021-12-20,P002,Electronics,Laptop,175.0,Winter,0
2021-12-27,P002,Electronics,Laptop,219.0,Winter,0
2022-01-03,P002,Electronics,Laptop,178.0,Winter,0
2022-01-10,P002,Electronics,Laptop,199.0,Winter,0
2022-01-17,P002,Electronics,Laptop,218.0,Winter,0
2022-01-24,P002,Electronics,Laptop,229.0,Winter,0
2022-01-31,P002,Electronics,Laptop,166.0,Winter,0
2022-02-07,P002,Electronics,Laptop,192.0,Winter,0
2022-02-14,P002,Electronics,Laptop,188.0,Winter,0
2022-02-21,P002,Electronics,Laptop,182.0,Winter,0
2022-02-28,P002,Electronics,Laptop,256.0,Winter,0
2022-03-07,P002,Electronics,Laptop,215.0,Summer,0
2022-03-14,P002,Electronics,Laptop,164.0,Summer,0
2022-03-21,P002,Electronics,Laptop,230.0,Summer,0
2022-03-28,P002,Electronics,Laptop,267.0,Summer,0
2022-04-04,P002,Electronics,Laptop,234.0,Summer,0
2022-04-11,P002,Electronics,Laptop,156.0,Summer,0
2022-04-18,P002,Electronics,Laptop,188.0,Summer,0
2022-04-25,P002,Electronics,Laptop,241.0,Summer,0
2022-05-02,P002,Electronics,Laptop,181.0,Summer,0
2022-05-09,P002,Electronics,Laptop,216.0,Summer,0
2022-05-16,P002,Electronics,Laptop,226.0,Summer,0
2022-05-23,P002,Electronics,Laptop,174.0,Summer,0
2022-05-30,P002,Electronics,Laptop,200.0,Summer,0
2022-06-06,P002,Electronics,Laptop,104.0,Summer,0
2022-06-13,P002,Electronics,Laptop,171.0,Summer,0
2022-06-20,P002,Electronics,Laptop,195.0,Summer,0
2022-06-27,P002,Electronics,Laptop,164.0,Summer,0
2022-07-04,P002,Electronics,Laptop,252.0,Monsoon,0
2022-07-11,P002,Electronics,Laptop,159.0,Monsoon,0
2022-07-18,P002,Electronics,Laptop,189.0,Monsoon,0
2022-07-25,P002,Electronics,Laptop,206.0,Monsoon,0
2022-08-01,P002,Electronics,Laptop,246.0,Monsoon,0
2022-08-08,P002,Electronics,Laptop,159.0,Monsoon,0
2022-08-15,P002,Electronics,Laptop,238.0,Monsoon,0
2022-08-22,P002,Electronics,Laptop,203.0,Monsoon,0
2022-08-29,P002,Electronics,Laptop,172.0,Monsoon,0
2022-09-05,P002,Electronics,Laptop,216.0,Monsoon,0
2022-09-12,P002,Electronics,Laptop,208.0,Monsoon,0
2022-09-19,P002,Electronics,Laptop,184.0,Monsoon,0
2022-09-26,P002,Electronics,Laptop,204.0,Monsoon,0
2022-10-03,P002,Electronics,Laptop,191.0,Autumn,0
2022-10-10,P002,Electronics,Laptop,206.0,Autumn,0
2022-10-17,P002,Electronics,Laptop,222.0,Autumn,0
2022-10-24,P002,Electronics,Laptop,1333.0,Autumn,1
2022-10-31,P002,Electronics,Laptop,165.0,Autumn,0
2022-11-07,P002,Electronics,Laptop,267.0,Autumn,0
2022-11-14,P002,Electronics,Laptop,143.0,Autumn,0
2022-11-21,P002,Electronics,Laptop,198.0,Autumn,0
2022-11-28,P002,Electronics,Laptop,220.0,Autumn,0
2022-12-05,P002,Electronics,Laptop,211.0,Winter,0
2022-12-12,P002,Electronics,Laptop,183.0,Winter,0
2022-12-19,P002,Electronics,Laptop,196.0,Winter,0
2022-12-26,P002,Electronics,Laptop,187.0,Winter,0
2023-01-02,P002,Electronics,Laptop,191.0,Winter,0
2023-01-09,P002,Electronics,Laptop,237.0,Winter,0
2023-01-16,P002,Electronics,Laptop,221.0,Winter,0
2023-01-23,P002,Electronics,Laptop,188.0,Winter,0
2023-01-30,P002,Electronics,Laptop,239.0,Winter,0
2023-02-06,P002,Electronics,Laptop,220.0,Winter,0
2023-02-13,P002,Electronics,Laptop,236.0,Winter,0
2023-02-20,P002,Electronics,Laptop,230.0,Winter,0
2023-02-27,P002,Electronics,Laptop,184.0,Winter,0
2023-03-06,P002,Electronics,Laptop,192.0,Summer,0
2023-03-13,P002,Electronics,Laptop,234.0,Summer,0
2023-03-20,P002,Electronics,Laptop,229.0,Summer,0
2023-03-27,P002,Electronics,Laptop,209.0,Summer,0
2023-04-03,P002,Electronics,Laptop,214.0,Summer,0
2023-04-10,P002,Electronics,Laptop,250.0,Summer,0
2023-04-17,P002,Electronics,Laptop,191.0,Summer,0
2023-04-24,P002,Electronics,Laptop,227.0,Summer,0
2023-05-01,P002,Electronics,Laptop,204.0,Summer,0
2023-05-08,P002,Electronics,Laptop,203.0,Summer,0
2023-05-15,P002,Electronics,Laptop,245.0,Summer,0
2023-05-22,P002,Electronics,Laptop,236.0,Summer,0
2023-05-29,P002,Electronics,Laptop,236.0,Summer,0
2023-06-05,P002,Electronics,Laptop,251.0,Summer,0
2023-06-12,P002,Electronics,Laptop,211.0,Summer,0
2023-06-19,P002,Electronics,Laptop,232.0,Summer,0
2023-06-26,P002,Electronics,Laptop,200.0,Summer,0
2023-07-03,P002,Electronics,Laptop,220.0,Monsoon,0
2023-07-10,P002,Electronics,Laptop,206.0,Monsoon,0
2023-07-17,P002,Electronics,Laptop,213.0,Monsoon,0
2023-07-24,P002,Electronics,Laptop,229.0,Monsoon,0
2023-07-31,P002,Electronics,Laptop,184.0,Monsoon,0
2023-08-07,P002,Electronics,Laptop,276.0,Monsoon,0
2023-08-14,P002,Electronics,Laptop,178.0,Monsoon,0
2023-08-21,P002,Electronics,Laptop,172.0,Monsoon,0
2023-08-28,P002,Electronics,Laptop,247.0,Monsoon,0
2023-09-04,P002,Electronics,Laptop,235.0,Monsoon,0
2023-09-11,P002,Electronics,Laptop,230.0,Monsoon,0
2023-09-18,P002,Electronics,Laptop,230.0,Monsoon,0
2023-09-25,P002,Electronics,Laptop,210.0,Monsoon,0
2023-10-02,P002,Electronics,Laptop,182.0,Autumn,0
2023-10-09,P002,Electronics,Laptop,212.0,Autumn,0
2023-10-16,P002,Electronics,Laptop,189.0,Autumn,0
2023-10-23,P002,Electronics,Laptop,241.0,Autumn,0
2023-10-30,P002,Electronics,Laptop,205.0,Autumn,0
2023-11-06,P002,Electronics,Laptop,907.0,Autumn,1
2023-11-13,P002,Electronics,Laptop,200.0,Autumn,0
2023-11-20,P002,Electronics,Laptop,223.0,Autumn,0
2023-11-27,P002,Electronics,Laptop,192.0,Autumn,0
2023-12-04,P002,Electronics,Laptop,184.0,Winter,0
2023-12-11,P002,Electronics,Laptop,218.0,Winter,0
2023-12-18,P002,Electronics,Laptop,218.0,Winter,0
2023-12-25,P002,Electronics,Laptop,194.0,Winter,0
2024-01-01,P002,Electronics,Laptop,202.0,Winter,0
2024-01-08,P002,Electronics,Laptop,226.0,Winter,0
2024-01-15,P002,Electronics,Laptop,170.0,Winter,0
2024-01-22,P002,Electronics,Laptop,172.0,Winter,0
2024-01-29,P002,Electronics,Laptop,194.0,Winter,0
2024-02-05,P002,Electronics,Laptop,211.0,Winter,0
2024-02-12,P002,Electronics,Laptop,228.0,Winter,0
2024-02-19,P002,Electronics,Laptop,266.0,Winter,0
2024-02-26,P002,Electronics,Laptop,246.0,Winter,0
2024-03-04,P002,Electronics,Laptop,213.0,Summer,0
2024-03-11,P002,Electronics,Laptop,217.0,Summer,0
2024-03-18,P002,Electronics,Laptop,185.0,Summer,0
2024-03-25,P002,Electronics,Laptop,217.0,Summer,0
2024-04-01,P002,Electronics,Laptop,208.0,Summer,0
2024-04-08,P002,Electronics,Laptop,228.0,Summer,0
2024-04-15,P002,Electronics,Laptop,191.0,Summer,0
2024-04-22,P002,Electronics,Laptop,235.0,Summer,0
2024-04-29,P002,Electronics,Laptop,268.0,Summer,0
2024-05-06,P002,Electronics,Laptop,214.0,Summer,0
2024-05-13,P002,Electronics,Laptop,231.0,Summer,0
2024-05-20,P002,Electronics,Laptop,241.0,Summer,0
2024-05-27,P002,Electronics,Laptop,205.0,Summer,0
2024-06-03,P002,Electronics,Laptop,225.0,Summer,0
2024-06-10,P002,Electronics,Laptop,218.0,Summer,0
2024-06-17,P002,Electronics,Laptop,221.0,Summer,0
2024-06-24,P002,Electronics,Laptop,193.0,Summer,0
2024-07-01,P002,Electronics,Laptop,219.0,Monsoon,0
2024-07-08,P002,Electronics,Laptop,234.0,Monsoon,0
2024-07-15,P002,Electronics,Laptop,265.0,Monsoon,0
2024-07-22,P002,Electronics,Laptop,249.0,Monsoon,0
2024-07-29,P002,Electronics,Laptop,288.0,Monsoon,0
2024-08-05,P002,Electronics,Laptop,193.0,Monsoon,0
2024-08-12,P002,Electronics,Laptop,246.0,Monsoon,0
2024-08-19,P002,Electronics,Laptop,224.0,Monsoon,0
2024-08-26,P002,Electronics,Laptop,290.0,Monsoon,0
2024-09-02,P002,Electronics,Laptop,191.0,Monsoon,0
2024-09-09,P002,Electronics,Laptop,190.0,Monsoon,0
2024-09-16,P002,Electronics,Laptop,198.0,Monsoon,0
2024-09-23,P002,Electronics,Laptop,148.0,Monsoon,0
2024-09-30,P002,Electronics,Laptop,201.0,Monsoon,0
2024-10-07,P002,Electronics,Laptop,193.0,Autumn,0
2024-10-14,P002,Electronics,Laptop,223.0,Autumn,0
2024-10-21,P002,Electronics,Laptop,229.0,Autumn,0
2024-10-28,P002,Electronics,Laptop,1309.0,Autumn,1
2024-11-04,P002,Electronics,Laptop,249.0,Autumn,0
2024-11-11,P002,Electronics,Laptop,199.0,Autumn,0
2024-11-18,P002,Electronics,Laptop,188.0,Autumn,0
2024-11-25,P002,Electronics,Laptop,234.0,Autumn,0
2024-12-02,P002,Electronics,Laptop,175.0,Winter,0
2024-12-09,P002,Electronics,Laptop,278.0,Winter,0
2024-12-16,P002,Electronics,Laptop,257.0,Winter,0
2024-12-23,P002,Electronics,Laptop,203.0,Winter,0
2021-01-04,P003,Electronics,LED TV,66.0,Winter,0
2021-01-11,P003,Electronics,LED TV,108.0,Winter,0
2021-01-18,P003,Electronics,LED TV,88.0,Winter,0
2021-01-25,P003,Electronics,LED TV,106.0,Winter,0
2021-02-01,P003,Electronics,LED TV,68.0,Winter,0
2021-02-08,P003,Electronics,LED TV,81.0,Winter,0
2021-02-15,P003,Electronics,LED TV,90.0,Winter,0
2021-02-22,P003,Electronics,LED TV,90.0,Winter,0
2021-03-01,P003,Electronics,LED TV,83.0,Summer,0
2021-03-08,P003,Electronics,LED TV,98.0,Summer,0
2021-03-15,P003,Electronics,LED TV,75.0,Summer,0
2021-03-22,P003,Electronics,LED TV,88.0,Summer,0
2021-03-29,P003,Electronics,LED TV,91.0,Summer,0
2021-04-05,P003,Electronics,LED TV,96.0,Summer,0
2021-04-12,P003,Electronics,LED TV,99.0,Summer,0
2021-04-19,P003,Electronics,LED TV,74.0,Summer,0
2021-04-26,P003,Electronics,LED TV,69.0,Summer,0
2021-05-03,P003,Electronics,LED TV,107.0,Summer,0
2021-05-10,P003,Electronics,LED TV,94.0,Summer,0
2021-05-17,P003,Electronics,LED TV,79.0,Summer,0
2021-05-24,P003,Electronics,LED TV,110.0,Summer,0
2021-05-31,P003,Electronics,LED TV,91.0,Summer,0
2021-06-07,P003,Electronics,LED TV,105.0,Summer,0
2021-06-14,P003,Electronics,LED TV,90.0,Summer,0
2021-06-21,P003,Electronics,LED TV,117.0,Summer,0
2021-06-28,P003,Electronics,LED TV,113.0,Summer,0
2021-07-05,P003,Electronics,LED TV,86.0,Monsoon,0
2021-07-12,P003,Electronics,LED TV,103.0,Monsoon,0
2021-07-19,P003,Electronics,LED TV,98.0,Monsoon,0
2021-07-26,P003,Electronics,LED TV,108.0,Monsoon,0
2021-08-02,P003,Electronics,LED TV,76.0,Monsoon,0
2021-08-09,P003,Electronics,LED TV,99.0,Monsoon,0
2021-08-16,P003,Electronics,LED TV,104.0,Monsoon,0
2021-08-23,P003,Electronics,LED TV,66.0,Monsoon,0
2021-08-30,P003,Electronics,LED TV,74.0,Monsoon,0
2021-09-06,P003,Electronics,LED TV,62.0,Monsoon,0
2021-09-13,P003,Electronics,LED TV,86.0,Monsoon,0
2021-09-20,P003,Electronics,LED TV,99.0,Monsoon,0
2021-09-27,P003,Electronics,LED TV,110.0,Monsoon,0
2021-10-04,P003,Electronics,LED TV,91.0,Autumn,0
2021-10-11,P003,Electronics,LED TV,111.0,Autumn,0
2021-10-18,P003,Electronics,LED TV,71.0,Autumn,0
2021-10-25,P003,Electronics,LED TV,67.0,Autumn,0
2021-11-01,P003,Electronics,LED TV,381.0,Autumn,1
2021-11-08,P003,Electronics,LED TV,95.0,Autumn,0
2021-11-15,P003,Electronics,LED TV,89.0,Autumn,0
2021-11-22,P003,Electronics,LED TV,62.0,Autumn,0
2021-11-29,P003,Electronics,LED TV,88.0,Autumn,0
2021-12-06,P003,Electronics,LED TV,72.0,Winter,0
2021-12-13,P003,Electronics,LED TV,99.0,Winter,0
2021-12-20,P003,Electronics,LED TV,94.0,Winter,0
2021-12-27,P003,Electronics,LED TV,77.0,Winter,0
2022-01-03,P003,Electronics,LED TV,86.0,Winter,0
2022-01-10,P003,Electronics,LED TV,78.0,Winter,0
2022-01-17,P003,Electronics,LED TV,92.0,Winter,0
2022-01-24,P003,Electronics,LED TV,107.0,Winter,0
2022-01-31,P003,Electronics,LED TV,79.0,Winter,0
2022-02-07,P003,Electronics,LED TV,100.0,Winter,0
2022-02-14,P003,Electronics,LED TV,86.0,Winter,0
2022-02-21,P003,Electronics,LED TV,82.0,Winter,0
2022-02-28,P003,Electronics,LED TV,92.0,Winter,0
2022-03-07,P003,Electronics,LED TV,79.0,Summer,0
2022-03-14,P003,Electronics,LED TV,85.0,Summer,0
2022-03-21,P003,Electronics,LED TV,76.0,Summer,0
2022-03-28,P003,Electronics,LED TV,121.0,Summer,0
2022-04-04,P003,Electronics,LED TV,94.0,Summer,0
2022-04-11,P003,Electronics,LED TV,83.0,Summer,0
2022-04-18,P003,Electronics,LED TV,96.0,Summer,0
2022-04-25,P003,Electronics,LED TV,92.0,Summer,0
2022-05-02,P003,Electronics,LED TV,90.0,Summer,0
2022-05-09,P003,Electronics,LED TV,102.0,Summer,0
2022-05-16,P003,Electronics,LED TV,104.0,Summer,0
2022-05-23,P003,Electronics,LED TV,86.0,Summer,0
2022-05-30,P003,Electronics,LED TV,85.0,Summer,0
2022-06-06,P003,Electronics,LED TV,89.0,Summer,0
2022-06-13,P003,Electronics,LED TV,61.0,Summer,0
2022-06-20,P003,Electronics,LED TV,72.0,Summer,0
2022-06-27,P003,Electronics,LED TV,112.0,Summer,0
2022-07-04,P003,Electronics,LED TV,116.0,Monsoon,0
2022-07-11,P003,Electronics,LED TV,90.0,Monsoon,0
2022-07-18,P003,Electronics,LED TV,101.0,Monsoon,0
2022-07-25,P003,Electronics,LED TV,97.0,Monsoon,0
2022-08-01,P003,Electronics,LED TV,136.0,Monsoon,0
2022-08-08,P003,Electronics,LED TV,109.0,Monsoon,0
2022-08-15,P003,Electronics,LED TV,91.0,Monsoon,0
2022-08-22,P003,Electronics,LED TV,80.0,Monsoon,0
2022-08-29,P003,Electronics,LED TV,71.0,Monsoon,0
2022-09-05,P003,Electronics,LED TV,96.0,Monsoon,0
2022-09-12,P003,Electronics,LED TV,82.0,Monsoon,0
2022-09-19,P003,Electronics,LED TV,73.0,Monsoon,0
2022-09-26,P003,Electronics,LED TV,84.0,Monsoon,0
2022-10-03,P003,Electronics,LED TV,78.0,Autumn,0
2022-10-10,P003,Electronics,LED TV,117.0,Autumn,0
2022-10-17,P003,Electronics,LED TV,105.0,Autumn,0
2022-10-24,P003,Electronics,LED TV,496.0,Autumn,1
2022-10-31,P003,Electronics,LED TV,114.0,Autumn,0
2022-11-07,P003,Electronics,LED TV,94.0,Autumn,0
2022-11-14,P003,Electronics,LED TV,81.0,Autumn,0
2022-11-21,P003,Electronics,LED TV,114.0,Autumn,0
2022-11-28,P003,Electronics,LED TV,101.0,Autumn,0
2022-12-05,P003,Electronics,LED TV,79.0,Winter,0
2022-12-12,P003,Electronics,LED TV,90.0,Winter,0
2022-12-19,P003,Electronics,LED TV,81.0,Winter,0
2022-12-26,P003,Electronics,LED TV,74.0,Winter,0
2023-01-02,P003,Electronics,LED TV,110.0,Winter,0
2023-01-09,P003,Electronics,LED TV,125.0,Winter,0
2023-01-16,P003,Electronics,LED TV,76.0,Winter,0
2023-01-23,P003,Electronics,LED TV,105.0,Winter,0
2023-01-30,P003,Electronics,LED TV,87.0,Winter,0
2023-02-06,P003,Electronics,LED TV,90.0,Winter,0
2023-02-13,P003,Electronics,LED TV,88.0,Winter,0
2023-02-20,P003,Electronics,LED TV,84.0,Winter,0
2023-02-27,P003,Electronics,LED TV,97.0,Winter,0
2023-03-06,P003,Electronics,LED TV,85.0,Summer,0
2023-03-13,P003,Electronics,LED TV,101.0,Summer,0
2023-03-20,P003,Electronics,LED TV,96.0,Summer,0
2023-03-27,P003,Electronics,LED TV,93.0,Summer,0
2023-04-03,P003,Electronics,LED TV,83.0,Summer,0
2023-04-10,P003,Electronics,LED TV,88.0,Summer,0
2023-04-17,P003,Electronics,LED TV,108.0,Summer,0
2023-04-24,P003,Electronics,LED TV,104.0,Summer,0
2023-05-01,P003,Electronics,LED TV,82.0,Summer,0
2023-05-08,P003,Electronics,LED TV,98.0,Summer,0
2023-05-15,P003,Electronics,LED TV,108.0,Summer,0
2023-05-22,P003,Electronics,LED TV,72.0,Summer,0
2023-05-29,P003,Electronics,LED TV,105.0,Summer,0
2023-06-05,P003,Electronics,LED TV,87.0,Summer,0
2023-06-12,P003,Electronics,LED TV,105.0,Summer,0
2023-06-19,P003,Electronics,LED TV,86.0,Summer,0
2023-06-26,P003,Electronics,LED TV,70.0,Summer,0
2023-07-03,P003,Electronics,LED TV,73.0,Monsoon,0
2023-07-10,P003,Electronics,LED TV,97.0,Monsoon,0
2023-07-17,P003,Electronics,LED TV,100.0,Monsoon,0
2023-07-24,P003,Electronics,LED TV,84.0,Monsoon,0
2023-07-31,P003,Electronics,LED TV,106.0,Monsoon,0
2023-08-07,P003,Electronics,LED TV,72.0,Monsoon,0
2023-08-14,P003,Electronics,LED TV,96.0,Monsoon,0
2023-08-21,P003,Electronics,LED TV,79.0,Monsoon,0
2023-08-28,P003,Electronics,LED TV,87.0,Monsoon,0
2023-09-04,P003,Electronics,LED TV,97.0,Monsoon,0
2023-09-11,P003,Electronics,LED TV,84.0,Monsoon,0
2023-09-18,P003,Electronics,LED TV,91.0,Monsoon,0
2023-09-25,P003,Electronics,LED TV,111.0,Monsoon,0
2023-10-02,P003,Electronics,LED TV,88.0,Autumn,0
2023-10-09,P003,Electronics,LED TV,109.0,Autumn,0
2023-10-16,P003,Electronics,LED TV,80.0,Autumn,0
2023-10-23,P003,Electronics,LED TV,104.0,Autumn,0
2023-10-30,P003,Electronics,LED TV,118.0,Autumn,0
2023-11-06,P003,Electronics,LED TV,300.0,Autumn,1
2023-11-13,P003,Electronics,LED TV,85.0,Autumn,0
2023-11-20,P003,Electronics,LED TV,105.0,Autumn,0
2023-11-27,P003,Electronics,LED TV,94.0,Autumn,0
2023-12-04,P003,Electronics,LED TV,102.0,Winter,0
2023-12-11,P003,Electronics,LED TV,88.0,Winter,0
2023-12-18,P003,Electronics,LED TV,98.0,Winter,0
2023-12-25,P003,Electronics,LED TV,94.0,Winter,0
2024-01-01,P003,Electronics,LED TV,118.0,Winter,0
2024-01-08,P003,Electronics,LED TV,104.0,Winter,0
2024-01-15,P003,Electronics,LED TV,105.0,Winter,0
2024-01-22,P003,Electronics,LED TV,94.0,Winter,0
2024-01-29,P003,Electronics,LED TV,93.0,Winter,0
2024-02-05,P003,Electronics,LED TV,94.0,Winter,0
2024-02-12,P003,Electronics,LED TV,106.0,Winter,0
2024-02-19,P003,Electronics,LED TV,94.0,Winter,0
2024-02-26,P003,Electronics,LED TV,105.0,Winter,0
2024-03-04,P003,Electronics,LED TV,132.0,Summer,0
2024-03-11,P003,Electronics,LED TV,113.0,Summer,0
2024-03-18,P003,Electronics,LED TV,95.0,Summer,0
2024-03-25,P003,Electronics,LED TV,118.0,Summer,0
2024-04-01,P003,Electronics,LED TV,94.0,Summer,0
2024-04-08,P003,Electronics,LED TV,69.0,Summer,0
2024-04-15,P003,Electronics,LED TV,85.0,Summer,0
2024-04-22,P003,Electronics,LED TV,72.0,Summer,0
2024-04-29,P003,Electronics,LED TV,95.0,Summer,0
2024-05-06,P003,Electronics,LED TV,101.0,Summer,0
2024-05-13,P003,Electronics,LED TV,126.0,Summer,0
2024-05-20,P003,Electronics,LED TV,105.0,Summer,0
2024-05-27,P003,Electronics,LED TV,97.0,Summer,0
2024-06-03,P003,Electronics,LED TV,113.0,Summer,0
2024-06-10,P003,Electronics,LED TV,67.0,Summer,0
2024-06-17,P003,Electronics,LED TV,104.0,Summer,0
2024-06-24,P003,Electronics,LED TV,112.0,Summer,0
2024-07-01,P003,Electronics,LED TV,78.0,Monsoon,0
2024-07-08,P003,Electronics,LED TV,118.0,Monsoon,0
2024-07-15,P003,Electronics,LED TV,105.0,Monsoon,0
2024-07-22,P003,Electronics,LED TV,94.0,Monsoon,0
2024-07-29,P003,Electronics,LED TV,110.0,Monsoon,0
2024-08-05,P003,Electronics,LED TV,135.0,Monsoon,0
2024-08-12,P003,Electronics,LED TV,103.0,Monsoon,0
2024-08-19,P003,Electronics,LED TV,104.0,Monsoon,0
2024-08-26,P003,Electronics,LED TV,93.0,Monsoon,0
2024-09-02,P003,Electronics,LED TV,87.0,Monsoon,0
2024-09-09,P003,Electronics,LED TV,113.0,Monsoon,0
2024-09-16,P003,Electronics,LED TV,87.0,Monsoon,0
2024-09-23,P003,Electronics,LED TV,101.0,Monsoon,0
2024-09-30,P003,Electronics,LED TV,93.0,Monsoon,0
2024-10-07,P003,Electronics,LED TV,108.0,Autumn,0
2024-10-14,P003,Electronics,LED TV,105.0,Autumn,0
2024-10-21,P003,Electronics,LED TV,116.0,Autumn,0
2024-10-28,P003,Electronics,LED TV,435.0,Autumn,1
2024-11-04,P003,Electronics,LED TV,96.0,Autumn,0
2024-11-11,P003,Electronics,LED TV,86.0,Autumn,0
2024-11-18,P003,Electronics,LED TV,94.0,Autumn,0
2024-11-25,P003,Electronics,LED TV,106.0,Autumn,0
2024-12-02,P003,Electronics,LED TV,112.0,Winter,0
2024-12-09,P003,Electronics,LED TV,86.0,Winter,0
2024-12-16,P003,Electronics,LED TV,113.0,Winter,0
2024-12-23,P003,Electronics,LED TV,121.0,Winter,0
2021-01-04,P004,Electronics,Air Conditioner,183.0,Winter,0
2021-01-11,P004,Electronics,Air Conditioner,253.0,Winter,0
2021-01-18,P004,Electronics,Air Conditioner,204.0,Winter,0
2021-01-25,P004,Electronics,Air Conditioner,224.0,Winter,0
2021-02-01,P004,Electronics,Air Conditioner,249.0,Winter,0
2021-02-08,P004,Electronics,Air Conditioner,273.0,Winter,0
2021-02-15,P004,Electronics,Air Conditioner,210.0,Winter,0
2021-02-22,P004,Electronics,Air Conditioner,158.0,Winter,0
2021-03-01,P004,Electronics,Air Conditioner,623.0,Summer,0
2021-03-08,P004,Electronics,Air Conditioner,848.0,Summer,0
2021-03-15,P004,Electronics,Air Conditioner,589.0,Summer,0
2021-03-22,P004,Electronics,Air Conditioner,611.0,Summer,0
2021-03-29,P004,Electronics,Air Conditioner,769.0,Summer,0
2021-04-05,P004,Electronics,Air Conditioner,661.0,Summer,0
2021-04-12,P004,Electronics,Air Conditioner,627.0,Summer,0
2021-04-19,P004,Electronics,Air Conditioner,647.0,Summer,0
2021-04-26,P004,Electronics,Air Conditioner,630.0,Summer,0
2021-05-03,P004,Electronics,Air Conditioner,503.0,Summer,0
2021-05-10,P004,Electronics,Air Conditioner,485.0,Summer,0
2021-05-17,P004,Electronics,Air Conditioner,779.0,Summer,0
2021-05-24,P004,Electronics,Air Conditioner,624.0,Summer,0
2021-05-31,P004,Electronics,Air Conditioner,616.0,Summer,0
2021-06-07,P004,Electronics,Air Conditioner,599.0,Summer,0
2021-06-14,P004,Electronics,Air Conditioner,678.0,Summer,0
2021-06-21,P004,Electronics,Air Conditioner,838.0,Summer,0
2021-06-28,P004,Electronics,Air Conditioner,655.0,Summer,0
2021-07-05,P004,Electronics,Air Conditioner,221.0,Monsoon,0
2021-07-12,P004,Electronics,Air Conditioner,238.0,Monsoon,0
2021-07-19,P004,Electronics,Air Conditioner,282.0,Monsoon,0
2021-07-26,P004,Electronics,Air Conditioner,221.0,Monsoon,0
2021-08-02,P004,Electronics,Air Conditioner,274.0,Monsoon,0
2021-08-09,P004,Electronics,Air Conditioner,158.0,Monsoon,0
2021-08-16,P004,Electronics,Air Conditioner,234.0,Monsoon,0
2021-08-23,P004,Electronics,Air Conditioner,265.0,Monsoon,0
2021-08-30,P004,Electronics,Air Conditioner,289.0,Monsoon,0
2021-09-06,P004,Electronics,Air Conditioner,213.0,Monsoon,0
2021-09-13,P004,Electronics,Air Conditioner,188.0,Monsoon,0
2021-09-20,P004,Electronics,Air Conditioner,233.0,Monsoon,0
2021-09-27,P004,Electronics,Air Conditioner,201.0,Monsoon,0
2021-10-04,P004,Electronics,Air Conditioner,237.0,Autumn,0
2021-10-11,P004,Electronics,Air Conditioner,242.0,Autumn,0
2021-10-18,P004,Electronics,Air Conditioner,194.0,Autumn,0
2021-10-25,P004,Electronics,Air Conditioner,272.0,Autumn,0
2021-11-01,P004,Electronics,Air Conditioner,1014.0,Autumn,1
2021-11-08,P004,Electronics,Air Conditioner,282.0,Autumn,0
2021-11-15,P004,Electronics,Air Conditioner,175.0,Autumn,0
2021-11-22,P004,Electronics,Air Conditioner,205.0,Autumn,0
2021-11-29,P004,Electronics,Air Conditioner,261.0,Autumn,0
2021-12-06,P004,Electronics,Air Conditioner,213.0,Winter,0
2021-12-13,P004,Electronics,Air Conditioner,237.0,Winter,0
2021-12-20,P004,Electronics,Air Conditioner,243.0,Winter,0
2021-12-27,P004,Electronics,Air Conditioner,248.0,Winter,0
2022-01-03,P004,Electronics,Air Conditioner,227.0,Winter,0
2022-01-10,P004,Electronics,Air Conditioner,258.0,Winter,0
2022-01-17,P004,Electronics,Air Conditioner,223.0,Winter,0
2022-01-24,P004,Electronics,Air Conditioner,278.0,Winter,0
2022-01-31,P004,Electronics,Air Conditioner,248.0,Winter,0
2022-02-07,P004,Electronics,Air Conditioner,258.0,Winter,0
2022-02-14,P004,Electronics,Air Conditioner,350.0,Winter,0
2022-02-21,P004,Electronics,Air Conditioner,210.0,Winter,0
2022-02-28,P004,Electronics,Air Conditioner,305.0,Winter,0
2022-03-07,P004,Electronics,Air Conditioner,379.0,Summer,0
2022-03-14,P004,Electronics,Air Conditioner,434.0,Summer,0
2022-03-21,P004,Electronics,Air Conditioner,514.0,Summer,0
2022-03-28,P004,Electronics,Air Conditioner,520.0,Summer,0
2022-04-04,P004,Electronics,Air Conditioner,651.0,Summer,0
2022-04-11,P004,Electronics,Air Conditioner,659.0,Summer,0
2022-04-18,P004,Electronics,Air Conditioner,607.0,Summer,0
2022-04-25,P004,Electronics,Air Conditioner,617.0,Summer,0
2022-05-02,P004,Electronics,Air Conditioner,681.0,Summer,0
2022-05-09,P004,Electronics,Air Conditioner,710.0,Summer,0
2022-05-16,P004,Electronics,Air Conditioner,506.0,Summer,0
2022-05-23,P004,Electronics,Air Conditioner,597.0,Summer,0
2022-05-30,P004,Electronics,Air Conditioner,625.0,Summer,0
2022-06-06,P004,Electronics,Air Conditioner,677.0,Summer,0
2022-06-13,P004,Electronics,Air Conditioner,558.0,Summer,0
2022-06-20,P004,Electronics,Air Conditioner,623.0,Summer,0
2022-06-27,P004,Electronics,Air Conditioner,634.0,Summer,0
2022-07-04,P004,Electronics,Air Conditioner,226.0,Monsoon,0
2022-07-11,P004,Electronics,Air Conditioner,225.0,Monsoon,0
2022-07-18,P004,Electronics,Air Conditioner,256.0,Monsoon,0
2022-07-25,P004,Electronics,Air Conditioner,247.0,Monsoon,0
2022-08-01,P004,Electronics,Air Conditioner,271.0,Monsoon,0
2022-08-08,P004,Electronics,Air Conditioner,212.0,Monsoon,0
2022-08-15,P004,Electronics,Air Conditioner,239.0,Monsoon,0
2022-08-22,P004,Electronics,Air Conditioner,244.0,Monsoon,0
2022-08-29,P004,Electronics,Air Conditioner,283.0,Monsoon,0
2022-09-05,P004,Electronics,Air Conditioner,217.0,Monsoon,0
2022-09-12,P004,Electronics,Air Conditioner,261.0,Monsoon,0
2022-09-19,P004,Electronics,Air Conditioner,262.0,Monsoon,0
2022-09-26,P004,Electronics,Air Conditioner,315.0,Monsoon,0
2022-10-03,P004,Electronics,Air Conditioner,214.0,Autumn,0
2022-10-10,P004,Electronics,Air Conditioner,227.0,Autumn,0
2022-10-17,P004,Electronics,Air Conditioner,217.0,Autumn,0
2022-10-24,P004,Electronics,Air Conditioner,1006.0,Autumn,1
2022-10-31,P004,Electronics,Air Conditioner,319.0,Autumn,0
2022-11-07,P004,Electronics,Air Conditioner,205.0,Autumn,0
2022-11-14,P004,Electronics,Air Conditioner,221.0,Autumn,0
2022-11-21,P004,Electronics,Air Conditioner,302.0,Autumn,0
2022-11-28,P004,Electronics,Air Conditioner,186.0,Autumn,0
2022-12-05,P004,Electronics,Air Conditioner,281.0,Winter,0
2022-12-12,P004,Electronics,Air Conditioner,199.0,Winter,0
2022-12-19,P004,Electronics,Air Conditioner,299.0,Winter,0
2022-12-26,P004,Electronics,Air Conditioner,170.0,Winter,0
2023-01-02,P004,Electronics,Air Conditioner,193.0,Winter,0
2023-01-09,P004,Electronics,Air Conditioner,240.0,Winter,0
2023-01-16,P004,Electronics,Air Conditioner,300.0,Winter,0
2023-01-23,P004,Electronics,Air Conditioner,261.0,Winter,0
2023-01-30,P004,Electronics,Air Conditioner,249.0,Winter,0
2023-02-06,P004,Electronics,Air Conditioner,315.0,Winter,0
2023-02-13,P004,Electronics,Air Conditioner,347.0,Winter,0
2023-02-20,P004,Electronics,Air Conditioner,288.0,Winter,0
2023-02-27,P004,Electronics,Air Conditioner,237.0,Winter,0
2023-03-06,P004,Electronics,Air Conditioner,614.0,Summer,0
2023-03-13,P004,Electronics,Air Conditioner,529.0,Summer,0
2023-03-20,P004,Electronics,Air Conditioner,666.0,Summer,0
2023-03-27,P004,Electronics,Air Conditioner,495.0,Summer,0
2023-04-03,P004,Electronics,Air Conditioner,710.0,Summer,0
2023-04-10,P004,Electronics,Air Conditioner,853.0,Summer,0
2023-04-17,P004,Electronics,Air Conditioner,726.0,Summer,0
2023-04-24,P004,Electronics,Air Conditioner,609.0,Summer,0
2023-05-01,P004,Electronics,Air Conditioner,707.0,Summer,0
2023-05-08,P004,Electronics,Air Conditioner,815.0,Summer,0
2023-05-15,P004,Electronics,Air Conditioner,810.0,Summer,0
2023-05-22,P004,Electronics,Air Conditioner,557.0,Summer,0
2023-05-29,P004,Electronics,Air Conditioner,706.0,Summer,0
2023-06-05,P004,Electronics,Air Conditioner,640.0,Summer,0
2023-06-12,P004,Electronics,Air Conditioner,735.0,Summer,0
2023-06-19,P004,Electronics,Air Conditioner,693.0,Summer,0
2023-06-26,P004,Electronics,Air Conditioner,422.0,Summer,0
2023-07-03,P004,Electronics,Air Conditioner,248.0,Monsoon,0
2023-07-10,P004,Electronics,Air Conditioner,270.0,Monsoon,0
2023-07-17,P004,Electronics,Air Conditioner,205.0,Monsoon,0
2023-07-24,P004,Electronics,Air Conditioner,285.0,Monsoon,0
2023-07-31,P004,Electronics,Air Conditioner,202.0,Monsoon,0
2023-08-07,P004,Electronics,Air Conditioner,231.0,Monsoon,0
2023-08-14,P004,Electronics,Air Conditioner,315.0,Monsoon,0
2023-08-21,P004,Electronics,Air Conditioner,227.0,Monsoon,0
2023-08-28,P004,Electronics,Air Conditioner,285.0,Monsoon,0
2023-09-04,P004,Electronics,Air Conditioner,193.0,Monsoon,0
2023-09-11,P004,Electronics,Air Conditioner,344.0,Monsoon,0
2023-09-18,P004,Electronics,Air Conditioner,250.0,Monsoon,0
2023-09-25,P004,Electronics,Air Conditioner,266.0,Monsoon,0
2023-10-02,P004,Electronics,Air Conditioner,269.0,Autumn,0
2023-10-09,P004,Electronics,Air Conditioner,286.0,Autumn,0
2023-10-16,P004,Electronics,Air Conditioner,202.0,Autumn,0
2023-10-23,P004,Electronics,Air Conditioner,262.0,Autumn,0
2023-10-30,P004,Electronics,Air Conditioner,236.0,Autumn,0
2023-11-06,P004,Electronics,Air Conditioner,963.0,Autumn,1
2023-11-13,P004,Electronics,Air Conditioner,301.0,Autumn,0
2023-11-20,P004,Electronics,Air Conditioner,248.0,Autumn,0
2023-11-27,P004,Electronics,Air Conditioner,271.0,Autumn,0
2023-12-04,P004,Electronics,Air Conditioner,269.0,Winter,0
2023-12-11,P004,Electronics,Air Conditioner,249.0,Winter,0
2023-12-18,P004,Electronics,Air Conditioner,340.0,Winter,0
2023-12-25,P004,Electronics,Air Conditioner,260.0,Winter,0
2024-01-01,P004,Electronics,Air Conditioner,208.0,Winter,0
2024-01-08,P004,Electronics,Air Conditioner,255.0,Winter,0
2024-01-15,P004,Electronics,Air Conditioner,292.0,Winter,0
2024-01-22,P004,Electronics,Air Conditioner,293.0,Winter,0
2024-01-29,P004,Electronics,Air Conditioner,227.0,Winter,0
2024-02-05,P004,Electronics,Air Conditioner,310.0,Winter,0
2024-02-12,P004,Electronics,Air Conditioner,200.0,Winter,0
2024-02-19,P004,Electronics,Air Conditioner,318.0,Winter,0
2024-02-26,P004,Electronics,Air Conditioner,218.0,Winter,0
2024-03-04,P004,Electronics,Air Conditioner,657.0,Summer,0
2024-03-11,P004,Electronics,Air Conditioner,789.0,Summer,0
2024-03-18,P004,Electronics,Air Conditioner,692.0,Summer,0
2024-03-25,P004,Electronics,Air Conditioner,763.0,Summer,0
2024-04-01,P004,Electronics,Air Conditioner,743.0,Summer,0
2024-04-08,P004,Electronics,Air Conditioner,811.0,Summer,0
2024-04-15,P004,Electronics,Air Conditioner,788.0,Summer,0
2024-04-22,P004,Electronics,Air Conditioner,634.0,Summer,0
2024-04-29,P004,Electronics,Air Conditioner,744.0,Summer,0
2024-05-06,P004,Electronics,Air Conditioner,524.0,Summer,0
2024-05-13,P004,Electronics,Air Conditioner,674.0,Summer,0
2024-05-20,P004,Electronics,Air Conditioner,763.0,Summer,0
2024-05-27,P004,Electronics,Air Conditioner,694.0,Summer,0
2024-06-03,P004,Electronics,Air Conditioner,725.0,Summer,0
2024-06-10,P004,Electronics,Air Conditioner,658.0,Summer,0
2024-06-17,P004,Electronics,Air Conditioner,795.0,Summer,0
2024-06-24,P004,Electronics,Air Conditioner,672.0,Summer,0
2024-07-01,P004,Electronics,Air Conditioner,253.0,Monsoon,0
2024-07-08,P004,Electronics,Air Conditioner,308.0,Monsoon,0
2024-07-15,P004,Electronics,Air Conditioner,214.0,Monsoon,0
2024-07-22,P004,Electronics,Air Conditioner,292.0,Monsoon,0
2024-07-29,P004,Electronics,Air Conditioner,229.0,Monsoon,0
2024-08-05,P004,Electronics,Air Conditioner,324.0,Monsoon,0
2024-08-12,P004,Electronics,Air Conditioner,261.0,Monsoon,0
2024-08-19,P004,Electronics,Air Conditioner,277.0,Monsoon,0
2024-08-26,P004,Electronics,Air Conditioner,289.0,Monsoon,0
2024-09-02,P004,Electronics,Air Conditioner,193.0,Monsoon,0
2024-09-09,P004,Electronics,Air Conditioner,245.0,Monsoon,0
2024-09-16,P004,Electronics,Air Conditioner,314.0,Monsoon,0
2024-09-23,P004,Electronics,Air Conditioner,307.0,Monsoon,0
2024-09-30,P004,Electronics,Air Conditioner,283.0,Monsoon,0
2024-10-07,P004,Electronics,Air Conditioner,217.0,Autumn,0
2024-10-14,P004,Electronics,Air Conditioner,296.0,Autumn,0
2024-10-21,P004,Electronics,Air Conditioner,301.0,Autumn,0
2024-10-28,P004,Electronics,Air Conditioner,1282.0,Autumn,1
2024-11-04,P004,Electronics,Air Conditioner,322.0,Autumn,0
2024-11-11,P004,Electronics,Air Conditioner,244.0,Autumn,0
2024-11-18,P004,Electronics,Air Conditioner,251.0,Autumn,0
2024-11-25,P004,Electronics,Air Conditioner,170.0,Autumn,0
2024-12-02,P004,Electronics,Air Conditioner,309.0,Winter,0
2024-12-09,P004,Electronics,Air Conditioner,284.0,Winter,0
2024-12-16,P004,Electronics,Air Conditioner,203.0,Winter,0
2024-12-23,P004,Electronics,Air Conditioner,200.0,Winter,0
2021-01-04,P005,Electronics,Refrigerator,152.0,Winter,0
2021-01-11,P005,Electronics,Refrigerator,202.0,Winter,0
2021-01-18,P005,Electronics,Refrigerator,226.0,Winter,0
2021-01-25,P005,Electronics,Refrigerator,235.0,Winter,0
2021-02-01,P005,Electronics,Refrigerator,161.0,Winter,0
2021-02-08,P005,Electronics,Refrigerator,232.0,Winter,0
2021-02-15,P005,Electronics,Refrigerator,204.0,Winter,0
2021-02-22,P005,Electronics,Refrigerator,183.0,Winter,0
2021-03-01,P005,Electronics,Refrigerator,478.0,Summer,0
2021-03-08,P005,Electronics,Refrigerator,593.0,Summer,0
2021-03-15,P005,Electronics,Refrigerator,551.0,Summer,0
2021-03-22,P005,Electronics,Refrigerator,533.0,Summer,0
2021-03-29,P005,Electronics,Refrigerator,549.0,Summer,0
2021-04-05,P005,Electronics,Refrigerator,603.0,Summer,0
2021-04-12,P005,Electronics,Refrigerator,522.0,Summer,0
2021-04-19,P005,Electronics,Refrigerator,534.0,Summer,0
2021-04-26,P005,Electronics,Refrigerator,620.0,Summer,0
2021-05-03,P005,Electronics,Refrigerator,503.0,Summer,0
2021-05-10,P005,Electronics,Refrigerator,579.0,Summer,0
2021-05-17,P005,Electronics,Refrigerator,489.0,Summer,0
2021-05-24,P005,Electronics,Refrigerator,496.0,Summer,0
2021-05-31,P005,Electronics,Refrigerator,521.0,Summer,0
2021-06-07,P005,Electronics,Refrigerator,570.0,Summer,0
2021-06-14,P005,Electronics,Refrigerator,624.0,Summer,0
2021-06-21,P005,Electronics,Refrigerator,537.0,Summer,0
2021-06-28,P005,Electronics,Refrigerator,410.0,Summer,0
2021-07-05,P005,Electronics,Refrigerator,232.0,Monsoon,0
2021-07-12,P005,Electronics,Refrigerator,290.0,Monsoon,0
2021-07-19,P005,Electronics,Refrigerator,215.0,Monsoon,0
2021-07-26,P005,Electronics,Refrigerator,157.0,Monsoon,0
2021-08-02,P005,Electronics,Refrigerator,217.0,Monsoon,0
2021-08-09,P005,Electronics,Refrigerator,211.0,Monsoon,0
2021-08-16,P005,Electronics,Refrigerator,209.0,Monsoon,0
2021-08-23,P005,Electronics,Refrigerator,242.0,Monsoon,0
2021-08-30,P005,Electronics,Refrigerator,255.0,Monsoon,0
2021-09-06,P005,Electronics,Refrigerator,233.0,Monsoon,0
2021-09-13,P005,Electronics,Refrigerator,207.0,Monsoon,0
2021-09-20,P005,Electronics,Refrigerator,247.0,Monsoon,0
2021-09-27,P005,Electronics,Refrigerator,164.0,Monsoon,0
2021-10-04,P005,Electronics,Refrigerator,189.0,Autumn,0
2021-10-11,P005,Electronics,Refrigerator,192.0,Autumn,0
2021-10-18,P005,Electronics,Refrigerator,211.0,Autumn,0
2021-10-25,P005,Electronics,Refrigerator,228.0,Autumn,0
2021-11-01,P005,Electronics,Refrigerator,878.0,Autumn,1
2021-11-08,P005,Electronics,Refrigerator,183.0,Autumn,0
2021-11-15,P005,Electronics,Refrigerator,243.0,Autumn,0
2021-11-22,P005,Electronics,Refrigerator,204.0,Autumn,0
2021-11-29,P005,Electronics,Refrigerator,215.0,Autumn,0
2021-12-06,P005,Electronics,Refrigerator,229.0,Winter,0
2021-12-13,P005,Electronics,Refrigerator,213.0,Winter,0
2021-12-20,P005,Electronics,Refrigerator,213.0,Winter,0
2021-12-27,P005,Electronics,Refrigerator,244.0,Winter,0
2022-01-03,P005,Electronics,Refrigerator,225.0,Winter,0
2022-01-10,P005,Electronics,Refrigerator,249.0,Winter,0
2022-01-17,P005,Electronics,Refrigerator,238.0,Winter,0
2022-01-24,P005,Electronics,Refrigerator,287.0,Winter,0
2022-01-31,P005,Electronics,Refrigerator,234.0,Winter,0
2022-02-07,P005,Electronics,Refrigerator,241.0,Winter,0
2022-02-14,P005,Electronics,Refrigerator,256.0,Winter,0
2022-02-21,P005,Electronics,Refrigerator,222.0,Winter,0
2022-02-28,P005,Electronics,Refrigerator,199.0,Winter,0
2022-03-07,P005,Electronics,Refrigerator,511.0,Summer,0
2022-03-14,P005,Electronics,Refrigerator,512.0,Summer,0
2022-03-21,P005,Electronics,Refrigerator,472.0,Summer,0
2022-03-28,P005,Electronics,Refrigerator,577.0,Summer,0
2022-04-04,P005,Electronics,Refrigerator,499.0,Summer,0
2022-04-11,P005,Electronics,Refrigerator,567.0,Summer,0
2022-04-18,P005,Electronics,Refrigerator,538.0,Summer,0
2022-04-25,P005,Electronics,Refrigerator,547.0,Summer,0
2022-05-02,P005,Electronics,Refrigerator,597.0,Summer,0
2022-05-09,P005,Electronics,Refrigerator,506.0,Summer,0
2022-05-16,P005,Electronics,Refrigerator,604.0,Summer,0
2022-05-23,P005,Electronics,Refrigerator,680.0,Summer,0
2022-05-30,P005,Electronics,Refrigerator,579.0,Summer,0
2022-06-06,P005,Electronics,Refrigerator,486.0,Summer,0
2022-06-13,P005,Electronics,Refrigerator,500.0,Summer,0
2022-06-20,P005,Electronics,Refrigerator,530.0,Summer,0
2022-06-27,P005,Electronics,Refrigerator,502.0,Summer,0
2022-07-04,P005,Electronics,Refrigerator,187.0,Monsoon,0
2022-07-11,P005,Electronics,Refrigerator,225.0,Monsoon,0
2022-07-18,P005,Electronics,Refrigerator,213.0,Monsoon,0
2022-07-25,P005,Electronics,Refrigerator,226.0,Monsoon,0
2022-08-01,P005,Electronics,Refrigerator,259.0,Monsoon,0
2022-08-08,P005,Electronics,Refrigerator,212.0,Monsoon,0
2022-08-15,P005,Electronics,Refrigerator,181.0,Monsoon,0
2022-08-22,P005,Electronics,Refrigerator,207.0,Monsoon,0
2022-08-29,P005,Electronics,Refrigerator,245.0,Monsoon,0
2022-09-05,P005,Electronics,Refrigerator,242.0,Monsoon,0
2022-09-12,P005,Electronics,Refrigerator,237.0,Monsoon,0
2022-09-19,P005,Electronics,Refrigerator,199.0,Monsoon,0
2022-09-26,P005,Electronics,Refrigerator,245.0,Monsoon,0
2022-10-03,P005,Electronics,Refrigerator,252.0,Autumn,0
2022-10-10,P005,Electronics,Refrigerator,197.0,Autumn,0
2022-10-17,P005,Electronics,Refrigerator,219.0,Autumn,0
2022-10-24,P005,Electronics,Refrigerator,1525.0,Autumn,1
2022-10-31,P005,Electronics,Refrigerator,196.0,Autumn,0
2022-11-07,P005,Electronics,Refrigerator,164.0,Autumn,0
2022-11-14,P005,Electronics,Refrigerator,266.0,Autumn,0
2022-11-21,P005,Electronics,Refrigerator,258.0,Autumn,0
2022-11-28,P005,Electronics,Refrigerator,205.0,Autumn,0
2022-12-05,P005,Electronics,Refrigerator,216.0,Winter,0
2022-12-12,P005,Electronics,Refrigerator,179.0,Winter,0
2022-12-19,P005,Electronics,Refrigerator,223.0,Winter,0
2022-12-26,P005,Electronics,Refrigerator,259.0,Winter,0
2023-01-02,P005,Electronics,Refrigerator,210.0,Winter,0
2023-01-09,P005,Electronics,Refrigerator,259.0,Winter,0
2023-01-16,P005,Electronics,Refrigerator,244.0,Winter,0
2023-01-23,P005,Electronics,Refrigerator,248.0,Winter,0
2023-01-30,P005,Electronics,Refrigerator,212.0,Winter,0
2023-02-06,P005,Electronics,Refrigerator,216.0,Winter,0
2023-02-13,P005,Electronics,Refrigerator,165.0,Winter,0
2023-02-20,P005,Electronics,Refrigerator,209.0,Winter,0
2023-02-27,P005,Electronics,Refrigerator,268.0,Winter,0
2023-03-06,P005,Electronics,Refrigerator,492.0,Summer,0
2023-03-13,P005,Electronics,Refrigerator,505.0,Summer,0
2023-03-20,P005,Electronics,Refrigerator,627.0,Summer,0
2023-03-27,P005,Electronics,Refrigerator,606.0,Summer,0
2023-04-03,P005,Electronics,Refrigerator,631.0,Summer,0
2023-04-10,P005,Electronics,Refrigerator,472.0,Summer,0
2023-04-17,P005,Electronics,Refrigerator,792.0,Summer,0
2023-04-24,P005,Electronics,Refrigerator,468.0,Summer,0
2023-05-01,P005,Electronics,Refrigerator,585.0,Summer,0
2023-05-08,P005,Electronics,Refrigerator,558.0,Summer,0
2023-05-15,P005,Electronics,Refrigerator,470.0,Summer,0
2023-05-22,P005,Electronics,Refrigerator,540.0,Summer,0
2023-05-29,P005,Electronics,Refrigerator,574.0,Summer,0
2023-06-05,P005,Electronics,Refrigerator,516.0,Summer,0
2023-06-12,P005,Electronics,Refrigerator,652.0,Summer,0
2023-06-19,P005,Electronics,Refrigerator,558.0,Summer,0
2023-06-26,P005,Electronics,Refrigerator,457.0,Summer,0
2023-07-03,P005,Electronics,Refrigerator,179.0,Monsoon,0
2023-07-10,P005,Electronics,Refrigerator,249.0,Monsoon,0
2023-07-17,P005,Electronics,Refrigerator,177.0,Monsoon,0
2023-07-24,P005,Electronics,Refrigerator,239.0,Monsoon,0
2023-07-31,P005,Electronics,Refrigerator,244.0,Monsoon,0
2023-08-07,P005,Electronics,Refrigerator,194.0,Monsoon,0
2023-08-14,P005,Electronics,Refrigerator,259.0,Monsoon,0
2023-08-21,P005,Electronics,Refrigerator,169.0,Monsoon,0
2023-08-28,P005,Electronics,Refrigerator,239.0,Monsoon,0
2023-09-04,P005,Electronics,Refrigerator,227.0,Monsoon,0
2023-09-11,P005,Electronics,Refrigerator,224.0,Monsoon,0
2023-09-18,P005,Electronics,Refrigerator,188.0,Monsoon,0
2023-09-25,P005,Electronics,Refrigerator,196.0,Monsoon,0
2023-10-02,P005,Electronics,Refrigerator,284.0,Autumn,0
2023-10-09,P005,Electronics,Refrigerator,270.0,Autumn,0
2023-10-16,P005,Electronics,Refrigerator,254.0,Autumn,0
2023-10-23,P005,Electronics,Refrigerator,261.0,Autumn,0
2023-10-30,P005,Electronics,Refrigerator,258.0,Autumn,0
2023-11-06,P005,Electronics,Refrigerator,1071.0,Autumn,1
2023-11-13,P005,Electronics,Refrigerator,230.0,Autumn,0
2023-11-20,P005,Electronics,Refrigerator,178.0,Autumn,0
2023-11-27,P005,Electronics,Refrigerator,225.0,Autumn,0
2023-12-04,P005,Electronics,Refrigerator,269.0,Winter,0
2023-12-11,P005,Electronics,Refrigerator,206.0,Winter,0
2023-12-18,P005,Electronics,Refrigerator,264.0,Winter,0
2023-12-25,P005,Electronics,Refrigerator,232.0,Winter,0
2024-01-01,P005,Electronics,Refrigerator,188.0,Winter,0
2024-01-08,P005,Electronics,Refrigerator,198.0,Winter,0
2024-01-15,P005,Electronics,Refrigerator,270.0,Winter,0
2024-01-22,P005,Electronics,Refrigerator,257.0,Winter,0
2024-01-29,P005,Electronics,Refrigerator,241.0,Winter,0
2024-02-05,P005,Electronics,Refrigerator,227.0,Winter,0
2024-02-12,P005,Electronics,Refrigerator,244.0,Winter,0
2024-02-19,P005,Electronics,Refrigerator,268.0,Winter,0
2024-02-26,P005,Electronics,Refrigerator,290.0,Winter,0
2024-03-04,P005,Electronics,Refrigerator,729.0,Summer,0
2024-03-11,P005,Electronics,Refrigerator,626.0,Summer,0
2024-03-18,P005,Electronics,Refrigerator,578.0,Summer,0
2024-03-25,P005,Electronics,Refrigerator,606.0,Summer,0
2024-04-01,P005,Electronics,Refrigerator,640.0,Summer,0
2024-04-08,P005,Electronics,Refrigerator,639.0,Summer,0
2024-04-15,P005,Electronics,Refrigerator,710.0,Summer,0
2024-04-22,P005,Electronics,Refrigerator,781.0,Summer,0
2024-04-29,P005,Electronics,Refrigerator,575.0,Summer,0
2024-05-06,P005,Electronics,Refrigerator,785.0,Summer,0
2024-05-13,P005,Electronics,Refrigerator,697.0,Summer,0
2024-05-20,P005,Electronics,Refrigerator,584.0,Summer,0
2024-05-27,P005,Electronics,Refrigerator,727.0,Summer,0
2024-06-03,P005,Electronics,Refrigerator,743.0,Summer,0
2024-06-10,P005,Electronics,Refrigerator,552.0,Summer,0
2024-06-17,P005,Electronics,Refrigerator,747.0,Summer,0
2024-06-24,P005,Electronics,Refrigerator,689.0,Summer,0
2024-07-01,P005,Electronics,Refrigerator,321.0,Monsoon,0
2024-07-08,P005,Electronics,Refrigerator,222.0,Monsoon,0
2024-07-15,P005,Electronics,Refrigerator,224.0,Monsoon,0
2024-07-22,P005,Electronics,Refrigerator,165.0,Monsoon,0
2024-07-29,P005,Electronics,Refrigerator,257.0,Monsoon,0
2024-08-05,P005,Electronics,Refrigerator,250.0,Monsoon,0
2024-08-12,P005,Electronics,Refrigerator,217.0,Monsoon,0
2024-08-19,P005,Electronics,Refrigerator,234.0,Monsoon,0
2024-08-26,P005,Electronics,Refrigerator,190.0,Monsoon,0
2024-09-02,P005,Electronics,Refrigerator,280.0,Monsoon,0
2024-09-09,P005,Electronics,Refrigerator,219.0,Monsoon,0
2024-09-16,P005,Electronics,Refrigerator,347.0,Monsoon,0
2024-09-23,P005,Electronics,Refrigerator,231.0,Monsoon,0
2024-09-30,P005,Electronics,Refrigerator,210.0,Monsoon,0
2024-10-07,P005,Electronics,Refrigerator,222.0,Autumn,0
2024-10-14,P005,Electronics,Refrigerator,187.0,Autumn,0
2024-10-21,P005,Electronics,Refrigerator,254.0,Autumn,0
2024-10-28,P005,Electronics,Refrigerator,1040.0,Autumn,1
2024-11-04,P005,Electronics,Refrigerator,277.0,Autumn,0
2024-11-11,P005,Electronics,Refrigerator,227.0,Autumn,0
2024-11-18,P005,Electronics,Refrigerator,286.0,Autumn,0
2024-11-25,P005,Electronics,Refrigerator,264.0,Autumn,0
2024-12-02,P005,Electronics,Refrigerator,238.0,Winter,0
2024-12-09,P005,Electronics,Refrigerator,293.0,Winter,0
2024-12-16,P005,Electronics,Refrigerator,271.0,Winter,0
2024-12-23,P005,Electronics,Refrigerator,342.0,Winter,0
2021-01-04,P006,Electronics,Air Cooler,230.0,Winter,0
2021-01-11,P006,Electronics,Air Cooler,171.0,Winter,0
2021-01-18,P006,Electronics,Air Cooler,213.0,Winter,0
2021-01-25,P006,Electronics,Air Cooler,182.0,Winter,0
2021-02-01,P006,Electronics,Air Cooler,179.0,Winter,0
2021-02-08,P006,Electronics,Air Cooler,208.0,Winter,0
2021-02-15,P006,Electronics,Air Cooler,202.0,Winter,0
2021-02-22,P006,Electronics,Air Cooler,140.0,Winter,0
2021-03-01,P006,Electronics,Air Cooler,561.0,Summer,0
2021-03-08,P006,Electronics,Air Cooler,555.0,Summer,0
2021-03-15,P006,Electronics,Air Cooler,416.0,Summer,0
2021-03-22,P006,Electronics,Air Cooler,487.0,Summer,0
2021-03-29,P006,Electronics,Air Cooler,494.0,Summer,0
2021-04-05,P006,Electronics,Air Cooler,477.0,Summer,0
2021-04-12,P006,Electronics,Air Cooler,422.0,Summer,0
2021-04-19,P006,Electronics,Air Cooler,413.0,Summer,0
2021-04-26,P006,Electronics,Air Cooler,458.0,Summer,0
2021-05-03,P006,Electronics,Air Cooler,540.0,Summer,0
2021-05-10,P006,Electronics,Air Cooler,497.0,Summer,0
2021-05-17,P006,Electronics,Air Cooler,434.0,Summer,0
2021-05-24,P006,Electronics,Air Cooler,513.0,Summer,0
2021-05-31,P006,Electronics,Air Cooler,263.0,Summer,0
2021-06-07,P006,Electronics,Air Cooler,539.0,Summer,0
2021-06-14,P006,Electronics,Air Cooler,339.0,Summer,0
2021-06-21,P006,Electronics,Air Cooler,434.0,Summer,0
2021-06-28,P006,Electronics,Air Cooler,382.0,Summer,0
2021-07-05,P006,Electronics,Air Cooler,148.0,Monsoon,0
2021-07-12,P006,Electronics,Air Cooler,216.0,Monsoon,0
2021-07-19,P006,Electronics,Air Cooler,171.0,Monsoon,0
2021-07-26,P006,Electronics,Air Cooler,193.0,Monsoon,0
2021-08-02,P006,Electronics,Air Cooler,182.0,Monsoon,0
2021-08-09,P006,Electronics,Air Cooler,197.0,Monsoon,0
2021-08-16,P006,Electronics,Air Cooler,186.0,Monsoon,0
2021-08-23,P006,Electronics,Air Cooler,148.0,Monsoon,0
2021-08-30,P006,Electronics,Air Cooler,211.0,Monsoon,0
2021-09-06,P006,Electronics,Air Cooler,170.0,Monsoon,0
2021-09-13,P006,Electronics,Air Cooler,141.0,Monsoon,0
2021-09-20,P006,Electronics,Air Cooler,172.0,Monsoon,0
2021-09-27,P006,Electronics,Air Cooler,225.0,Monsoon,0
2021-10-04,P006,Electronics,Air Cooler,207.0,Autumn,0
2021-10-11,P006,Electronics,Air Cooler,174.0,Autumn,0
2021-10-18,P006,Electronics,Air Cooler,174.0,Autumn,0
2021-10-25,P006,Electronics,Air Cooler,175.0,Autumn,0
2021-11-01,P006,Electronics,Air Cooler,1031.0,Autumn,1
2021-11-08,P006,Electronics,Air Cooler,194.0,Autumn,0
2021-11-15,P006,Electronics,Air Cooler,195.0,Autumn,0
2021-11-22,P006,Electronics,Air Cooler,212.0,Autumn,0
2021-11-29,P006,Electronics,Air Cooler,190.0,Autumn,0
2021-12-06,P006,Electronics,Air Cooler,176.0,Winter,0
2021-12-13,P006,Electronics,Air Cooler,178.0,Winter,0
2021-12-20,P006,Electronics,Air Cooler,182.0,Winter,0
2021-12-27,P006,Electronics,Air Cooler,182.0,Winter,0
2022-01-03,P006,Electronics,Air Cooler,212.0,Winter,0
2022-01-10,P006,Electronics,Air Cooler,192.0,Winter,0
2022-01-17,P006,Electronics,Air Cooler,212.0,Winter,0
2022-01-24,P006,Electronics,Air Cooler,189.0,Winter,0
2022-01-31,P006,Electronics,Air Cooler,193.0,Winter,0
2022-02-07,P006,Electronics,Air Cooler,134.0,Winter,0
2022-02-14,P006,Electronics,Air Cooler,217.0,Winter,0
2022-02-21,P006,Electronics,Air Cooler,201.0,Winter,0
2022-02-28,P006,Electronics,Air Cooler,220.0,Winter,0
2022-03-07,P006,Electronics,Air Cooler,270.0,Summer,0
2022-03-14,P006,Electronics,Air Cooler,628.0,Summer,0
2022-03-21,P006,Electronics,Air Cooler,468.0,Summer,0
2022-03-28,P006,Electronics,Air Cooler,557.0,Summer,0
2022-04-04,P006,Electronics,Air Cooler,403.0,Summer,0
2022-04-11,P006,Electronics,Air Cooler,522.0,Summer,0
2022-04-18,P006,Electronics,Air Cooler,402.0,Summer,0
2022-04-25,P006,Electronics,Air Cooler,433.0,Summer,0
2022-05-02,P006,Electronics,Air Cooler,615.0,Summer,0
2022-05-09,P006,Electronics,Air Cooler,464.0,Summer,0
2022-05-16,P006,Electronics,Air Cooler,494.0,Summer,0
2022-05-23,P006,Electronics,Air Cooler,540.0,Summer,0
2022-05-30,P006,Electronics,Air Cooler,513.0,Summer,0
2022-06-06,P006,Electronics,Air Cooler,489.0,Summer,0
2022-06-13,P006,Electronics,Air Cooler,504.0,Summer,0
2022-06-20,P006,Electronics,Air Cooler,650.0,Summer,0
2022-06-27,P006,Electronics,Air Cooler,474.0,Summer,0
2022-07-04,P006,Electronics,Air Cooler,197.0,Monsoon,0
2022-07-11,P006,Electronics,Air Cooler,221.0,Monsoon,0
2022-07-18,P006,Electronics,Air Cooler,223.0,Monsoon,0
2022-07-25,P006,Electronics,Air Cooler,225.0,Monsoon,0
2022-08-01,P006,Electronics,Air Cooler,209.0,Monsoon,0
2022-08-08,P006,Electronics,Air Cooler,158.0,Monsoon,0
2022-08-15,P006,Electronics,Air Cooler,238.0,Monsoon,0
2022-08-22,P006,Electronics,Air Cooler,158.0,Monsoon,0
2022-08-29,P006,Electronics,Air Cooler,200.0,Monsoon,0
2022-09-05,P006,Electronics,Air Cooler,169.0,Monsoon,0
2022-09-12,P006,Electronics,Air Cooler,189.0,Monsoon,0
2022-09-19,P006,Electronics,Air Cooler,200.0,Monsoon,0
2022-09-26,P006,Electronics,Air Cooler,200.0,Monsoon,0
2022-10-03,P006,Electronics,Air Cooler,203.0,Autumn,0
2022-10-10,P006,Electronics,Air Cooler,237.0,Autumn,0
2022-10-17,P006,Electronics,Air Cooler,204.0,Autumn,0
2022-10-24,P006,Electronics,Air Cooler,979.0,Autumn,1
2022-10-31,P006,Electronics,Air Cooler,219.0,Autumn,0
2022-11-07,P006,Electronics,Air Cooler,225.0,Autumn,0
2022-11-14,P006,Electronics,Air Cooler,156.0,Autumn,0
2022-11-21,P006,Electronics,Air Cooler,208.0,Autumn,0
2022-11-28,P006,Electronics,Air Cooler,211.0,Autumn,0
2022-12-05,P006,Electronics,Air Cooler,182.0,Winter,0
2022-12-12,P006,Electronics,Air Cooler,230.0,Winter,0
2022-12-19,P006,Electronics,Air Cooler,187.0,Winter,0
2022-12-26,P006,Electronics,Air Cooler,194.0,Winter,0
2023-01-02,P006,Electronics,Air Cooler,193.0,Winter,0
2023-01-09,P006,Electronics,Air Cooler,199.0,Winter,0
2023-01-16,P006,Electronics,Air Cooler,166.0,Winter,0
2023-01-23,P006,Electronics,Air Cooler,155.0,Winter,0
2023-01-30,P006,Electronics,Air Cooler,246.0,Winter,0
2023-02-06,P006,Electronics,Air Cooler,173.0,Winter,0
2023-02-13,P006,Electronics,Air Cooler,169.0,Winter,0
2023-02-20,P006,Electronics,Air Cooler,134.0,Winter,0
2023-02-27,P006,Electronics,Air Cooler,179.0,Winter,0
2023-03-06,P006,Electronics,Air Cooler,398.0,Summer,0
2023-03-13,P006,Electronics,Air Cooler,619.0,Summer,0
2023-03-20,P006,Electronics,Air Cooler,572.0,Summer,0
2023-03-27,P006,Electronics,Air Cooler,445.0,Summer,0
2023-04-03,P006,Electronics,Air Cooler,664.0,Summer,0
2023-04-10,P006,Electronics,Air Cooler,569.0,Summer,0
2023-04-17,P006,Electronics,Air Cooler,472.0,Summer,0
2023-04-24,P006,Electronics,Air Cooler,310.0,Summer,0
2023-05-01,P006,Electronics,Air Cooler,667.0,Summer,0
2023-05-08,P006,Electronics,Air Cooler,393.0,Summer,0
2023-05-15,P006,Electronics,Air Cooler,374.0,Summer,0
2023-05-22,P006,Electronics,Air Cooler,573.0,Summer,0
2023-05-29,P006,Electronics,Air Cooler,678.0,Summer,0
2023-06-05,P006,Electronics,Air Cooler,599.0,Summer,0
2023-06-12,P006,Electronics,Air Cooler,538.0,Summer,0
2023-06-19,P006,Electronics,Air Cooler,541.0,Summer,0
2023-06-26,P006,Electronics,Air Cooler,560.0,Summer,0
2023-07-03,P006,Electronics,Air Cooler,221.0,Monsoon,0
2023-07-10,P006,Electronics,Air Cooler,207.0,Monsoon,0
2023-07-17,P006,Electronics,Air Cooler,201.0,Monsoon,0
2023-07-24,P006,Electronics,Air Cooler,196.0,Monsoon,0
2023-07-31,P006,Electronics,Air Cooler,176.0,Monsoon,0
2023-08-07,P006,Electronics,Air Cooler,190.0,Monsoon,0
2023-08-14,P006,Electronics,Air Cooler,148.0,Monsoon,0
2023-08-21,P006,Electronics,Air Cooler,195.0,Monsoon,0
2023-08-28,P006,Electronics,Air Cooler,169.0,Monsoon,0
2023-09-04,P006,Electronics,Air Cooler,165.0,Monsoon,0
2023-09-11,P006,Electronics,Air Cooler,204.0,Monsoon,0
2023-09-18,P006,Electronics,Air Cooler,240.0,Monsoon,0
2023-09-25,P006,Electronics,Air Cooler,226.0,Monsoon,0
2023-10-02,P006,Electronics,Air Cooler,151.0,Autumn,0
2023-10-09,P006,Electronics,Air Cooler,169.0,Autumn,0
2023-10-16,P006,Electronics,Air Cooler,226.0,Autumn,0
2023-10-23,P006,Electronics,Air Cooler,169.0,Autumn,0
2023-10-30,P006,Electronics,Air Cooler,192.0,Autumn,0
2023-11-06,P006,Electronics,Air Cooler,1057.0,Autumn,1
2023-11-13,P006,Electronics,Air Cooler,169.0,Autumn,0
2023-11-20,P006,Electronics,Air Cooler,201.0,Autumn,0
2023-11-27,P006,Electronics,Air Cooler,158.0,Autumn,0
2023-12-04,P006,Electronics,Air Cooler,180.0,Winter,0
2023-12-11,P006,Electronics,Air Cooler,208.0,Winter,0
2023-12-18,P006,Electronics,Air Cooler,151.0,Winter,0
2023-12-25,P006,Electronics,Air Cooler,211.0,Winter,0
2024-01-01,P006,Electronics,Air Cooler,205.0,Winter,0
2024-01-08,P006,Electronics,Air Cooler,223.0,Winter,0
2024-01-15,P006,Electronics,Air Cooler,213.0,Winter,0
2024-01-22,P006,Electronics,Air Cooler,248.0,Winter,0
2024-01-29,P006,Electronics,Air Cooler,209.0,Winter,0
2024-02-05,P006,Electronics,Air Cooler,192.0,Winter,0
2024-02-12,P006,Electronics,Air Cooler,209.0,Winter,0
2024-02-19,P006,Electronics,Air Cooler,222.0,Winter,0
2024-02-26,P006,Electronics,Air Cooler,207.0,Winter,0
2024-03-04,P006,Electronics,Air Cooler,518.0,Summer,0
2024-03-11,P006,Electronics,Air Cooler,460.0,Summer,0
2024-03-18,P006,Electronics,Air Cooler,463.0,Summer,0
2024-03-25,P006,Electronics,Air Cooler,406.0,Summer,0
2024-04-01,P006,Electronics,Air Cooler,650.0,Summer,0
2024-04-08,P006,Electronics,Air Cooler,419.0,Summer,0
2024-04-15,P006,Electronics,Air Cooler,461.0,Summer,0
2024-04-22,P006,Electronics,Air Cooler,459.0,Summer,0
2024-04-29,P006,Electronics,Air Cooler,584.0,Summer,0
2024-05-06,P006,Electronics,Air Cooler,492.0,Summer,0
2024-05-13,P006,Electronics,Air Cooler,611.0,Summer,0
2024-05-20,P006,Electronics,Air Cooler,463.0,Summer,0
2024-05-27,P006,Electronics,Air Cooler,536.0,Summer,0
2024-06-03,P006,Electronics,Air Cooler,450.0,Summer,0
2024-06-10,P006,Electronics,Air Cooler,680.0,Summer,0
2024-06-17,P006,Electronics,Air Cooler,423.0,Summer,0
2024-06-24,P006,Electronics,Air Cooler,539.0,Summer,0
2024-07-01,P006,Electronics,Air Cooler,225.0,Monsoon,0
2024-07-08,P006,Electronics,Air Cooler,218.0,Monsoon,0
2024-07-15,P006,Electronics,Air Cooler,200.0,Monsoon,0
2024-07-22,P006,Electronics,Air Cooler,202.0,Monsoon,0
2024-07-29,P006,Electronics,Air Cooler,207.0,Monsoon,0
2024-08-05,P006,Electronics,Air Cooler,201.0,Monsoon,0
2024-08-12,P006,Electronics,Air Cooler,235.0,Monsoon,0
2024-08-19,P006,Electronics,Air Cooler,274.0,Monsoon,0
2024-08-26,P006,Electronics,Air Cooler,188.0,Monsoon,0
2024-09-02,P006,Electronics,Air Cooler,163.0,Monsoon,0
2024-09-09,P006,Electronics,Air Cooler,203.0,Monsoon,0
2024-09-16,P006,Electronics,Air Cooler,285.0,Monsoon,0
2024-09-23,P006,Electronics,Air Cooler,181.0,Monsoon,0
2024-09-30,P006,Electronics,Air Cooler,256.0,Monsoon,0
2024-10-07,P006,Electronics,Air Cooler,257.0,Autumn,0
2024-10-14,P006,Electronics,Air Cooler,188.0,Autumn,0
2024-10-21,P006,Electronics,Air Cooler,223.0,Autumn,0
2024-10-28,P006,Electronics,Air Cooler,1199.0,Autumn,1
2024-11-04,P006,Electronics,Air Cooler,194.0,Autumn,0
2024-11-11,P006,Electronics,Air Cooler,199.0,Autumn,0
2024-11-18,P006,Electronics,Air Cooler,188.0,Autumn,0
2024-11-25,P006,Electronics,Air Cooler,174.0,Autumn,0
2024-12-02,P006,Electronics,Air Cooler,186.0,Winter,0
2024-12-09,P006,Electronics,Air Cooler,168.0,Winter,0
2024-12-16,P006,Electronics,Air Cooler,207.0,Winter,0
2024-12-23,P006,Electronics,Air Cooler,182.0,Winter,0
2021-01-04,P007,Electronics,Heater,481.0,Winter,0
2021-01-11,P007,Electronics,Heater,538.0,Winter,0
2021-01-18,P007,Electronics,Heater,417.0,Winter,0
2021-01-25,P007,Electronics,Heater,587.0,Winter,0
2021-02-01,P007,Electronics,Heater,654.0,Winter,0
2021-02-08,P007,Electronics,Heater,590.0,Winter,0
2021-02-15,P007,Electronics,Heater,503.0,Winter,0
2021-02-22,P007,Electronics,Heater,401.0,Winter,0
2021-03-01,P007,Electronics,Heater,161.0,Summer,0
2021-03-08,P007,Electronics,Heater,167.0,Summer,0
2021-03-15,P007,Electronics,Heater,208.0,Summer,0
2021-03-22,P007,Electronics,Heater,212.0,Summer,0
2021-03-29,P007,Electronics,Heater,236.0,Summer,0
2021-04-05,P007,Electronics,Heater,152.0,Summer,0
2021-04-12,P007,Electronics,Heater,250.0,Summer,0
2021-04-19,P007,Electronics,Heater,230.0,Summer,0
2021-04-26,P007,Electronics,Heater,198.0,Summer,0
2021-05-03,P007,Electronics,Heater,171.0,Summer,0
2021-05-10,P007,Electronics,Heater,248.0,Summer,0
2021-05-17,P007,Electronics,Heater,199.0,Summer,0
2021-05-24,P007,Electronics,Heater,208.0,Summer,0
2021-05-31,P007,Electronics,Heater,221.0,Summer,0
2021-06-07,P007,Electronics,Heater,180.0,Summer,0
2021-06-14,P007,Electronics,Heater,200.0,Summer,0
2021-06-21,P007,Electronics,Heater,236.0,Summer,0
2021-06-28,P007,Electronics,Heater,232.0,Summer,0
2021-07-05,P007,Electronics,Heater,233.0,Monsoon,0
2021-07-12,P007,Electronics,Heater,172.0,Monsoon,0
2021-07-19,P007,Electronics,Heater,201.0,Monsoon,0
2021-07-26,P007,Electronics,Heater,196.0,Monsoon,0
2021-08-02,P007,Electronics,Heater,222.0,Monsoon,0
2021-08-09,P007,Electronics,Heater,219.0,Monsoon,0
2021-08-16,P007,Electronics,Heater,213.0,Monsoon,0
2021-08-23,P007,Electronics,Heater,286.0,Monsoon,0
2021-08-30,P007,Electronics,Heater,199.0,Monsoon,0
2021-09-06,P007,Electronics,Heater,196.0,Monsoon,0
2021-09-13,P007,Electronics,Heater,172.0,Monsoon,0
2021-09-20,P007,Electronics,Heater,160.0,Monsoon,0
2021-09-27,P007,Electronics,Heater,170.0,Monsoon,0
2021-10-04,P007,Electronics,Heater,186.0,Autumn,0
2021-10-11,P007,Electronics,Heater,250.0,Autumn,0
2021-10-18,P007,Electronics,Heater,210.0,Autumn,0
2021-10-25,P007,Electronics,Heater,215.0,Autumn,0
2021-11-01,P007,Electronics,Heater,880.0,Autumn,1
2021-11-08,P007,Electronics,Heater,220.0,Autumn,0
2021-11-15,P007,Electronics,Heater,252.0,Autumn,0
2021-11-22,P007,Electronics,Heater,146.0,Autumn,0
2021-11-29,P007,Electronics,Heater,247.0,Autumn,0
2021-12-06,P007,Electronics,Heater,325.0,Winter,0
2021-12-13,P007,Electronics,Heater,524.0,Winter,0
2021-12-20,P007,Electronics,Heater,694.0,Winter,0
2021-12-27,P007,Electronics,Heater,575.0,Winter,0
2022-01-03,P007,Electronics,Heater,573.0,Winter,0
2022-01-10,P007,Electronics,Heater,706.0,Winter,0
2022-01-17,P007,Electronics,Heater,486.0,Winter,0
2022-01-24,P007,Electronics,Heater,578.0,Winter,0
2022-01-31,P007,Electronics,Heater,590.0,Winter,0
2022-02-07,P007,Electronics,Heater,500.0,Winter,0
2022-02-14,P007,Electronics,Heater,508.0,Winter,0
2022-02-21,P007,Electronics,Heater,499.0,Winter,0
2022-02-28,P007,Electronics,Heater,550.0,Winter,0
2022-03-07,P007,Electronics,Heater,235.0,Summer,0
2022-03-14,P007,Electronics,Heater,221.0,Summer,0
2022-03-21,P007,Electronics,Heater,240.0,Summer,0
2022-03-28,P007,Electronics,Heater,153.0,Summer,0
2022-04-04,P007,Electronics,Heater,210.0,Summer,0
2022-04-11,P007,Electronics,Heater,183.0,Summer,0
2022-04-18,P007,Electronics,Heater,227.0,Summer,0
2022-04-25,P007,Electronics,Heater,226.0,Summer,0
2022-05-02,P007,Electronics,Heater,213.0,Summer,0
2022-05-09,P007,Electronics,Heater,233.0,Summer,0
2022-05-16,P007,Electronics,Heater,249.0,Summer,0
2022-05-23,P007,Electronics,Heater,215.0,Summer,0
2022-05-30,P007,Electronics,Heater,183.0,Summer,0
2022-06-06,P007,Electronics,Heater,165.0,Summer,0
2022-06-13,P007,Electronics,Heater,218.0,Summer,0
2022-06-20,P007,Electronics,Heater,225.0,Summer,0
2022-06-27,P007,Electronics,Heater,185.0,Summer,0
2022-07-04,P007,Electronics,Heater,241.0,Monsoon,0
2022-07-11,P007,Electronics,Heater,202.0,Monsoon,0
2022-07-18,P007,Electronics,Heater,163.0,Monsoon,0
2022-07-25,P007,Electronics,Heater,258.0,Monsoon,0
2022-08-01,P007,Electronics,Heater,254.0,Monsoon,0
2022-08-08,P007,Electronics,Heater,151.0,Monsoon,0
2022-08-15,P007,Electronics,Heater,199.0,Monsoon,0
2022-08-22,P007,Electronics,Heater,197.0,Monsoon,0
2022-08-29,P007,Electronics,Heater,270.0,Monsoon,0
2022-09-05,P007,Electronics,Heater,214.0,Monsoon,0
2022-09-12,P007,Electronics,Heater,168.0,Monsoon,0
2022-09-19,P007,Electronics,Heater,246.0,Monsoon,0
2022-09-26,P007,Electronics,Heater,177.0,Monsoon,0
2022-10-03,P007,Electronics,Heater,208.0,Autumn,0
2022-10-10,P007,Electronics,Heater,192.0,Autumn,0
2022-10-17,P007,Electronics,Heater,199.0,Autumn,0
2022-10-24,P007,Electronics,Heater,1316.0,Autumn,1
2022-10-31,P007,Electronics,Heater,266.0,Autumn,0
2022-11-07,P007,Electronics,Heater,175.0,Autumn,0
2022-11-14,P007,Electronics,Heater,237.0,Autumn,0
2022-11-21,P007,Electronics,Heater,193.0,Autumn,0
2022-11-28,P007,Electronics,Heater,194.0,Autumn,0
2022-12-05,P007,Electronics,Heater,583.0,Winter,0
2022-12-12,P007,Electronics,Heater,459.0,Winter,0
2022-12-19,P007,Electronics,Heater,581.0,Winter,0
2022-12-26,P007,Electronics,Heater,602.0,Winter,0
2023-01-02,P007,Electronics,Heater,527.0,Winter,0
2023-01-09,P007,Electronics,Heater,676.0,Winter,0
2023-01-16,P007,Electronics,Heater,456.0,Winter,0
2023-01-23,P007,Electronics,Heater,678.0,Winter,0
2023-01-30,P007,Electronics,Heater,399.0,Winter,0
2023-02-06,P007,Electronics,Heater,792.0,Winter,0
2023-02-13,P007,Electronics,Heater,529.0,Winter,0
2023-02-20,P007,Electronics,Heater,465.0,Winter,0
2023-02-27,P007,Electronics,Heater,544.0,Winter,0
2023-03-06,P007,Electronics,Heater,190.0,Summer,0
2023-03-13,P007,Electronics,Heater,238.0,Summer,0
2023-03-20,P007,Electronics,Heater,272.0,Summer,0
2023-03-27,P007,Electronics,Heater,192.0,Summer,0
2023-04-03,P007,Electronics,Heater,245.0,Summer,0
2023-04-10,P007,Electronics,Heater,173.0,Summer,0
2023-04-17,P007,Electronics,Heater,260.0,Summer,0
2023-04-24,P007,Electronics,Heater,239.0,Summer,0
2023-05-01,P007,Electronics,Heater,262.0,Summer,0
2023-05-08,P007,Electronics,Heater,221.0,Summer,0
2023-05-15,P007,Electronics,Heater,210.0,Summer,0
2023-05-22,P007,Electronics,Heater,253.0,Summer,0
2023-05-29,P007,Electronics,Heater,181.0,Summer,0
2023-06-05,P007,Electronics,Heater,166.0,Summer,0
2023-06-12,P007,Electronics,Heater,225.0,Summer,0
2023-06-19,P007,Electronics,Heater,212.0,Summer,0
2023-06-26,P007,Electronics,Heater,244.0,Summer,0
2023-07-03,P007,Electronics,Heater,262.0,Monsoon,0
2023-07-10,P007,Electronics,Heater,243.0,Monsoon,0
2023-07-17,P007,Electronics,Heater,259.0,Monsoon,0
2023-07-24,P007,Electronics,Heater,236.0,Monsoon,0
2023-07-31,P007,Electronics,Heater,242.0,Monsoon,0
2023-08-07,P007,Electronics,Heater,221.0,Monsoon,0
2023-08-14,P007,Electronics,Heater,241.0,Monsoon,0
2023-08-21,P007,Electronics,Heater,231.0,Monsoon,0
2023-08-28,P007,Electronics,Heater,236.0,Monsoon,0
2023-09-04,P007,Electronics,Heater,220.0,Monsoon,0
2023-09-11,P007,Electronics,Heater,253.0,Monsoon,0
2023-09-18,P007,Electronics,Heater,201.0,Monsoon,0
2023-09-25,P007,Electronics,Heater,225.0,Monsoon,0
2023-10-02,P007,Electronics,Heater,270.0,Autumn,0
2023-10-09,P007,Electronics,Heater,193.0,Autumn,0
2023-10-16,P007,Electronics,Heater,152.0,Autumn,0
2023-10-23,P007,Electronics,Heater,238.0,Autumn,0
2023-10-30,P007,Electronics,Heater,217.0,Autumn,0
2023-11-06,P007,Electronics,Heater,1278.0,Autumn,1
2023-11-13,P007,Electronics,Heater,221.0,Autumn,0
2023-11-20,P007,Electronics,Heater,205.0,Autumn,0
2023-11-27,P007,Electronics,Heater,223.0,Autumn,0
2023-12-04,P007,Electronics,Heater,656.0,Winter,0
2023-12-11,P007,Electronics,Heater,613.0,Winter,0
2023-12-18,P007,Electronics,Heater,358.0,Winter,0
2023-12-25,P007,Electronics,Heater,580.0,Winter,0
2024-01-01,P007,Electronics,Heater,605.0,Winter,0
2024-01-08,P007,Electronics,Heater,583.0,Winter,0
2024-01-15,P007,Electronics,Heater,531.0,Winter,0
2024-01-22,P007,Electronics,Heater,690.0,Winter,0
2024-01-29,P007,Electronics,Heater,694.0,Winter,0
2024-02-05,P007,Electronics,Heater,391.0,Winter,0
2024-02-12,P007,Electronics,Heater,515.0,Winter,0
2024-02-19,P007,Electronics,Heater,572.0,Winter,0
2024-02-26,P007,Electronics,Heater,668.0,Winter,0
2024-03-04,P007,Electronics,Heater,235.0,Summer,0
2024-03-11,P007,Electronics,Heater,210.0,Summer,0
2024-03-18,P007,Electronics,Heater,258.0,Summer,0
2024-03-25,P007,Electronics,Heater,226.0,Summer,0
2024-04-01,P007,Electronics,Heater,229.0,Summer,0
2024-04-08,P007,Electronics,Heater,233.0,Summer,0
2024-04-15,P007,Electronics,Heater,254.0,Summer,0
2024-04-22,P007,Electronics,Heater,223.0,Summer,0
2024-04-29,P007,Electronics,Heater,258.0,Summer,0
2024-05-06,P007,Electronics,Heater,231.0,Summer,0
2024-05-13,P007,Electronics,Heater,196.0,Summer,0
2024-05-20,P007,Electronics,Heater,232.0,Summer,0
2024-05-27,P007,Electronics,Heater,198.0,Summer,0
2024-06-03,P007,Electronics,Heater,235.0,Summer,0
2024-06-10,P007,Electronics,Heater,263.0,Summer,0
2024-06-17,P007,Electronics,Heater,196.0,Summer,0
2024-06-24,P007,Electronics,Heater,246.0,Summer,0
2024-07-01,P007,Electronics,Heater,204.0,Monsoon,0
2024-07-08,P007,Electronics,Heater,241.0,Monsoon,0
2024-07-15,P007,Electronics,Heater,264.0,Monsoon,0
2024-07-22,P007,Electronics,Heater,159.0,Monsoon,0
2024-07-29,P007,Electronics,Heater,194.0,Monsoon,0
2024-08-05,P007,Electronics,Heater,221.0,Monsoon,0
2024-08-12,P007,Electronics,Heater,245.0,Monsoon,0
2024-08-19,P007,Electronics,Heater,228.0,Monsoon,0
2024-08-26,P007,Electronics,Heater,232.0,Monsoon,0
2024-09-02,P007,Electronics,Heater,305.0,Monsoon,0
2024-09-09,P007,Electronics,Heater,191.0,Monsoon,0
2024-09-16,P007,Electronics,Heater,273.0,Monsoon,0
2024-09-23,P007,Electronics,Heater,221.0,Monsoon,0
2024-09-30,P007,Electronics,Heater,253.0,Monsoon,0
2024-10-07,P007,Electronics,Heater,308.0,Autumn,0
2024-10-14,P007,Electronics,Heater,258.0,Autumn,0
2024-10-21,P007,Electronics,Heater,247.0,Autumn,0
2024-10-28,P007,Electronics,Heater,1357.0,Autumn,1
2024-11-04,P007,Electronics,Heater,273.0,Autumn,0
2024-11-11,P007,Electronics,Heater,206.0,Autumn,0
2024-11-18,P007,Electronics,Heater,244.0,Autumn,0
2024-11-25,P007,Electronics,Heater,173.0,Autumn,0
2024-12-02,P007,Electronics,Heater,537.0,Winter,0
2024-12-09,P007,Electronics,Heater,612.0,Winter,0
2024-12-16,P007,Electronics,Heater,532.0,Winter,0
2024-12-23,P007,Electronics,Heater,609.0,Winter,0
2021-01-04,P008,Electronics,Smart Watch,129.0,Winter,0
2021-01-11,P008,Electronics,Smart Watch,100.0,Winter,0
2021-01-18,P008,Electronics,Smart Watch,138.0,Winter,0
2021-01-25,P008,Electronics,Smart Watch,143.0,Winter,0
2021-02-01,P008,Electronics,Smart Watch,173.0,Winter,0
2021-02-08,P008,Electronics,Smart Watch,149.0,Winter,0
2021-02-15,P008,Electronics,Smart Watch,92.0,Winter,0
2021-02-22,P008,Electronics,Smart Watch,130.0,Winter,0
2021-03-01,P008,Electronics,Smart Watch,164.0,Summer,0
2021-03-08,P008,Electronics,Smart Watch,141.0,Summer,0
2021-03-15,P008,Electronics,Smart Watch,135.0,Summer,0
2021-03-22,P008,Electronics,Smart Watch,146.0,Summer,0
2021-03-29,P008,Electronics,Smart Watch,116.0,Summer,0
2021-04-05,P008,Electronics,Smart Watch,138.0,Summer,0
2021-04-12,P008,Electronics,Smart Watch,124.0,Summer,0
2021-04-19,P008,Electronics,Smart Watch,128.0,Summer,0
2021-04-26,P008,Electronics,Smart Watch,145.0,Summer,0
2021-05-03,P008,Electronics,Smart Watch,111.0,Summer,0
2021-05-10,P008,Electronics,Smart Watch,153.0,Summer,0
2021-05-17,P008,Electronics,Smart Watch,120.0,Summer,0
2021-05-24,P008,Electronics,Smart Watch,134.0,Summer,0
2021-05-31,P008,Electronics,Smart Watch,101.0,Summer,0
2021-06-07,P008,Electronics,Smart Watch,142.0,Summer,0
2021-06-14,P008,Electronics,Smart Watch,156.0,Summer,0
2021-06-21,P008,Electronics,Smart Watch,119.0,Summer,0
2021-06-28,P008,Electronics,Smart Watch,107.0,Summer,0
2021-07-05,P008,Electronics,Smart Watch,134.0,Monsoon,0
2021-07-12,P008,Electronics,Smart Watch,157.0,Monsoon,0
2021-07-19,P008,Electronics,Smart Watch,100.0,Monsoon,0
2021-07-26,P008,Electronics,Smart Watch,107.0,Monsoon,0
2021-08-02,P008,Electronics,Smart Watch,120.0,Monsoon,0
2021-08-09,P008,Electronics,Smart Watch,113.0,Monsoon,0
2021-08-16,P008,Electronics,Smart Watch,113.0,Monsoon,0
2021-08-23,P008,Electronics,Smart Watch,88.0,Monsoon,0
2021-08-30,P008,Electronics,Smart Watch,140.0,Monsoon,0
2021-09-06,P008,Electronics,Smart Watch,135.0,Monsoon,0
2021-09-13,P008,Electronics,Smart Watch,96.0,Monsoon,0
2021-09-20,P008,Electronics,Smart Watch,157.0,Monsoon,0
2021-09-27,P008,Electronics,Smart Watch,161.0,Monsoon,0
2021-10-04,P008,Electronics,Smart Watch,114.0,Autumn,0
2021-10-11,P008,Electronics,Smart Watch,151.0,Autumn,0
2021-10-18,P008,Electronics,Smart Watch,117.0,Autumn,0
2021-10-25,P008,Electronics,Smart Watch,132.0,Autumn,0
2021-11-01,P008,Electronics,Smart Watch,482.0,Autumn,1
2021-11-08,P008,Electronics,Smart Watch,171.0,Autumn,0
2021-11-15,P008,Electronics,Smart Watch,123.0,Autumn,0
2021-11-22,P008,Electronics,Smart Watch,131.0,Autumn,0
2021-11-29,P008,Electronics,Smart Watch,115.0,Autumn,0
2021-12-06,P008,Electronics,Smart Watch,165.0,Winter,0
2021-12-13,P008,Electronics,Smart Watch,165.0,Winter,0
2021-12-20,P008,Electronics,Smart Watch,160.0,Winter,0
2021-12-27,P008,Electronics,Smart Watch,147.0,Winter,0
2022-01-03,P008,Electronics,Smart Watch,121.0,Winter,0
2022-01-10,P008,Electronics,Smart Watch,150.0,Winter,0
2022-01-17,P008,Electronics,Smart Watch,134.0,Winter,0
2022-01-24,P008,Electronics,Smart Watch,160.0,Winter,0
2022-01-31,P008,Electronics,Smart Watch,156.0,Winter,0
2022-02-07,P008,Electronics,Smart Watch,121.0,Winter,0
2022-02-14,P008,Electronics,Smart Watch,153.0,Winter,0
2022-02-21,P008,Electronics,Smart Watch,147.0,Winter,0
2022-02-28,P008,Electronics,Smart Watch,78.0,Winter,0
2022-03-07,P008,Electronics,Smart Watch,150.0,Summer,0
2022-03-14,P008,Electronics,Smart Watch,125.0,Summer,0
2022-03-21,P008,Electronics,Smart Watch,116.0,Summer,0
2022-03-28,P008,Electronics,Smart Watch,117.0,Summer,0
2022-04-04,P008,Electronics,Smart Watch,131.0,Summer,0
2022-04-11,P008,Electronics,Smart Watch,143.0,Summer,0
2022-04-18,P008,Electronics,Smart Watch,106.0,Summer,0
2022-04-25,P008,Electronics,Smart Watch,137.0,Summer,0
2022-05-02,P008,Electronics,Smart Watch,145.0,Summer,0
2022-05-09,P008,Electronics,Smart Watch,171.0,Summer,0
2022-05-16,P008,Electronics,Smart Watch,112.0,Summer,0
2022-05-23,P008,Electronics,Smart Watch,127.0,Summer,0
2022-05-30,P008,Electronics,Smart Watch,139.0,Summer,0
2022-06-06,P008,Electronics,Smart Watch,157.0,Summer,0
2022-06-13,P008,Electronics,Smart Watch,128.0,Summer,0
2022-06-20,P008,Electronics,Smart Watch,158.0,Summer,0
2022-06-27,P008,Electronics,Smart Watch,95.0,Summer,0
2022-07-04,P008,Electronics,Smart Watch,108.0,Monsoon,0
2022-07-11,P008,Electronics,Smart Watch,141.0,Monsoon,0
2022-07-18,P008,Electronics,Smart Watch,105.0,Monsoon,0
2022-07-25,P008,Electronics,Smart Watch,110.0,Monsoon,0
2022-08-01,P008,Electronics,Smart Watch,123.0,Monsoon,0
2022-08-08,P008,Electronics,Smart Watch,149.0,Monsoon,0
2022-08-15,P008,Electronics,Smart Watch,96.0,Monsoon,0
2022-08-22,P008,Electronics,Smart Watch,137.0,Monsoon,0
2022-08-29,P008,Electronics,Smart Watch,154.0,Monsoon,0
2022-09-05,P008,Electronics,Smart Watch,130.0,Monsoon,0
2022-09-12,P008,Electronics,Smart Watch,126.0,Monsoon,0
2022-09-19,P008,Electronics,Smart Watch,142.0,Monsoon,0
2022-09-26,P008,Electronics,Smart Watch,130.0,Monsoon,0
2022-10-03,P008,Electronics,Smart Watch,162.0,Autumn,0
2022-10-10,P008,Electronics,Smart Watch,111.0,Autumn,0
2022-10-17,P008,Electronics,Smart Watch,133.0,Autumn,0
2022-10-24,P008,Electronics,Smart Watch,734.0,Autumn,1
2022-10-31,P008,Electronics,Smart Watch,126.0,Autumn,0
2022-11-07,P008,Electronics,Smart Watch,76.0,Autumn,0
2022-11-14,P008,Electronics,Smart Watch,130.0,Autumn,0
2022-11-21,P008,Electronics,Smart Watch,152.0,Autumn,0
2022-11-28,P008,Electronics,Smart Watch,149.0,Autumn,0
2022-12-05,P008,Electronics,Smart Watch,141.0,Winter,0
2022-12-12,P008,Electronics,Smart Watch,112.0,Winter,0
2022-12-19,P008,Electronics,Smart Watch,142.0,Winter,0
2022-12-26,P008,Electronics,Smart Watch,122.0,Winter,0
2023-01-02,P008,Electronics,Smart Watch,146.0,Winter,0
2023-01-09,P008,Electronics,Smart Watch,141.0,Winter,0
2023-01-16,P008,Electronics,Smart Watch,118.0,Winter,0
2023-01-23,P008,Electronics,Smart Watch,120.0,Winter,0
2023-01-30,P008,Electronics,Smart Watch,146.0,Winter,0
2023-02-06,P008,Electronics,Smart Watch,134.0,Winter,0
2023-02-13,P008,Electronics,Smart Watch,121.0,Winter,0
2023-02-20,P008,Electronics,Smart Watch,120.0,Winter,0
2023-02-27,P008,Electronics,Smart Watch,132.0,Winter,0
2023-03-06,P008,Electronics,Smart Watch,172.0,Summer,0
2023-03-13,P008,Electronics,Smart Watch,128.0,Summer,0
2023-03-20,P008,Electronics,Smart Watch,139.0,Summer,0
2023-03-27,P008,Electronics,Smart Watch,141.0,Summer,0
2023-04-03,P008,Electronics,Smart Watch,115.0,Summer,0
2023-04-10,P008,Electronics,Smart Watch,102.0,Summer,0
2023-04-17,P008,Electronics,Smart Watch,117.0,Summer,0
2023-04-24,P008,Electronics,Smart Watch,144.0,Summer,0
2023-05-01,P008,Electronics,Smart Watch,141.0,Summer,0
2023-05-08,P008,Electronics,Smart Watch,153.0,Summer,0
2023-05-15,P008,Electronics,Smart Watch,141.0,Summer,0
2023-05-22,P008,Electronics,Smart Watch,137.0,Summer,0
2023-05-29,P008,Electronics,Smart Watch,126.0,Summer,0
2023-06-05,P008,Electronics,Smart Watch,157.0,Summer,0
2023-06-12,P008,Electronics,Smart Watch,120.0,Summer,0
2023-06-19,P008,Electronics,Smart Watch,116.0,Summer,0
2023-06-26,P008,Electronics,Smart Watch,151.0,Summer,0
2023-07-03,P008,Electronics,Smart Watch,111.0,Monsoon,0
2023-07-10,P008,Electronics,Smart Watch,189.0,Monsoon,0
2023-07-17,P008,Electronics,Smart Watch,140.0,Monsoon,0
2023-07-24,P008,Electronics,Smart Watch,146.0,Monsoon,0
2023-07-31,P008,Electronics,Smart Watch,122.0,Monsoon,0
2023-08-07,P008,Electronics,Smart Watch,132.0,Monsoon,0
2023-08-14,P008,Electronics,Smart Watch,130.0,Monsoon,0
2023-08-21,P008,Electronics,Smart Watch,127.0,Monsoon,0
2023-08-28,P008,Electronics,Smart Watch,152.0,Monsoon,0
2023-09-04,P008,Electronics,Smart Watch,129.0,Monsoon,0
2023-09-11,P008,Electronics,Smart Watch,160.0,Monsoon,0
2023-09-18,P008,Electronics,Smart Watch,194.0,Monsoon,0
2023-09-25,P008,Electronics,Smart Watch,133.0,Monsoon,0
2023-10-02,P008,Electronics,Smart Watch,142.0,Autumn,0
2023-10-09,P008,Electronics,Smart Watch,147.0,Autumn,0
2023-10-16,P008,Electronics,Smart Watch,177.0,Autumn,0
2023-10-23,P008,Electronics,Smart Watch,137.0,Autumn,0
2023-10-30,P008,Electronics,Smart Watch,121.0,Autumn,0
2023-11-06,P008,Electronics,Smart Watch,554.0,Autumn,1
2023-11-13,P008,Electronics,Smart Watch,138.0,Autumn,0
2023-11-20,P008,Electronics,Smart Watch,129.0,Autumn,0
2023-11-27,P008,Electronics,Smart Watch,181.0,Autumn,0
2023-12-04,P008,Electronics,Smart Watch,176.0,Winter,0
2023-12-11,P008,Electronics,Smart Watch,117.0,Winter,0
2023-12-18,P008,Electronics,Smart Watch,124.0,Winter,0
2023-12-25,P008,Electronics,Smart Watch,140.0,Winter,0
2024-01-01,P008,Electronics,Smart Watch,174.0,Winter,0
2024-01-08,P008,Electronics,Smart Watch,145.0,Winter,0
2024-01-15,P008,Electronics,Smart Watch,130.0,Winter,0
2024-01-22,P008,Electronics,Smart Watch,143.0,Winter,0
2024-01-29,P008,Electronics,Smart Watch,130.0,Winter,0
2024-02-05,P008,Electronics,Smart Watch,157.0,Winter,0
2024-02-12,P008,Electronics,Smart Watch,129.0,Winter,0
2024-02-19,P008,Electronics,Smart Watch,133.0,Winter,0
2024-02-26,P008,Electronics,Smart Watch,169.0,Winter,0
2024-03-04,P008,Electronics,Smart Watch,127.0,Summer,0
2024-03-11,P008,Electronics,Smart Watch,113.0,Summer,0
2024-03-18,P008,Electronics,Smart Watch,146.0,Summer,0
2024-03-25,P008,Electronics,Smart Watch,136.0,Summer,0
2024-04-01,P008,Electronics,Smart Watch,155.0,Summer,0
2024-04-08,P008,Electronics,Smart Watch,151.0,Summer,0
2024-04-15,P008,Electronics,Smart Watch,143.0,Summer,0
2024-04-22,P008,Electronics,Smart Watch,143.0,Summer,0
2024-04-29,P008,Electronics,Smart Watch,128.0,Summer,0
2024-05-06,P008,Electronics,Smart Watch,146.0,Summer,0
2024-05-13,P008,Electronics,Smart Watch,163.0,Summer,0
2024-05-20,P008,Electronics,Smart Watch,123.0,Summer,0
2024-05-27,P008,Electronics,Smart Watch,144.0,Summer,0
2024-06-03,P008,Electronics,Smart Watch,166.0,Summer,0
2024-06-10,P008,Electronics,Smart Watch,155.0,Summer,0
2024-06-17,P008,Electronics,Smart Watch,172.0,Summer,0
2024-06-24,P008,Electronics,Smart Watch,132.0,Summer,0
2024-07-01,P008,Electronics,Smart Watch,104.0,Monsoon,0
2024-07-08,P008,Electronics,Smart Watch,148.0,Monsoon,0
2024-07-15,P008,Electronics,Smart Watch,152.0,Monsoon,0
2024-07-22,P008,Electronics,Smart Watch,174.0,Monsoon,0
2024-07-29,P008,Electronics,Smart Watch,170.0,Monsoon,0
2024-08-05,P008,Electronics,Smart Watch,156.0,Monsoon,0
2024-08-12,P008,Electronics,Smart Watch,161.0,Monsoon,0
2024-08-19,P008,Electronics,Smart Watch,140.0,Monsoon,0
2024-08-26,P008,Electronics,Smart Watch,118.0,Monsoon,0
2024-09-02,P008,Electronics,Smart Watch,147.0,Monsoon,0
2024-09-09,P008,Electronics,Smart Watch,165.0,Monsoon,0
2024-09-16,P008,Electronics,Smart Watch,158.0,Monsoon,0
2024-09-23,P008,Electronics,Smart Watch,162.0,Monsoon,0
2024-09-30,P008,Electronics,Smart Watch,135.0,Monsoon,0
2024-10-07,P008,Electronics,Smart Watch,138.0,Autumn,0
2024-10-14,P008,Electronics,Smart Watch,154.0,Autumn,0
2024-10-21,P008,Electronics,Smart Watch,132.0,Autumn,0
2024-10-28,P008,Electronics,Smart Watch,623.0,Autumn,1
2024-11-04,P008,Electronics,Smart Watch,150.0,Autumn,0
2024-11-11,P008,Electronics,Smart Watch,160.0,Autumn,0
2024-11-18,P008,Electronics,Smart Watch,140.0,Autumn,0
2024-11-25,P008,Electronics,Smart Watch,119.0,Autumn,0
2024-12-02,P008,Electronics,Smart Watch,128.0,Winter,0
2024-12-09,P008,Electronics,Smart Watch,148.0,Winter,0
2024-12-16,P008,Electronics,Smart Watch,148.0,Winter,0
2024-12-23,P008,Electronics,Smart Watch,149.0,Winter,0
2021-01-04,P009,Electronics,Headphones,105.0,Winter,0
2021-01-11,P009,Electronics,Headphones,124.0,Winter,0
2021-01-18,P009,Electronics,Headphones,107.0,Winter,0
2021-01-25,P009,Electronics,Headphones,147.0,Winter,0
2021-02-01,P009,Electronics,Headphones,108.0,Winter,0
2021-02-08,P009,Electronics,Headphones,131.0,Winter,0
2021-02-15,P009,Electronics,Headphones,113.0,Winter,0
2021-02-22,P009,Electronics,Headphones,130.0,Winter,0
2021-03-01,P009,Electronics,Headphones,115.0,Summer,0
2021-03-08,P009,Electronics,Headphones,101.0,Summer,0
2021-03-15,P009,Electronics,Headphones,134.0,Summer,0
2021-03-22,P009,Electronics,Headphones,120.0,Summer,0
2021-03-29,P009,Electronics,Headphones,130.0,Summer,0
2021-04-05,P009,Electronics,Headphones,116.0,Summer,0
2021-04-12,P009,Electronics,Headphones,100.0,Summer,0
2021-04-19,P009,Electronics,Headphones,145.0,Summer,0
2021-04-26,P009,Electronics,Headphones,138.0,Summer,0
2021-05-03,P009,Electronics,Headphones,114.0,Summer,0
2021-05-10,P009,Electronics,Headphones,126.0,Summer,0
2021-05-17,P009,Electronics,Headphones,144.0,Summer,0
2021-05-24,P009,Electronics,Headphones,116.0,Summer,0
2021-05-31,P009,Electronics,Headphones,119.0,Summer,0
2021-06-07,P009,Electronics,Headphones,129.0,Summer,0
2021-06-14,P009,Electronics,Headphones,116.0,Summer,0
2021-06-21,P009,Electronics,Headphones,141.0,Summer,0
2021-06-28,P009,Electronics,Headphones,121.0,Summer,0
2021-07-05,P009,Electronics,Headphones,110.0,Monsoon,0
2021-07-12,P009,Electronics,Headphones,136.0,Monsoon,0
2021-07-19,P009,Electronics,Headphones,103.0,Monsoon,0
2021-07-26,P009,Electronics,Headphones,162.0,Monsoon,0
2021-08-02,P009,Electronics,Headphones,154.0,Monsoon,0
2021-08-09,P009,Electronics,Headphones,134.0,Monsoon,0
2021-08-16,P009,Electronics,Headphones,133.0,Monsoon,0
2021-08-23,P009,Electronics,Headphones,132.0,Monsoon,0
2021-08-30,P009,Electronics,Headphones,115.0,Monsoon,0
2021-09-06,P009,Electronics,Headphones,130.0,Monsoon,0
2021-09-13,P009,Electronics,Headphones,107.0,Monsoon,0
2021-09-20,P009,Electronics,Headphones,134.0,Monsoon,0
2021-09-27,P009,Electronics,Headphones,141.0,Monsoon,0
2021-10-04,P009,Electronics,Headphones,117.0,Autumn,0
2021-10-11,P009,Electronics,Headphones,113.0,Autumn,0
2021-10-18,P009,Electronics,Headphones,102.0,Autumn,0
2021-10-25,P009,Electronics,Headphones,152.0,Autumn,0
2021-11-01,P009,Electronics,Headphones,492.0,Autumn,1
2021-11-08,P009,Electronics,Headphones,121.0,Autumn,0
2021-11-15,P009,Electronics,Headphones,130.0,Autumn,0
2021-11-22,P009,Electronics,Headphones,130.0,Autumn,0
2021-11-29,P009,Electronics,Headphones,138.0,Autumn,0
2021-12-06,P009,Electronics,Headphones,117.0,Winter,0
2021-12-13,P009,Electronics,Headphones,103.0,Winter,0
2021-12-20,P009,Electronics,Headphones,100.0,Winter,0
2021-12-27,P009,Electronics,Headphones,114.0,Winter,0
2022-01-03,P009,Electronics,Headphones,111.0,Winter,0
2022-01-10,P009,Electronics,Headphones,124.0,Winter,0
2022-01-17,P009,Electronics,Headphones,155.0,Winter,0
2022-01-24,P009,Electronics,Headphones,122.0,Winter,0
2022-01-31,P009,Electronics,Headphones,122.0,Winter,0
2022-02-07,P009,Electronics,Headphones,129.0,Winter,0
2022-02-14,P009,Electronics,Headphones,122.0,Winter,0
2022-02-21,P009,Electronics,Headphones,128.0,Winter,0
2022-02-28,P009,Electronics,Headphones,140.0,Winter,0
2022-03-07,P009,Electronics,Headphones,147.0,Summer,0
2022-03-14,P009,Electronics,Headphones,149.0,Summer,0
2022-03-21,P009,Electronics,Headphones,170.0,Summer,0
2022-03-28,P009,Electronics,Headphones,141.0,Summer,0
2022-04-04,P009,Electronics,Headphones,173.0,Summer,0
2022-04-11,P009,Electronics,Headphones,114.0,Summer,0
2022-04-18,P009,Electronics,Headphones,170.0,Summer,0
2022-04-25,P009,Electronics,Headphones,122.0,Summer,0
2022-05-02,P009,Electronics,Headphones,124.0,Summer,0
2022-05-09,P009,Electronics,Headphones,127.0,Summer,0
2022-05-16,P009,Electronics,Headphones,125.0,Summer,0
2022-05-23,P009,Electronics,Headphones,131.0,Summer,0
2022-05-30,P009,Electronics,Headphones,118.0,Summer,0
2022-06-06,P009,Electronics,Headphones,146.0,Summer,0
2022-06-13,P009,Electronics,Headphones,119.0,Summer,0
2022-06-20,P009,Electronics,Headphones,142.0,Summer,0
2022-06-27,P009,Electronics,Headphones,159.0,Summer,0
2022-07-04,P009,Electronics,Headphones,123.0,Monsoon,0
2022-07-11,P009,Electronics,Headphones,145.0,Monsoon,0
2022-07-18,P009,Electronics,Headphones,140.0,Monsoon,0
2022-07-25,P009,Electronics,Headphones,173.0,Monsoon,0
2022-08-01,P009,Electronics,Headphones,120.0,Monsoon,0
2022-08-08,P009,Electronics,Headphones,145.0,Monsoon,0
2022-08-15,P009,Electronics,Headphones,98.0,Monsoon,0
2022-08-22,P009,Electronics,Headphones,120.0,Monsoon,0
2022-08-29,P009,Electronics,Headphones,136.0,Monsoon,0
2022-09-05,P009,Electronics,Headphones,157.0,Monsoon,0
2022-09-12,P009,Electronics,Headphones,106.0,Monsoon,0
2022-09-19,P009,Electronics,Headphones,145.0,Monsoon,0
2022-09-26,P009,Electronics,Headphones,128.0,Monsoon,0
2022-10-03,P009,Electronics,Headphones,100.0,Autumn,0
2022-10-10,P009,Electronics,Headphones,133.0,Autumn,0
2022-10-17,P009,Electronics,Headphones,163.0,Autumn,0
2022-10-24,P009,Electronics,Headphones,574.0,Autumn,1
2022-10-31,P009,Electronics,Headphones,127.0,Autumn,0
2022-11-07,P009,Electronics,Headphones,110.0,Autumn,0
2022-11-14,P009,Electronics,Headphones,120.0,Autumn,0
2022-11-21,P009,Electronics,Headphones,157.0,Autumn,0
2022-11-28,P009,Electronics,Headphones,124.0,Autumn,0
2022-12-05,P009,Electronics,Headphones,157.0,Winter,0
2022-12-12,P009,Electronics,Headphones,151.0,Winter,0
2022-12-19,P009,Electronics,Headphones,122.0,Winter,0
2022-12-26,P009,Electronics,Headphones,120.0,Winter,0
2023-01-02,P009,Electronics,Headphones,116.0,Winter,0
2023-01-09,P009,Electronics,Headphones,116.0,Winter,0
2023-01-16,P009,Electronics,Headphones,142.0,Winter,0
2023-01-23,P009,Electronics,Headphones,134.0,Winter,0
2023-01-30,P009,Electronics,Headphones,122.0,Winter,0
2023-02-06,P009,Electronics,Headphones,103.0,Winter,0
2023-02-13,P009,Electronics,Headphones,137.0,Winter,0
2023-02-20,P009,Electronics,Headphones,125.0,Winter,0
2023-02-27,P009,Electronics,Headphones,131.0,Winter,0
2023-03-06,P009,Electronics,Headphones,141.0,Summer,0
2023-03-13,P009,Electronics,Headphones,84.0,Summer,0
2023-03-20,P009,Electronics,Headphones,103.0,Summer,0
2023-03-27,P009,Electronics,Headphones,181.0,Summer,0
2023-04-03,P009,Electronics,Headphones,124.0,Summer,0
2023-04-10,P009,Electronics,Headphones,84.0,Summer,0
2023-04-17,P009,Electronics,Headphones,105.0,Summer,0
2023-04-24,P009,Electronics,Headphones,185.0,Summer,0
2023-05-01,P009,Electronics,Headphones,120.0,Summer,0
2023-05-08,P009,Electronics,Headphones,158.0,Summer,0
2023-05-15,P009,Electronics,Headphones,137.0,Summer,0
2023-05-22,P009,Electronics,Headphones,125.0,Summer,0
2023-05-29,P009,Electronics,Headphones,150.0,Summer,0
2023-06-05,P009,Electronics,Headphones,86.0,Summer,0
2023-06-12,P009,Electronics,Headphones,105.0,Summer,0
2023-06-19,P009,Electronics,Headphones,125.0,Summer,0
2023-06-26,P009,Electronics,Headphones,107.0,Summer,0
2023-07-03,P009,Electronics,Headphones,123.0,Monsoon,0
2023-07-10,P009,Electronics,Headphones,152.0,Monsoon,0
2023-07-17,P009,Electronics,Headphones,137.0,Monsoon,0
2023-07-24,P009,Electronics,Headphones,161.0,Monsoon,0
2023-07-31,P009,Electronics,Headphones,138.0,Monsoon,0
2023-08-07,P009,Electronics,Headphones,155.0,Monsoon,0
2023-08-14,P009,Electronics,Headphones,133.0,Monsoon,0
2023-08-21,P009,Electronics,Headphones,123.0,Monsoon,0
2023-08-28,P009,Electronics,Headphones,164.0,Monsoon,0
2023-09-04,P009,Electronics,Headphones,120.0,Monsoon,0
2023-09-11,P009,Electronics,Headphones,141.0,Monsoon,0
2023-09-18,P009,Electronics,Headphones,150.0,Monsoon,0
2023-09-25,P009,Electronics,Headphones,152.0,Monsoon,0
2023-10-02,P009,Electronics,Headphones,111.0,Autumn,0
2023-10-09,P009,Electronics,Headphones,156.0,Autumn,0
2023-10-16,P009,Electronics,Headphones,115.0,Autumn,0
2023-10-23,P009,Electronics,Headphones,151.0,Autumn,0
2023-10-30,P009,Electronics,Headphones,145.0,Autumn,0
2023-11-06,P009,Electronics,Headphones,745.0,Autumn,1
2023-11-13,P009,Electronics,Headphones,110.0,Autumn,0
2023-11-20,P009,Electronics,Headphones,146.0,Autumn,0
2023-11-27,P009,Electronics,Headphones,156.0,Autumn,0
2023-12-04,P009,Electronics,Headphones,138.0,Winter,0
2023-12-11,P009,Electronics,Headphones,118.0,Winter,0
2023-12-18,P009,Electronics,Headphones,153.0,Winter,0
2023-12-25,P009,Electronics,Headphones,137.0,Winter,0
2024-01-01,P009,Electronics,Headphones,104.0,Winter,0
2024-01-08,P009,Electronics,Headphones,121.0,Winter,0
2024-01-15,P009,Electronics,Headphones,128.0,Winter,0
2024-01-22,P009,Electronics,Headphones,171.0,Winter,0
2024-01-29,P009,Electronics,Headphones,167.0,Winter,0
2024-02-05,P009,Electronics,Headphones,167.0,Winter,0
2024-02-12,P009,Electronics,Headphones,144.0,Winter,0
2024-02-19,P009,Electronics,Headphones,159.0,Winter,0
2024-02-26,P009,Electronics,Headphones,116.0,Winter,0
2024-03-04,P009,Electronics,Headphones,140.0,Summer,0
2024-03-11,P009,Electronics,Headphones,149.0,Summer,0
2024-03-18,P009,Electronics,Headphones,117.0,Summer,0
2024-03-25,P009,Electronics,Headphones,144.0,Summer,0
2024-04-01,P009,Electronics,Headphones,175.0,Summer,0
2024-04-08,P009,Electronics,Headphones,151.0,Summer,0
2024-04-15,P009,Electronics,Headphones,159.0,Summer,0
2024-04-22,P009,Electronics,Headphones,88.0,Summer,0
2024-04-29,P009,Electronics,Headphones,172.0,Summer,0
2024-05-06,P009,Electronics,Headphones,136.0,Summer,0
2024-05-13,P009,Electronics,Headphones,123.0,Summer,0
2024-05-20,P009,Electronics,Headphones,136.0,Summer,0
2024-05-27,P009,Electronics,Headphones,108.0,Summer,0
2024-06-03,P009,Electronics,Headphones,162.0,Summer,0
2024-06-10,P009,Electronics,Headphones,132.0,Summer,0
2024-06-17,P009,Electronics,Headphones,124.0,Summer,0
2024-06-24,P009,Electronics,Headphones,136.0,Summer,0
2024-07-01,P009,Electronics,Headphones,163.0,Monsoon,0
2024-07-08,P009,Electronics,Headphones,142.0,Monsoon,0
2024-07-15,P009,Electronics,Headphones,110.0,Monsoon,0
2024-07-22,P009,Electronics,Headphones,149.0,Monsoon,0
2024-07-29,P009,Electronics,Headphones,120.0,Monsoon,0
2024-08-05,P009,Electronics,Headphones,94.0,Monsoon,0
2024-08-12,P009,Electronics,Headphones,171.0,Monsoon,0
2024-08-19,P009,Electronics,Headphones,149.0,Monsoon,0
2024-08-26,P009,Electronics,Headphones,138.0,Monsoon,0
2024-09-02,P009,Electronics,Headphones,132.0,Monsoon,0
2024-09-09,P009,Electronics,Headphones,169.0,Monsoon,0
2024-09-16,P009,Electronics,Headphones,204.0,Monsoon,0
2024-09-23,P009,Electronics,Headphones,149.0,Monsoon,0
2024-09-30,P009,Electronics,Headphones,118.0,Monsoon,0
2024-10-07,P009,Electronics,Headphones,136.0,Autumn,0
2024-10-14,P009,Electronics,Headphones,149.0,Autumn,0
2024-10-21,P009,Electronics,Headphones,90.0,Autumn,0
2024-10-28,P009,Electronics,Headphones,687.0,Autumn,1
2024-11-04,P009,Electronics,Headphones,149.0,Autumn,0
2024-11-11,P009,Electronics,Headphones,167.0,Autumn,0
2024-11-18,P009,Electronics,Headphones,165.0,Autumn,0
2024-11-25,P009,Electronics,Headphones,142.0,Autumn,0
2024-12-02,P009,Electronics,Headphones,171.0,Winter,0
2024-12-09,P009,Electronics,Headphones,182.0,Winter,0
2024-12-16,P009,Electronics,Headphones,140.0,Winter,0
2024-12-23,P009,Electronics,Headphones,148.0,Winter,0
2021-01-04,P010,Groceries,Soft Drinks,414.0,Winter,0
2021-01-11,P010,Groceries,Soft Drinks,436.0,Winter,0
2021-01-18,P010,Groceries,Soft Drinks,438.0,Winter,0
2021-01-25,P010,Groceries,Soft Drinks,419.0,Winter,0
2021-02-01,P010,Groceries,Soft Drinks,426.0,Winter,0
2021-02-08,P010,Groceries,Soft Drinks,550.0,Winter,0
2021-02-15,P010,Groceries,Soft Drinks,481.0,Winter,0
2021-02-22,P010,Groceries,Soft Drinks,424.0,Winter,0
2021-03-01,P010,Groceries,Soft Drinks,1226.0,Summer,0
2021-03-08,P010,Groceries,Soft Drinks,1054.0,Summer,0
2021-03-15,P010,Groceries,Soft Drinks,1305.0,Summer,0
2021-03-22,P010,Groceries,Soft Drinks,1171.0,Summer,0
2021-03-29,P010,Groceries,Soft Drinks,1092.0,Summer,0
2021-04-05,P010,Groceries,Soft Drinks,1184.0,Summer,0
2021-04-12,P010,Groceries,Soft Drinks,848.0,Summer,0
2021-04-19,P010,Groceries,Soft Drinks,922.0,Summer,0
2021-04-26,P010,Groceries,Soft Drinks,911.0,Summer,0
2021-05-03,P010,Groceries,Soft Drinks,1133.0,Summer,0
2021-05-10,P010,Groceries,Soft Drinks,1398.0,Summer,0
2021-05-17,P010,Groceries,Soft Drinks,1481.0,Summer,0
2021-05-24,P010,Groceries,Soft Drinks,1216.0,Summer,0
2021-05-31,P010,Groceries,Soft Drinks,1193.0,Summer,0
2021-06-07,P010,Groceries,Soft Drinks,810.0,Summer,0
2021-06-14,P010,Groceries,Soft Drinks,1019.0,Summer,0
2021-06-21,P010,Groceries,Soft Drinks,978.0,Summer,0
2021-06-28,P010,Groceries,Soft Drinks,1006.0,Summer,0
2021-07-05,P010,Groceries,Soft Drinks,432.0,Monsoon,0
2021-07-12,P010,Groceries,Soft Drinks,412.0,Monsoon,0
2021-07-19,P010,Groceries,Soft Drinks,312.0,Monsoon,0
2021-07-26,P010,Groceries,Soft Drinks,493.0,Monsoon,0
2021-08-02,P010,Groceries,Soft Drinks,372.0,Monsoon,0
2021-08-09,P010,Groceries,Soft Drinks,459.0,Monsoon,0
2021-08-16,P010,Groceries,Soft Drinks,582.0,Monsoon,0
2021-08-23,P010,Groceries,Soft Drinks,382.0,Monsoon,0
2021-08-30,P010,Groceries,Soft Drinks,275.0,Monsoon,0
2021-09-06,P010,Groceries,Soft Drinks,424.0,Monsoon,0
2021-09-13,P010,Groceries,Soft Drinks,517.0,Monsoon,0
2021-09-20,P010,Groceries,Soft Drinks,574.0,Monsoon,0
2021-09-27,P010,Groceries,Soft Drinks,362.0,Monsoon,0
2021-10-04,P010,Groceries,Soft Drinks,477.0,Autumn,0
2021-10-11,P010,Groceries,Soft Drinks,413.0,Autumn,0
2021-10-18,P010,Groceries,Soft Drinks,436.0,Autumn,0
2021-10-25,P010,Groceries,Soft Drinks,620.0,Autumn,0
2021-11-01,P010,Groceries,Soft Drinks,1469.0,Autumn,1
2021-11-08,P010,Groceries,Soft Drinks,460.0,Autumn,0
2021-11-15,P010,Groceries,Soft Drinks,475.0,Autumn,0
2021-11-22,P010,Groceries,Soft Drinks,516.0,Autumn,0
2021-11-29,P010,Groceries,Soft Drinks,450.0,Autumn,0
2021-12-06,P010,Groceries,Soft Drinks,464.0,Winter,0
2021-12-13,P010,Groceries,Soft Drinks,417.0,Winter,0
2021-12-20,P010,Groceries,Soft Drinks,461.0,Winter,0
2021-12-27,P010,Groceries,Soft Drinks,421.0,Winter,0
2022-01-03,P010,Groceries,Soft Drinks,504.0,Winter,0
2022-01-10,P010,Groceries,Soft Drinks,436.0,Winter,0
2022-01-17,P010,Groceries,Soft Drinks,487.0,Winter,0
2022-01-24,P010,Groceries,Soft Drinks,459.0,Winter,0
2022-01-31,P010,Groceries,Soft Drinks,539.0,Winter,0
2022-02-07,P010,Groceries,Soft Drinks,458.0,Winter,0
2022-02-14,P010,Groceries,Soft Drinks,338.0,Winter,0
2022-02-21,P010,Groceries,Soft Drinks,549.0,Winter,0
2022-02-28,P010,Groceries,Soft Drinks,399.0,Winter,0
2022-03-07,P010,Groceries,Soft Drinks,1041.0,Summer,0
2022-03-14,P010,Groceries,Soft Drinks,1051.0,Summer,0
2022-03-21,P010,Groceries,Soft Drinks,1392.0,Summer,0
2022-03-28,P010,Groceries,Soft Drinks,784.0,Summer,0
2022-04-04,P010,Groceries,Soft Drinks,1697.0,Summer,0
2022-04-11,P010,Groceries,Soft Drinks,1337.0,Summer,0
2022-04-18,P010,Groceries,Soft Drinks,1193.0,Summer,0
2022-04-25,P010,Groceries,Soft Drinks,1144.0,Summer,0
2022-05-02,P010,Groceries,Soft Drinks,1203.0,Summer,0
2022-05-09,P010,Groceries,Soft Drinks,1244.0,Summer,0
2022-05-16,P010,Groceries,Soft Drinks,1266.0,Summer,0
2022-05-23,P010,Groceries,Soft Drinks,1250.0,Summer,0
2022-05-30,P010,Groceries,Soft Drinks,1169.0,Summer,0
2022-06-06,P010,Groceries,Soft Drinks,1120.0,Summer,0
2022-06-13,P010,Groceries,Soft Drinks,1128.0,Summer,0
2022-06-20,P010,Groceries,Soft Drinks,1120.0,Summer,0
2022-06-27,P010,Groceries,Soft Drinks,1350.0,Summer,0
2022-07-04,P010,Groceries,Soft Drinks,502.0,Monsoon,0
2022-07-11,P010,Groceries,Soft Drinks,258.0,Monsoon,0
2022-07-18,P010,Groceries,Soft Drinks,507.0,Monsoon,0
2022-07-25,P010,Groceries,Soft Drinks,475.0,Monsoon,0
2022-08-01,P010,Groceries,Soft Drinks,460.0,Monsoon,0
2022-08-08,P010,Groceries,Soft Drinks,434.0,Monsoon,0
2022-08-15,P010,Groceries,Soft Drinks,539.0,Monsoon,0
2022-08-22,P010,Groceries,Soft Drinks,527.0,Monsoon,0
2022-08-29,P010,Groceries,Soft Drinks,408.0,Monsoon,0
2022-09-05,P010,Groceries,Soft Drinks,489.0,Monsoon,0
2022-09-12,P010,Groceries,Soft Drinks,394.0,Monsoon,0
2022-09-19,P010,Groceries,Soft Drinks,366.0,Monsoon,0
2022-09-26,P010,Groceries,Soft Drinks,418.0,Monsoon,0
2022-10-03,P010,Groceries,Soft Drinks,521.0,Autumn,0
2022-10-10,P010,Groceries,Soft Drinks,527.0,Autumn,0
2022-10-17,P010,Groceries,Soft Drinks,497.0,Autumn,0
2022-10-24,P010,Groceries,Soft Drinks,2719.0,Autumn,1
2022-10-31,P010,Groceries,Soft Drinks,497.0,Autumn,0
2022-11-07,P010,Groceries,Soft Drinks,417.0,Autumn,0
2022-11-14,P010,Groceries,Soft Drinks,491.0,Autumn,0
2022-11-21,P010,Groceries,Soft Drinks,517.0,Autumn,0
2022-11-28,P010,Groceries,Soft Drinks,514.0,Autumn,0
2022-12-05,P010,Groceries,Soft Drinks,544.0,Winter,0
2022-12-12,P010,Groceries,Soft Drinks,510.0,Winter,0
2022-12-19,P010,Groceries,Soft Drinks,486.0,Winter,0
2022-12-26,P010,Groceries,Soft Drinks,535.0,Winter,0
2023-01-02,P010,Groceries,Soft Drinks,477.0,Winter,0
2023-01-09,P010,Groceries,Soft Drinks,416.0,Winter,0
2023-01-16,P010,Groceries,Soft Drinks,467.0,Winter,0
2023-01-23,P010,Groceries,Soft Drinks,425.0,Winter,0
2023-01-30,P010,Groceries,Soft Drinks,430.0,Winter,0
2023-02-06,P010,Groceries,Soft Drinks,469.0,Winter,0
2023-02-13,P010,Groceries,Soft Drinks,422.0,Winter,0
2023-02-20,P010,Groceries,Soft Drinks,457.0,Winter,0
2023-02-27,P010,Groceries,Soft Drinks,343.0,Winter,0
2023-03-06,P010,Groceries,Soft Drinks,1237.0,Summer,0
2023-03-13,P010,Groceries,Soft Drinks,1199.0,Summer,0
2023-03-20,P010,Groceries,Soft Drinks,1051.0,Summer,0
2023-03-27,P010,Groceries,Soft Drinks,1317.0,Summer,0
2023-04-03,P010,Groceries,Soft Drinks,1367.0,Summer,0
2023-04-10,P010,Groceries,Soft Drinks,909.0,Summer,0
2023-04-17,P010,Groceries,Soft Drinks,1061.0,Summer,0
2023-04-24,P010,Groceries,Soft Drinks,1060.0,Summer,0
2023-05-01,P010,Groceries,Soft Drinks,1029.0,Summer,0
2023-05-08,P010,Groceries,Soft Drinks,1347.0,Summer,0
2023-05-15,P010,Groceries,Soft Drinks,1163.0,Summer,0
2023-05-22,P010,Groceries,Soft Drinks,1151.0,Summer,0
2023-05-29,P010,Groceries,Soft Drinks,838.0,Summer,0
2023-06-05,P010,Groceries,Soft Drinks,1313.0,Summer,0
2023-06-12,P010,Groceries,Soft Drinks,975.0,Summer,0
2023-06-19,P010,Groceries,Soft Drinks,1209.0,Summer,0
2023-06-26,P010,Groceries,Soft Drinks,1248.0,Summer,0
2023-07-03,P010,Groceries,Soft Drinks,577.0,Monsoon,0
2023-07-10,P010,Groceries,Soft Drinks,385.0,Monsoon,0
2023-07-17,P010,Groceries,Soft Drinks,262.0,Monsoon,0
2023-07-24,P010,Groceries,Soft Drinks,492.0,Monsoon,0
2023-07-31,P010,Groceries,Soft Drinks,609.0,Monsoon,0
2023-08-07,P010,Groceries,Soft Drinks,568.0,Monsoon,0
2023-08-14,P010,Groceries,Soft Drinks,494.0,Monsoon,0
2023-08-21,P010,Groceries,Soft Drinks,444.0,Monsoon,0
2023-08-28,P010,Groceries,Soft Drinks,537.0,Monsoon,0
2023-09-04,P010,Groceries,Soft Drinks,409.0,Monsoon,0
2023-09-11,P010,Groceries,Soft Drinks,513.0,Monsoon,0
2023-09-18,P010,Groceries,Soft Drinks,515.0,Monsoon,0
2023-09-25,P010,Groceries,Soft Drinks,555.0,Monsoon,0
2023-10-02,P010,Groceries,Soft Drinks,678.0,Autumn,0
2023-10-09,P010,Groceries,Soft Drinks,507.0,Autumn,0
2023-10-16,P010,Groceries,Soft Drinks,442.0,Autumn,0
2023-10-23,P010,Groceries,Soft Drinks,477.0,Autumn,0
2023-10-30,P010,Groceries,Soft Drinks,352.0,Autumn,0
2023-11-06,P010,Groceries,Soft Drinks,2112.0,Autumn,1
2023-11-13,P010,Groceries,Soft Drinks,450.0,Autumn,0
2023-11-20,P010,Groceries,Soft Drinks,441.0,Autumn,0
2023-11-27,P010,Groceries,Soft Drinks,490.0,Autumn,0
2023-12-04,P010,Groceries,Soft Drinks,420.0,Winter,0
2023-12-11,P010,Groceries,Soft Drinks,560.0,Winter,0
2023-12-18,P010,Groceries,Soft Drinks,479.0,Winter,0
2023-12-25,P010,Groceries,Soft Drinks,478.0,Winter,0
2024-01-01,P010,Groceries,Soft Drinks,472.0,Winter,0
2024-01-08,P010,Groceries,Soft Drinks,508.0,Winter,0
2024-01-15,P010,Groceries,Soft Drinks,558.0,Winter,0
2024-01-22,P010,Groceries,Soft Drinks,432.0,Winter,0
2024-01-29,P010,Groceries,Soft Drinks,448.0,Winter,0
2024-02-05,P010,Groceries,Soft Drinks,474.0,Winter,0
2024-02-12,P010,Groceries,Soft Drinks,396.0,Winter,0
2024-02-19,P010,Groceries,Soft Drinks,436.0,Winter,0
2024-02-26,P010,Groceries,Soft Drinks,461.0,Winter,0
2024-03-04,P010,Groceries,Soft Drinks,1406.0,Summer,0
2024-03-11,P010,Groceries,Soft Drinks,1292.0,Summer,0
2024-03-18,P010,Groceries,Soft Drinks,1279.0,Summer,0
2024-03-25,P010,Groceries,Soft Drinks,1401.0,Summer,0
2024-04-01,P010,Groceries,Soft Drinks,1217.0,Summer,0
2024-04-08,P010,Groceries,Soft Drinks,1316.0,Summer,0
2024-04-15,P010,Groceries,Soft Drinks,1223.0,Summer,0
2024-04-22,P010,Groceries,Soft Drinks,1292.0,Summer,0
2024-04-29,P010,Groceries,Soft Drinks,1134.0,Summer,0
2024-05-06,P010,Groceries,Soft Drinks,788.0,Summer,0
2024-05-13,P010,Groceries,Soft Drinks,1218.0,Summer,0
2024-05-20,P010,Groceries,Soft Drinks,1508.0,Summer,0
2024-05-27,P010,Groceries,Soft Drinks,1415.0,Summer,0
2024-06-03,P010,Groceries,Soft Drinks,1423.0,Summer,0
2024-06-10,P010,Groceries,Soft Drinks,1473.0,Summer,0
2024-06-17,P010,Groceries,Soft Drinks,1259.0,Summer,0
2024-06-24,P010,Groceries,Soft Drinks,1279.0,Summer,0
2024-07-01,P010,Groceries,Soft Drinks,451.0,Monsoon,0
2024-07-08,P010,Groceries,Soft Drinks,473.0,Monsoon,0
2024-07-15,P010,Groceries,Soft Drinks,543.0,Monsoon,0
2024-07-22,P010,Groceries,Soft Drinks,587.0,Monsoon,0
2024-07-29,P010,Groceries,Soft Drinks,486.0,Monsoon,0
2024-08-05,P010,Groceries,Soft Drinks,463.0,Monsoon,0
2024-08-12,P010,Groceries,Soft Drinks,497.0,Monsoon,0
2024-08-19,P010,Groceries,Soft Drinks,542.0,Monsoon,0
2024-08-26,P010,Groceries,Soft Drinks,389.0,Monsoon,0
2024-09-02,P010,Groceries,Soft Drinks,326.0,Monsoon,0
2024-09-09,P010,Groceries,Soft Drinks,456.0,Monsoon,0
2024-09-16,P010,Groceries,Soft Drinks,406.0,Monsoon,0
2024-09-23,P010,Groceries,Soft Drinks,459.0,Monsoon,0
2024-09-30,P010,Groceries,Soft Drinks,486.0,Monsoon,0
2024-10-07,P010,Groceries,Soft Drinks,463.0,Autumn,0
2024-10-14,P010,Groceries,Soft Drinks,605.0,Autumn,0
2024-10-21,P010,Groceries,Soft Drinks,521.0,Autumn,0
2024-10-28,P010,Groceries,Soft Drinks,2430.0,Autumn,1
2024-11-04,P010,Groceries,Soft Drinks,543.0,Autumn,0
2024-11-11,P010,Groceries,Soft Drinks,412.0,Autumn,0
2024-11-18,P010,Groceries,Soft Drinks,574.0,Autumn,0
2024-11-25,P010,Groceries,Soft Drinks,491.0,Autumn,0
2024-12-02,P010,Groceries,Soft Drinks,547.0,Winter,0
2024-12-09,P010,Groceries,Soft Drinks,417.0,Winter,0
2024-12-16,P010,Groceries,Soft Drinks,381.0,Winter,0
2024-12-23,P010,Groceries,Soft Drinks,558.0,Winter,0
2021-01-04,P011,Groceries,Ice Cream,627.0,Winter,0
2021-01-11,P011,Groceries,Ice Cream,583.0,Winter,0
2021-01-18,P011,Groceries,Ice Cream,842.0,Winter,0
2021-01-25,P011,Groceries,Ice Cream,523.0,Winter,0
2021-02-01,P011,Groceries,Ice Cream,707.0,Winter,0
2021-02-08,P011,Groceries,Ice Cream,662.0,Winter,0
2021-02-15,P011,Groceries,Ice Cream,636.0,Winter,0
2021-02-22,P011,Groceries,Ice Cream,751.0,Winter,0
2021-03-01,P011,Groceries,Ice Cream,1606.0,Summer,0
2021-03-08,P011,Groceries,Ice Cream,1391.0,Summer,0
2021-03-15,P011,Groceries,Ice Cream,1604.0,Summer,0
2021-03-22,P011,Groceries,Ice Cream,1495.0,Summer,0
2021-03-29,P011,Groceries,Ice Cream,1653.0,Summer,0
2021-04-05,P011,Groceries,Ice Cream,1725.0,Summer,0
2021-04-12,P011,Groceries,Ice Cream,1339.0,Summer,0
2021-04-19,P011,Groceries,Ice Cream,1813.0,Summer,0
2021-04-26,P011,Groceries,Ice Cream,1478.0,Summer,0
2021-05-03,P011,Groceries,Ice Cream,1639.0,Summer,0
2021-05-10,P011,Groceries,Ice Cream,1679.0,Summer,0
2021-05-17,P011,Groceries,Ice Cream,1622.0,Summer,0
2021-05-24,P011,Groceries,Ice Cream,1512.0,Summer,0
2021-05-31,P011,Groceries,Ice Cream,1424.0,Summer,0
2021-06-07,P011,Groceries,Ice Cream,1475.0,Summer,0
2021-06-14,P011,Groceries,Ice Cream,1898.0,Summer,0
2021-06-21,P011,Groceries,Ice Cream,1337.0,Summer,0
2021-06-28,P011,Groceries,Ice Cream,1371.0,Summer,0
2021-07-05,P011,Groceries,Ice Cream,544.0,Monsoon,0
2021-07-12,P011,Groceries,Ice Cream,627.0,Monsoon,0
2021-07-19,P011,Groceries,Ice Cream,474.0,Monsoon,0
2021-07-26,P011,Groceries,Ice Cream,490.0,Monsoon,0
2021-08-02,P011,Groceries,Ice Cream,590.0,Monsoon,0
2021-08-09,P011,Groceries,Ice Cream,496.0,Monsoon,0
2021-08-16,P011,Groceries,Ice Cream,503.0,Monsoon,0
2021-08-23,P011,Groceries,Ice Cream,496.0,Monsoon,0
2021-08-30,P011,Groceries,Ice Cream,536.0,Monsoon,0
2021-09-06,P011,Groceries,Ice Cream,682.0,Monsoon,0
2021-09-13,P011,Groceries,Ice Cream,703.0,Monsoon,0
2021-09-20,P011,Groceries,Ice Cream,792.0,Monsoon,0
2021-09-27,P011,Groceries,Ice Cream,788.0,Monsoon,0
2021-10-04,P011,Groceries,Ice Cream,687.0,Autumn,0
2021-10-11,P011,Groceries,Ice Cream,709.0,Autumn,0
2021-10-18,P011,Groceries,Ice Cream,627.0,Autumn,0
2021-10-25,P011,Groceries,Ice Cream,662.0,Autumn,0
2021-11-01,P011,Groceries,Ice Cream,3394.0,Autumn,1
2021-11-08,P011,Groceries,Ice Cream,649.0,Autumn,0
2021-11-15,P011,Groceries,Ice Cream,721.0,Autumn,0
2021-11-22,P011,Groceries,Ice Cream,528.0,Autumn,0
2021-11-29,P011,Groceries,Ice Cream,553.0,Autumn,0
2021-12-06,P011,Groceries,Ice Cream,643.0,Winter,0
2021-12-13,P011,Groceries,Ice Cream,628.0,Winter,0
2021-12-20,P011,Groceries,Ice Cream,557.0,Winter,0
2021-12-27,P011,Groceries,Ice Cream,837.0,Winter,0
2022-01-03,P011,Groceries,Ice Cream,656.0,Winter,0
2022-01-10,P011,Groceries,Ice Cream,597.0,Winter,0
2022-01-17,P011,Groceries,Ice Cream,654.0,Winter,0
2022-01-24,P011,Groceries,Ice Cream,642.0,Winter,0
2022-01-31,P011,Groceries,Ice Cream,657.0,Winter,0
2022-02-07,P011,Groceries,Ice Cream,486.0,Winter,0
2022-02-14,P011,Groceries,Ice Cream,763.0,Winter,0
2022-02-21,P011,Groceries,Ice Cream,769.0,Winter,0
2022-02-28,P011,Groceries,Ice Cream,780.0,Winter,0
2022-03-07,P011,Groceries,Ice Cream,1677.0,Summer,0
2022-03-14,P011,Groceries,Ice Cream,1757.0,Summer,0
2022-03-21,P011,Groceries,Ice Cream,1391.0,Summer,0
2022-03-28,P011,Groceries,Ice Cream,1798.0,Summer,0
2022-04-04,P011,Groceries,Ice Cream,1659.0,Summer,0
2022-04-11,P011,Groceries,Ice Cream,1488.0,Summer,0
2022-04-18,P011,Groceries,Ice Cream,1806.0,Summer,0
2022-04-25,P011,Groceries,Ice Cream,1815.0,Summer,0
2022-05-02,P011,Groceries,Ice Cream,1613.0,Summer,0
2022-05-09,P011,Groceries,Ice Cream,1704.0,Summer,0
2022-05-16,P011,Groceries,Ice Cream,1351.0,Summer,0
2022-05-23,P011,Groceries,Ice Cream,1897.0,Summer,0
2022-05-30,P011,Groceries,Ice Cream,1383.0,Summer,0
2022-06-06,P011,Groceries,Ice Cream,1429.0,Summer,0
2022-06-13,P011,Groceries,Ice Cream,1613.0,Summer,0
2022-06-20,P011,Groceries,Ice Cream,1866.0,Summer,0
2022-06-27,P011,Groceries,Ice Cream,1866.0,Summer,0
2022-07-04,P011,Groceries,Ice Cream,639.0,Monsoon,0
2022-07-11,P011,Groceries,Ice Cream,713.0,Monsoon,0
2022-07-18,P011,Groceries,Ice Cream,477.0,Monsoon,0
2022-07-25,P011,Groceries,Ice Cream,570.0,Monsoon,0
2022-08-01,P011,Groceries,Ice Cream,572.0,Monsoon,0
2022-08-08,P011,Groceries,Ice Cream,759.0,Monsoon,0
2022-08-15,P011,Groceries,Ice Cream,702.0,Monsoon,0
2022-08-22,P011,Groceries,Ice Cream,657.0,Monsoon,0
2022-08-29,P011,Groceries,Ice Cream,666.0,Monsoon,0
2022-09-05,P011,Groceries,Ice Cream,790.0,Monsoon,0
2022-09-12,P011,Groceries,Ice Cream,623.0,Monsoon,0
2022-09-19,P011,Groceries,Ice Cream,513.0,Monsoon,0
2022-09-26,P011,Groceries,Ice Cream,743.0,Monsoon,0
2022-10-03,P011,Groceries,Ice Cream,657.0,Autumn,0
2022-10-10,P011,Groceries,Ice Cream,731.0,Autumn,0
2022-10-17,P011,Groceries,Ice Cream,635.0,Autumn,0
2022-10-24,P011,Groceries,Ice Cream,2969.0,Autumn,1
2022-10-31,P011,Groceries,Ice Cream,678.0,Autumn,0
2022-11-07,P011,Groceries,Ice Cream,640.0,Autumn,0
2022-11-14,P011,Groceries,Ice Cream,657.0,Autumn,0
2022-11-21,P011,Groceries,Ice Cream,794.0,Autumn,0
2022-11-28,P011,Groceries,Ice Cream,534.0,Autumn,0
2022-12-05,P011,Groceries,Ice Cream,667.0,Winter,0
2022-12-12,P011,Groceries,Ice Cream,561.0,Winter,0
2022-12-19,P011,Groceries,Ice Cream,391.0,Winter,0
2022-12-26,P011,Groceries,Ice Cream,634.0,Winter,0
2023-01-02,P011,Groceries,Ice Cream,667.0,Winter,0
2023-01-09,P011,Groceries,Ice Cream,726.0,Winter,0
2023-01-16,P011,Groceries,Ice Cream,642.0,Winter,0
2023-01-23,P011,Groceries,Ice Cream,515.0,Winter,0
2023-01-30,P011,Groceries,Ice Cream,582.0,Winter,0
2023-02-06,P011,Groceries,Ice Cream,795.0,Winter,0
2023-02-13,P011,Groceries,Ice Cream,580.0,Winter,0
2023-02-20,P011,Groceries,Ice Cream,821.0,Winter,0
2023-02-27,P011,Groceries,Ice Cream,768.0,Winter,0
2023-03-06,P011,Groceries,Ice Cream,1581.0,Summer,0
2023-03-13,P011,Groceries,Ice Cream,1478.0,Summer,0
2023-03-20,P011,Groceries,Ice Cream,1921.0,Summer,0
2023-03-27,P011,Groceries,Ice Cream,1600.0,Summer,0
2023-04-03,P011,Groceries,Ice Cream,1275.0,Summer,0
2023-04-10,P011,Groceries,Ice Cream,1800.0,Summer,0
2023-04-17,P011,Groceries,Ice Cream,1764.0,Summer,0
2023-04-24,P011,Groceries,Ice Cream,1943.0,Summer,0
2023-05-01,P011,Groceries,Ice Cream,1747.0,Summer,0
2023-05-08,P011,Groceries,Ice Cream,1523.0,Summer,0
2023-05-15,P011,Groceries,Ice Cream,1976.0,Summer,0
2023-05-22,P011,Groceries,Ice Cream,2000.0,Summer,0
2023-05-29,P011,Groceries,Ice Cream,1718.0,Summer,0
2023-06-05,P011,Groceries,Ice Cream,1675.0,Summer,0
2023-06-12,P011,Groceries,Ice Cream,1330.0,Summer,0
2023-06-19,P011,Groceries,Ice Cream,1509.0,Summer,0
2023-06-26,P011,Groceries,Ice Cream,1849.0,Summer,0
2023-07-03,P011,Groceries,Ice Cream,608.0,Monsoon,0
2023-07-10,P011,Groceries,Ice Cream,519.0,Monsoon,0
2023-07-17,P011,Groceries,Ice Cream,1012.0,Monsoon,0
2023-07-24,P011,Groceries,Ice Cream,518.0,Monsoon,0
2023-07-31,P011,Groceries,Ice Cream,889.0,Monsoon,0
2023-08-07,P011,Groceries,Ice Cream,633.0,Monsoon,0
2023-08-14,P011,Groceries,Ice Cream,655.0,Monsoon,0
2023-08-21,P011,Groceries,Ice Cream,597.0,Monsoon,0
2023-08-28,P011,Groceries,Ice Cream,742.0,Monsoon,0
2023-09-04,P011,Groceries,Ice Cream,520.0,Monsoon,0
2023-09-11,P011,Groceries,Ice Cream,480.0,Monsoon,0
2023-09-18,P011,Groceries,Ice Cream,824.0,Monsoon,0
2023-09-25,P011,Groceries,Ice Cream,584.0,Monsoon,0
2023-10-02,P011,Groceries,Ice Cream,738.0,Autumn,0
2023-10-09,P011,Groceries,Ice Cream,556.0,Autumn,0
2023-10-16,P011,Groceries,Ice Cream,734.0,Autumn,0
2023-10-23,P011,Groceries,Ice Cream,831.0,Autumn,0
2023-10-30,P011,Groceries,Ice Cream,611.0,Autumn,0
2023-11-06,P011,Groceries,Ice Cream,2318.0,Autumn,1
2023-11-13,P011,Groceries,Ice Cream,832.0,Autumn,0
2023-11-20,P011,Groceries,Ice Cream,756.0,Autumn,0
2023-11-27,P011,Groceries,Ice Cream,617.0,Autumn,0
2023-12-04,P011,Groceries,Ice Cream,642.0,Winter,0
2023-12-11,P011,Groceries,Ice Cream,553.0,Winter,0
2023-12-18,P011,Groceries,Ice Cream,805.0,Winter,0
2023-12-25,P011,Groceries,Ice Cream,610.0,Winter,0
2024-01-01,P011,Groceries,Ice Cream,542.0,Winter,0
2024-01-08,P011,Groceries,Ice Cream,710.0,Winter,0
2024-01-15,P011,Groceries,Ice Cream,599.0,Winter,0
2024-01-22,P011,Groceries,Ice Cream,582.0,Winter,0
2024-01-29,P011,Groceries,Ice Cream,644.0,Winter,0
2024-02-05,P011,Groceries,Ice Cream,697.0,Winter,0
2024-02-12,P011,Groceries,Ice Cream,546.0,Winter,0
2024-02-19,P011,Groceries,Ice Cream,831.0,Winter,0
2024-02-26,P011,Groceries,Ice Cream,758.0,Winter,0
2024-03-04,P011,Groceries,Ice Cream,1627.0,Summer,0
2024-03-11,P011,Groceries,Ice Cream,1488.0,Summer,0
2024-03-18,P011,Groceries,Ice Cream,1698.0,Summer,0
2024-03-25,P011,Groceries,Ice Cream,1954.0,Summer,0
2024-04-01,P011,Groceries,Ice Cream,1914.0,Summer,0
2024-04-08,P011,Groceries,Ice Cream,1995.0,Summer,0
2024-04-15,P011,Groceries,Ice Cream,1597.0,Summer,0
2024-04-22,P011,Groceries,Ice Cream,966.0,Summer,0
2024-04-29,P011,Groceries,Ice Cream,2044.0,Summer,0
2024-05-06,P011,Groceries,Ice Cream,1678.0,Summer,0
2024-05-13,P011,Groceries,Ice Cream,1894.0,Summer,0
2024-05-20,P011,Groceries,Ice Cream,2153.0,Summer,0
2024-05-27,P011,Groceries,Ice Cream,2350.0,Summer,0
2024-06-03,P011,Groceries,Ice Cream,1554.0,Summer,0
2024-06-10,P011,Groceries,Ice Cream,1756.0,Summer,0
2024-06-17,P011,Groceries,Ice Cream,2075.0,Summer,0
2024-06-24,P011,Groceries,Ice Cream,1503.0,Summer,0
2024-07-01,P011,Groceries,Ice Cream,628.0,Monsoon,0
2024-07-08,P011,Groceries,Ice Cream,628.0,Monsoon,0
2024-07-15,P011,Groceries,Ice Cream,685.0,Monsoon,0
2024-07-22,P011,Groceries,Ice Cream,666.0,Monsoon,0
2024-07-29,P011,Groceries,Ice Cream,627.0,Monsoon,0
2024-08-05,P011,Groceries,Ice Cream,589.0,Monsoon,0
2024-08-12,P011,Groceries,Ice Cream,772.0,Monsoon,0
2024-08-19,P011,Groceries,Ice Cream,827.0,Monsoon,0
2024-08-26,P011,Groceries,Ice Cream,841.0,Monsoon,0
2024-09-02,P011,Groceries,Ice Cream,639.0,Monsoon,0
2024-09-09,P011,Groceries,Ice Cream,777.0,Monsoon,0
2024-09-16,P011,Groceries,Ice Cream,713.0,Monsoon,0
2024-09-23,P011,Groceries,Ice Cream,629.0,Monsoon,0
2024-09-30,P011,Groceries,Ice Cream,764.0,Monsoon,0
2024-10-07,P011,Groceries,Ice Cream,625.0,Autumn,0
2024-10-14,P011,Groceries,Ice Cream,649.0,Autumn,0
2024-10-21,P011,Groceries,Ice Cream,546.0,Autumn,0
2024-10-28,P011,Groceries,Ice Cream,2997.0,Autumn,1
2024-11-04,P011,Groceries,Ice Cream,715.0,Autumn,0
2024-11-11,P011,Groceries,Ice Cream,850.0,Autumn,0
2024-11-18,P011,Groceries,Ice Cream,652.0,Autumn,0
2024-11-25,P011,Groceries,Ice Cream,581.0,Autumn,0
2024-12-02,P011,Groceries,Ice Cream,843.0,Winter,0
2024-12-09,P011,Groceries,Ice Cream,636.0,Winter,0
2024-12-16,P011,Groceries,Ice Cream,508.0,Winter,0
2024-12-23,P011,Groceries,Ice Cream,702.0,Winter,0
2021-01-04,P012,Groceries,Chocolates,271.0,Winter,0
2021-01-11,P012,Groceries,Chocolates,390.0,Winter,0
2021-01-18,P012,Groceries,Chocolates,417.0,Winter,0
2021-01-25,P012,Groceries,Chocolates,439.0,Winter,0
2021-02-01,P012,Groceries,Chocolates,419.0,Winter,0
2021-02-08,P012,Groceries,Chocolates,344.0,Winter,0
2021-02-15,P012,Groceries,Chocolates,452.0,Winter,0
2021-02-22,P012,Groceries,Chocolates,467.0,Winter,0
2021-03-01,P012,Groceries,Chocolates,335.0,Summer,0
2021-03-08,P012,Groceries,Chocolates,397.0,Summer,0
2021-03-15,P012,Groceries,Chocolates,392.0,Summer,0
2021-03-22,P012,Groceries,Chocolates,422.0,Summer,0
2021-03-29,P012,Groceries,Chocolates,396.0,Summer,0
2021-04-05,P012,Groceries,Chocolates,404.0,Summer,0
2021-04-12,P012,Groceries,Chocolates,448.0,Summer,0
2021-04-19,P012,Groceries,Chocolates,340.0,Summer,0
2021-04-26,P012,Groceries,Chocolates,454.0,Summer,0
2021-05-03,P012,Groceries,Chocolates,479.0,Summer,0
2021-05-10,P012,Groceries,Chocolates,509.0,Summer,0
2021-05-17,P012,Groceries,Chocolates,277.0,Summer,0
2021-05-24,P012,Groceries,Chocolates,397.0,Summer,0
2021-05-31,P012,Groceries,Chocolates,288.0,Summer,0
2021-06-07,P012,Groceries,Chocolates,259.0,Summer,0
2021-06-14,P012,Groceries,Chocolates,417.0,Summer,0
2021-06-21,P012,Groceries,Chocolates,384.0,Summer,0
2021-06-28,P012,Groceries,Chocolates,427.0,Summer,0
2021-07-05,P012,Groceries,Chocolates,438.0,Monsoon,0
2021-07-12,P012,Groceries,Chocolates,485.0,Monsoon,0
2021-07-19,P012,Groceries,Chocolates,412.0,Monsoon,0
2021-07-26,P012,Groceries,Chocolates,588.0,Monsoon,0
2021-08-02,P012,Groceries,Chocolates,427.0,Monsoon,0
2021-08-09,P012,Groceries,Chocolates,522.0,Monsoon,0
2021-08-16,P012,Groceries,Chocolates,265.0,Monsoon,0
2021-08-23,P012,Groceries,Chocolates,491.0,Monsoon,0
2021-08-30,P012,Groceries,Chocolates,397.0,Monsoon,0
2021-09-06,P012,Groceries,Chocolates,289.0,Monsoon,0
2021-09-13,P012,Groceries,Chocolates,434.0,Monsoon,0
2021-09-20,P012,Groceries,Chocolates,390.0,Monsoon,0
2021-09-27,P012,Groceries,Chocolates,444.0,Monsoon,0
2021-10-04,P012,Groceries,Chocolates,471.0,Autumn,0
2021-10-11,P012,Groceries,Chocolates,317.0,Autumn,0
2021-10-18,P012,Groceries,Chocolates,471.0,Autumn,0
2021-10-25,P012,Groceries,Chocolates,409.0,Autumn,0
2021-11-01,P012,Groceries,Chocolates,2102.0,Autumn,1
2021-11-08,P012,Groceries,Chocolates,396.0,Autumn,0
2021-11-15,P012,Groceries,Chocolates,380.0,Autumn,0
2021-11-22,P012,Groceries,Chocolates,410.0,Autumn,0
2021-11-29,P012,Groceries,Chocolates,415.0,Autumn,0
2021-12-06,P012,Groceries,Chocolates,368.0,Winter,0
2021-12-13,P012,Groceries,Chocolates,378.0,Winter,0
2021-12-20,P012,Groceries,Chocolates,333.0,Winter,0
2021-12-27,P012,Groceries,Chocolates,382.0,Winter,0
2022-01-03,P012,Groceries,Chocolates,468.0,Winter,0
2022-01-10,P012,Groceries,Chocolates,416.0,Winter,0
2022-01-17,P012,Groceries,Chocolates,489.0,Winter,0
2022-01-24,P012,Groceries,Chocolates,413.0,Winter,0
2022-01-31,P012,Groceries,Chocolates,334.0,Winter,0
2022-02-07,P012,Groceries,Chocolates,463.0,Winter,0
2022-02-14,P012,Groceries,Chocolates,382.0,Winter,0
2022-02-21,P012,Groceries,Chocolates,410.0,Winter,0
2022-02-28,P012,Groceries,Chocolates,504.0,Winter,0
2022-03-07,P012,Groceries,Chocolates,351.0,Summer,0
2022-03-14,P012,Groceries,Chocolates,435.0,Summer,0
2022-03-21,P012,Groceries,Chocolates,422.0,Summer,0
2022-03-28,P012,Groceries,Chocolates,470.0,Summer,0
2022-04-04,P012,Groceries,Chocolates,479.0,Summer,0
2022-04-11,P012,Groceries,Chocolates,442.0,Summer,0
2022-04-18,P012,Groceries,Chocolates,402.0,Summer,0
2022-04-25,P012,Groceries,Chocolates,455.0,Summer,0
2022-05-02,P012,Groceries,Chocolates,510.0,Summer,0
2022-05-09,P012,Groceries,Chocolates,423.0,Summer,0
2022-05-16,P012,Groceries,Chocolates,408.0,Summer,0
2022-05-23,P012,Groceries,Chocolates,450.0,Summer,0
2022-05-30,P012,Groceries,Chocolates,427.0,Summer,0
2022-06-06,P012,Groceries,Chocolates,340.0,Summer,0
2022-06-13,P012,Groceries,Chocolates,440.0,Summer,0
2022-06-20,P012,Groceries,Chocolates,339.0,Summer,0
2022-06-27,P012,Groceries,Chocolates,449.0,Summer,0
2022-07-04,P012,Groceries,Chocolates,374.0,Monsoon,0
2022-07-11,P012,Groceries,Chocolates,427.0,Monsoon,0
2022-07-18,P012,Groceries,Chocolates,450.0,Monsoon,0
2022-07-25,P012,Groceries,Chocolates,581.0,Monsoon,0
2022-08-01,P012,Groceries,Chocolates,472.0,Monsoon,0
2022-08-08,P012,Groceries,Chocolates,512.0,Monsoon,0
2022-08-15,P012,Groceries,Chocolates,544.0,Monsoon,0
2022-08-22,P012,Groceries,Chocolates,456.0,Monsoon,0
2022-08-29,P012,Groceries,Chocolates,443.0,Monsoon,0
2022-09-05,P012,Groceries,Chocolates,357.0,Monsoon,0
2022-09-12,P012,Groceries,Chocolates,417.0,Monsoon,0
2022-09-19,P012,Groceries,Chocolates,379.0,Monsoon,0
2022-09-26,P012,Groceries,Chocolates,399.0,Monsoon,0
2022-10-03,P012,Groceries,Chocolates,544.0,Autumn,0
2022-10-10,P012,Groceries,Chocolates,432.0,Autumn,0
2022-10-17,P012,Groceries,Chocolates,369.0,Autumn,0
2022-10-24,P012,Groceries,Chocolates,2725.0,Autumn,1
2022-10-31,P012,Groceries,Chocolates,486.0,Autumn,0
2022-11-07,P012,Groceries,Chocolates,489.0,Autumn,0
2022-11-14,P012,Groceries,Chocolates,297.0,Autumn,0
2022-11-21,P012,Groceries,Chocolates,549.0,Autumn,0
2022-11-28,P012,Groceries,Chocolates,389.0,Autumn,0
2022-12-05,P012,Groceries,Chocolates,474.0,Winter,0
2022-12-12,P012,Groceries,Chocolates,586.0,Winter,0
2022-12-19,P012,Groceries,Chocolates,562.0,Winter,0
2022-12-26,P012,Groceries,Chocolates,362.0,Winter,0
2023-01-02,P012,Groceries,Chocolates,346.0,Winter,0
2023-01-09,P012,Groceries,Chocolates,536.0,Winter,0
2023-01-16,P012,Groceries,Chocolates,451.0,Winter,0
2023-01-23,P012,Groceries,Chocolates,408.0,Winter,0
2023-01-30,P012,Groceries,Chocolates,482.0,Winter,0
2023-02-06,P012,Groceries,Chocolates,430.0,Winter,0
2023-02-13,P012,Groceries,Chocolates,488.0,Winter,0
2023-02-20,P012,Groceries,Chocolates,446.0,Winter,0
2023-02-27,P012,Groceries,Chocolates,489.0,Winter,0
2023-03-06,P012,Groceries,Chocolates,382.0,Summer,0
2023-03-13,P012,Groceries,Chocolates,536.0,Summer,0
2023-03-20,P012,Groceries,Chocolates,487.0,Summer,0
2023-03-27,P012,Groceries,Chocolates,484.0,Summer,0
2023-04-03,P012,Groceries,Chocolates,367.0,Summer,0
2023-04-10,P012,Groceries,Chocolates,554.0,Summer,0
2023-04-17,P012,Groceries,Chocolates,440.0,Summer,0
2023-04-24,P012,Groceries,Chocolates,489.0,Summer,0
2023-05-01,P012,Groceries,Chocolates,420.0,Summer,0
2023-05-08,P012,Groceries,Chocolates,459.0,Summer,0
2023-05-15,P012,Groceries,Chocolates,461.0,Summer,0
2023-05-22,P012,Groceries,Chocolates,254.0,Summer,0
2023-05-29,P012,Groceries,Chocolates,480.0,Summer,0
2023-06-05,P012,Groceries,Chocolates,571.0,Summer,0
2023-06-12,P012,Groceries,Chocolates,477.0,Summer,0
2023-06-19,P012,Groceries,Chocolates,378.0,Summer,0
2023-06-26,P012,Groceries,Chocolates,484.0,Summer,0
2023-07-03,P012,Groceries,Chocolates,511.0,Monsoon,0
2023-07-10,P012,Groceries,Chocolates,475.0,Monsoon,0
2023-07-17,P012,Groceries,Chocolates,436.0,Monsoon,0
2023-07-24,P012,Groceries,Chocolates,425.0,Monsoon,0
2023-07-31,P012,Groceries,Chocolates,425.0,Monsoon,0
2023-08-07,P012,Groceries,Chocolates,487.0,Monsoon,0
2023-08-14,P012,Groceries,Chocolates,348.0,Monsoon,0
2023-08-21,P012,Groceries,Chocolates,417.0,Monsoon,0
2023-08-28,P012,Groceries,Chocolates,547.0,Monsoon,0
2023-09-04,P012,Groceries,Chocolates,549.0,Monsoon,0
2023-09-11,P012,Groceries,Chocolates,343.0,Monsoon,0
2023-09-18,P012,Groceries,Chocolates,366.0,Monsoon,0
2023-09-25,P012,Groceries,Chocolates,423.0,Monsoon,0
2023-10-02,P012,Groceries,Chocolates,500.0,Autumn,0
2023-10-09,P012,Groceries,Chocolates,320.0,Autumn,0
2023-10-16,P012,Groceries,Chocolates,438.0,Autumn,0
2023-10-23,P012,Groceries,Chocolates,410.0,Autumn,0
2023-10-30,P012,Groceries,Chocolates,529.0,Autumn,0
2023-11-06,P012,Groceries,Chocolates,1625.0,Autumn,1
2023-11-13,P012,Groceries,Chocolates,447.0,Autumn,0
2023-11-20,P012,Groceries,Chocolates,415.0,Autumn,0
2023-11-27,P012,Groceries,Chocolates,539.0,Autumn,0
2023-12-04,P012,Groceries,Chocolates,481.0,Winter,0
2023-12-11,P012,Groceries,Chocolates,402.0,Winter,0
2023-12-18,P012,Groceries,Chocolates,498.0,Winter,0
2023-12-25,P012,Groceries,Chocolates,415.0,Winter,0
2024-01-01,P012,Groceries,Chocolates,526.0,Winter,0
2024-01-08,P012,Groceries,Chocolates,441.0,Winter,0
2024-01-15,P012,Groceries,Chocolates,530.0,Winter,0
2024-01-22,P012,Groceries,Chocolates,488.0,Winter,0
2024-01-29,P012,Groceries,Chocolates,682.0,Winter,0
2024-02-05,P012,Groceries,Chocolates,454.0,Winter,0
2024-02-12,P012,Groceries,Chocolates,484.0,Winter,0
2024-02-19,P012,Groceries,Chocolates,425.0,Winter,0
2024-02-26,P012,Groceries,Chocolates,458.0,Winter,0
2024-03-04,P012,Groceries,Chocolates,272.0,Summer,0
2024-03-11,P012,Groceries,Chocolates,490.0,Summer,0
2024-03-18,P012,Groceries,Chocolates,550.0,Summer,0
2024-03-25,P012,Groceries,Chocolates,485.0,Summer,0
2024-04-01,P012,Groceries,Chocolates,367.0,Summer,0
2024-04-08,P012,Groceries,Chocolates,402.0,Summer,0
2024-04-15,P012,Groceries,Chocolates,291.0,Summer,0
2024-04-22,P012,Groceries,Chocolates,525.0,Summer,0
2024-04-29,P012,Groceries,Chocolates,388.0,Summer,0
2024-05-06,P012,Groceries,Chocolates,456.0,Summer,0
2024-05-13,P012,Groceries,Chocolates,447.0,Summer,0
2024-05-20,P012,Groceries,Chocolates,560.0,Summer,0
2024-05-27,P012,Groceries,Chocolates,463.0,Summer,0
2024-06-03,P012,Groceries,Chocolates,513.0,Summer,0
2024-06-10,P012,Groceries,Chocolates,495.0,Summer,0
2024-06-17,P012,Groceries,Chocolates,551.0,Summer,0
2024-06-24,P012,Groceries,Chocolates,441.0,Summer,0
2024-07-01,P012,Groceries,Chocolates,586.0,Monsoon,0
2024-07-08,P012,Groceries,Chocolates,321.0,Monsoon,0
2024-07-15,P012,Groceries,Chocolates,516.0,Monsoon,0
2024-07-22,P012,Groceries,Chocolates,398.0,Monsoon,0
2024-07-29,P012,Groceries,Chocolates,424.0,Monsoon,0
2024-08-05,P012,Groceries,Chocolates,497.0,Monsoon,0
2024-08-12,P012,Groceries,Chocolates,496.0,Monsoon,0
2024-08-19,P012,Groceries,Chocolates,499.0,Monsoon,0
2024-08-26,P012,Groceries,Chocolates,362.0,Monsoon,0
2024-09-02,P012,Groceries,Chocolates,557.0,Monsoon,0
2024-09-09,P012,Groceries,Chocolates,396.0,Monsoon,0
2024-09-16,P012,Groceries,Chocolates,405.0,Monsoon,0
2024-09-23,P012,Groceries,Chocolates,501.0,Monsoon,0
2024-09-30,P012,Groceries,Chocolates,438.0,Monsoon,0
2024-10-07,P012,Groceries,Chocolates,479.0,Autumn,0
2024-10-14,P012,Groceries,Chocolates,309.0,Autumn,0
2024-10-21,P012,Groceries,Chocolates,477.0,Autumn,0
2024-10-28,P012,Groceries,Chocolates,2212.0,Autumn,1
2024-11-04,P012,Groceries,Chocolates,423.0,Autumn,0
2024-11-11,P012,Groceries,Chocolates,315.0,Autumn,0
2024-11-18,P012,Groceries,Chocolates,443.0,Autumn,0
2024-11-25,P012,Groceries,Chocolates,455.0,Autumn,0
2024-12-02,P012,Groceries,Chocolates,432.0,Winter,0
2024-12-09,P012,Groceries,Chocolates,331.0,Winter,0
2024-12-16,P012,Groceries,Chocolates,567.0,Winter,0
2024-12-23,P012,Groceries,Chocolates,414.0,Winter,0
2021-01-04,P013,Groceries,Sweets,722.0,Winter,0
2021-01-11,P013,Groceries,Sweets,736.0,Winter,0
2021-01-18,P013,Groceries,Sweets,883.0,Winter,0
2021-01-25,P013,Groceries,Sweets,877.0,Winter,0
2021-02-01,P013,Groceries,Sweets,626.0,Winter,0
2021-02-08,P013,Groceries,Sweets,777.0,Winter,0
2021-02-15,P013,Groceries,Sweets,688.0,Winter,0
2021-02-22,P013,Groceries,Sweets,625.0,Winter,0
2021-03-01,P013,Groceries,Sweets,745.0,Summer,0
2021-03-08,P013,Groceries,Sweets,735.0,Summer,0
2021-03-15,P013,Groceries,Sweets,1051.0,Summer,0
2021-03-22,P013,Groceries,Sweets,821.0,Summer,0
2021-03-29,P013,Groceries,Sweets,611.0,Summer,0
2021-04-05,P013,Groceries,Sweets,705.0,Summer,0
2021-04-12,P013,Groceries,Sweets,889.0,Summer,0
2021-04-19,P013,Groceries,Sweets,1012.0,Summer,0
2021-04-26,P013,Groceries,Sweets,587.0,Summer,0
2021-05-03,P013,Groceries,Sweets,553.0,Summer,0
2021-05-10,P013,Groceries,Sweets,987.0,Summer,0
2021-05-17,P013,Groceries,Sweets,816.0,Summer,0
2021-05-24,P013,Groceries,Sweets,670.0,Summer,0
2021-05-31,P013,Groceries,Sweets,832.0,Summer,0
2021-06-07,P013,Groceries,Sweets,466.0,Summer,0
2021-06-14,P013,Groceries,Sweets,771.0,Summer,0
2021-06-21,P013,Groceries,Sweets,808.0,Summer,0
2021-06-28,P013,Groceries,Sweets,877.0,Summer,0
2021-07-05,P013,Groceries,Sweets,653.0,Monsoon,0
2021-07-12,P013,Groceries,Sweets,780.0,Monsoon,0
2021-07-19,P013,Groceries,Sweets,663.0,Monsoon,0
2021-07-26,P013,Groceries,Sweets,800.0,Monsoon,0
2021-08-02,P013,Groceries,Sweets,667.0,Monsoon,0
2021-08-09,P013,Groceries,Sweets,723.0,Monsoon,0
2021-08-16,P013,Groceries,Sweets,655.0,Monsoon,0
2021-08-23,P013,Groceries,Sweets,846.0,Monsoon,0
2021-08-30,P013,Groceries,Sweets,870.0,Monsoon,0
2021-09-06,P013,Groceries,Sweets,743.0,Monsoon,0
2021-09-13,P013,Groceries,Sweets,775.0,Monsoon,0
2021-09-20,P013,Groceries,Sweets,603.0,Monsoon,0
2021-09-27,P013,Groceries,Sweets,736.0,Monsoon,0
2021-10-04,P013,Groceries,Sweets,765.0,Autumn,0
2021-10-11,P013,Groceries,Sweets,1074.0,Autumn,0
2021-10-18,P013,Groceries,Sweets,642.0,Autumn,0
2021-10-25,P013,Groceries,Sweets,940.0,Autumn,0
2021-11-01,P013,Groceries,Sweets,3788.0,Autumn,1
2021-11-08,P013,Groceries,Sweets,803.0,Autumn,0
2021-11-15,P013,Groceries,Sweets,974.0,Autumn,0
2021-11-22,P013,Groceries,Sweets,814.0,Autumn,0
2021-11-29,P013,Groceries,Sweets,816.0,Autumn,0
2021-12-06,P013,Groceries,Sweets,764.0,Winter,0
2021-12-13,P013,Groceries,Sweets,912.0,Winter,0
2021-12-20,P013,Groceries,Sweets,897.0,Winter,0
2021-12-27,P013,Groceries,Sweets,698.0,Winter,0
2022-01-03,P013,Groceries,Sweets,643.0,Winter,0
2022-01-10,P013,Groceries,Sweets,777.0,Winter,0
2022-01-17,P013,Groceries,Sweets,705.0,Winter,0
2022-01-24,P013,Groceries,Sweets,794.0,Winter,0
2022-01-31,P013,Groceries,Sweets,950.0,Winter,0
2022-02-07,P013,Groceries,Sweets,746.0,Winter,0
2022-02-14,P013,Groceries,Sweets,796.0,Winter,0
2022-02-21,P013,Groceries,Sweets,808.0,Winter,0
2022-02-28,P013,Groceries,Sweets,903.0,Winter,0
2022-03-07,P013,Groceries,Sweets,531.0,Summer,0
2022-03-14,P013,Groceries,Sweets,728.0,Summer,0
2022-03-21,P013,Groceries,Sweets,827.0,Summer,0
2022-03-28,P013,Groceries,Sweets,946.0,Summer,0
2022-04-04,P013,Groceries,Sweets,742.0,Summer,0
2022-04-11,P013,Groceries,Sweets,576.0,Summer,0
2022-04-18,P013,Groceries,Sweets,876.0,Summer,0
2022-04-25,P013,Groceries,Sweets,725.0,Summer,0
2022-05-02,P013,Groceries,Sweets,658.0,Summer,0
2022-05-09,P013,Groceries,Sweets,726.0,Summer,0
2022-05-16,P013,Groceries,Sweets,779.0,Summer,0
2022-05-23,P013,Groceries,Sweets,729.0,Summer,0
2022-05-30,P013,Groceries,Sweets,536.0,Summer,0
2022-06-06,P013,Groceries,Sweets,909.0,Summer,0
2022-06-13,P013,Groceries,Sweets,955.0,Summer,0
2022-06-20,P013,Groceries,Sweets,880.0,Summer,0
2022-06-27,P013,Groceries,Sweets,665.0,Summer,0
2022-07-04,P013,Groceries,Sweets,777.0,Monsoon,0
2022-07-11,P013,Groceries,Sweets,801.0,Monsoon,0
2022-07-18,P013,Groceries,Sweets,873.0,Monsoon,0
2022-07-25,P013,Groceries,Sweets,882.0,Monsoon,0
2022-08-01,P013,Groceries,Sweets,713.0,Monsoon,0
2022-08-08,P013,Groceries,Sweets,811.0,Monsoon,0
2022-08-15,P013,Groceries,Sweets,856.0,Monsoon,0
2022-08-22,P013,Groceries,Sweets,976.0,Monsoon,0
2022-08-29,P013,Groceries,Sweets,886.0,Monsoon,0
2022-09-05,P013,Groceries,Sweets,896.0,Monsoon,0
2022-09-12,P013,Groceries,Sweets,811.0,Monsoon,0
2022-09-19,P013,Groceries,Sweets,971.0,Monsoon,0
2022-09-26,P013,Groceries,Sweets,851.0,Monsoon,0
2022-10-03,P013,Groceries,Sweets,698.0,Autumn,0
2022-10-10,P013,Groceries,Sweets,970.0,Autumn,0
2022-10-17,P013,Groceries,Sweets,885.0,Autumn,0
2022-10-24,P013,Groceries,Sweets,3975.0,Autumn,1
2022-10-31,P013,Groceries,Sweets,744.0,Autumn,0
2022-11-07,P013,Groceries,Sweets,837.0,Autumn,0
2022-11-14,P013,Groceries,Sweets,857.0,Autumn,0
2022-11-21,P013,Groceries,Sweets,825.0,Autumn,0
2022-11-28,P013,Groceries,Sweets,839.0,Autumn,0
2022-12-05,P013,Groceries,Sweets,1006.0,Winter,0
2022-12-12,P013,Groceries,Sweets,930.0,Winter,0
2022-12-19,P013,Groceries,Sweets,824.0,Winter,0
2022-12-26,P013,Groceries,Sweets,915.0,Winter,0
2023-01-02,P013,Groceries,Sweets,703.0,Winter,0
2023-01-09,P013,Groceries,Sweets,882.0,Winter,0
2023-01-16,P013,Groceries,Sweets,1058.0,Winter,0
2023-01-23,P013,Groceries,Sweets,805.0,Winter,0
2023-01-30,P013,Groceries,Sweets,726.0,Winter,0
2023-02-06,P013,Groceries,Sweets,751.0,Winter,0
2023-02-13,P013,Groceries,Sweets,696.0,Winter,0
2023-02-20,P013,Groceries,Sweets,734.0,Winter,0
2023-02-27,P013,Groceries,Sweets,786.0,Winter,0
2023-03-06,P013,Groceries,Sweets,657.0,Summer,0
2023-03-13,P013,Groceries,Sweets,834.0,Summer,0
2023-03-20,P013,Groceries,Sweets,945.0,Summer,0
2023-03-27,P013,Groceries,Sweets,719.0,Summer,0
2023-04-03,P013,Groceries,Sweets,1022.0,Summer,0
2023-04-10,P013,Groceries,Sweets,896.0,Summer,0
2023-04-17,P013,Groceries,Sweets,961.0,Summer,0
2023-04-24,P013,Groceries,Sweets,750.0,Summer,0
2023-05-01,P013,Groceries,Sweets,939.0,Summer,0
2023-05-08,P013,Groceries,Sweets,696.0,Summer,0
2023-05-15,P013,Groceries,Sweets,943.0,Summer,0
2023-05-22,P013,Groceries,Sweets,854.0,Summer,0
2023-05-29,P013,Groceries,Sweets,901.0,Summer,0
2023-06-05,P013,Groceries,Sweets,685.0,Summer,0
2023-06-12,P013,Groceries,Sweets,720.0,Summer,0
2023-06-19,P013,Groceries,Sweets,907.0,Summer,0
2023-06-26,P013,Groceries,Sweets,714.0,Summer,0
2023-07-03,P013,Groceries,Sweets,890.0,Monsoon,0
2023-07-10,P013,Groceries,Sweets,661.0,Monsoon,0
2023-07-17,P013,Groceries,Sweets,938.0,Monsoon,0
2023-07-24,P013,Groceries,Sweets,678.0,Monsoon,0
2023-07-31,P013,Groceries,Sweets,901.0,Monsoon,0
2023-08-07,P013,Groceries,Sweets,910.0,Monsoon,0
2023-08-14,P013,Groceries,Sweets,745.0,Monsoon,0
2023-08-21,P013,Groceries,Sweets,905.0,Monsoon,0
2023-08-28,P013,Groceries,Sweets,865.0,Monsoon,0
2023-09-04,P013,Groceries,Sweets,765.0,Monsoon,0
2023-09-11,P013,Groceries,Sweets,706.0,Monsoon,0
2023-09-18,P013,Groceries,Sweets,587.0,Monsoon,0
2023-09-25,P013,Groceries,Sweets,876.0,Monsoon,0
2023-10-02,P013,Groceries,Sweets,637.0,Autumn,0
2023-10-09,P013,Groceries,Sweets,844.0,Autumn,0
2023-10-16,P013,Groceries,Sweets,799.0,Autumn,0
2023-10-23,P013,Groceries,Sweets,917.0,Autumn,0
2023-10-30,P013,Groceries,Sweets,794.0,Autumn,0
2023-11-06,P013,Groceries,Sweets,3892.0,Autumn,1
2023-11-13,P013,Groceries,Sweets,924.0,Autumn,0
2023-11-20,P013,Groceries,Sweets,874.0,Autumn,0
2023-11-27,P013,Groceries,Sweets,872.0,Autumn,0
2023-12-04,P013,Groceries,Sweets,891.0,Winter,0
2023-12-11,P013,Groceries,Sweets,640.0,Winter,0
2023-12-18,P013,Groceries,Sweets,927.0,Winter,0
2023-12-25,P013,Groceries,Sweets,909.0,Winter,0
2024-01-01,P013,Groceries,Sweets,731.0,Winter,0
2024-01-08,P013,Groceries,Sweets,831.0,Winter,0
2024-01-15,P013,Groceries,Sweets,858.0,Winter,0
2024-01-22,P013,Groceries,Sweets,846.0,Winter,0
2024-01-29,P013,Groceries,Sweets,906.0,Winter,0
2024-02-05,P013,Groceries,Sweets,1048.0,Winter,0
2024-02-12,P013,Groceries,Sweets,1003.0,Winter,0
2024-02-19,P013,Groceries,Sweets,693.0,Winter,0
2024-02-26,P013,Groceries,Sweets,944.0,Winter,0
2024-03-04,P013,Groceries,Sweets,1035.0,Summer,0
2024-03-11,P013,Groceries,Sweets,913.0,Summer,0
2024-03-18,P013,Groceries,Sweets,1004.0,Summer,0
2024-03-25,P013,Groceries,Sweets,1124.0,Summer,0
2024-04-01,P013,Groceries,Sweets,996.0,Summer,0
2024-04-08,P013,Groceries,Sweets,895.0,Summer,0
2024-04-15,P013,Groceries,Sweets,998.0,Summer,0
2024-04-22,P013,Groceries,Sweets,882.0,Summer,0
2024-04-29,P013,Groceries,Sweets,866.0,Summer,0
2024-05-06,P013,Groceries,Sweets,818.0,Summer,0
2024-05-13,P013,Groceries,Sweets,1066.0,Summer,0
2024-05-20,P013,Groceries,Sweets,757.0,Summer,0
2024-05-27,P013,Groceries,Sweets,1062.0,Summer,0
2024-06-03,P013,Groceries,Sweets,928.0,Summer,0
2024-06-10,P013,Groceries,Sweets,682.0,Summer,0
2024-06-17,P013,Groceries,Sweets,911.0,Summer,0
2024-06-24,P013,Groceries,Sweets,591.0,Summer,0
2024-07-01,P013,Groceries,Sweets,944.0,Monsoon,0
2024-07-08,P013,Groceries,Sweets,978.0,Monsoon,0
2024-07-15,P013,Groceries,Sweets,786.0,Monsoon,0
2024-07-22,P013,Groceries,Sweets,879.0,Monsoon,0
2024-07-29,P013,Groceries,Sweets,1116.0,Monsoon,0
2024-08-05,P013,Groceries,Sweets,798.0,Monsoon,0
2024-08-12,P013,Groceries,Sweets,726.0,Monsoon,0
2024-08-19,P013,Groceries,Sweets,1055.0,Monsoon,0
2024-08-26,P013,Groceries,Sweets,1117.0,Monsoon,0
2024-09-02,P013,Groceries,Sweets,863.0,Monsoon,0
2024-09-09,P013,Groceries,Sweets,994.0,Monsoon,0
2024-09-16,P013,Groceries,Sweets,1037.0,Monsoon,0
2024-09-23,P013,Groceries,Sweets,767.0,Monsoon,0
2024-09-30,P013,Groceries,Sweets,800.0,Monsoon,0
2024-10-07,P013,Groceries,Sweets,1022.0,Autumn,0
2024-10-14,P013,Groceries,Sweets,1081.0,Autumn,0
2024-10-21,P013,Groceries,Sweets,936.0,Autumn,0
2024-10-28,P013,Groceries,Sweets,3506.0,Autumn,1
2024-11-04,P013,Groceries,Sweets,1120.0,Autumn,0
2024-11-11,P013,Groceries,Sweets,794.0,Autumn,0
2024-11-18,P013,Groceries,Sweets,820.0,Autumn,0
2024-11-25,P013,Groceries,Sweets,907.0,Autumn,0
2024-12-02,P013,Groceries,Sweets,1064.0,Winter,0
2024-12-09,P013,Groceries,Sweets,974.0,Winter,0
2024-12-16,P013,Groceries,Sweets,917.0,Winter,0
2024-12-23,P013,Groceries,Sweets,923.0,Winter,0
2021-01-04,P014,Groceries,Rice,643.0,Winter,0
2021-01-11,P014,Groceries,Rice,687.0,Winter,0
2021-01-18,P014,Groceries,Rice,731.0,Winter,0
2021-01-25,P014,Groceries,Rice,648.0,Winter,0
2021-02-01,P014,Groceries,Rice,560.0,Winter,0
2021-02-08,P014,Groceries,Rice,641.0,Winter,0
2021-02-15,P014,Groceries,Rice,581.0,Winter,0
2021-02-22,P014,Groceries,Rice,644.0,Winter,0
2021-03-01,P014,Groceries,Rice,772.0,Summer,0
2021-03-08,P014,Groceries,Rice,691.0,Summer,0
2021-03-15,P014,Groceries,Rice,640.0,Summer,0
2021-03-22,P014,Groceries,Rice,689.0,Summer,0
2021-03-29,P014,Groceries,Rice,696.0,Summer,0
2021-04-05,P014,Groceries,Rice,520.0,Summer,0
2021-04-12,P014,Groceries,Rice,624.0,Summer,0
2021-04-19,P014,Groceries,Rice,859.0,Summer,0
2021-04-26,P014,Groceries,Rice,733.0,Summer,0
2021-05-03,P014,Groceries,Rice,574.0,Summer,0
2021-05-10,P014,Groceries,Rice,564.0,Summer,0
2021-05-17,P014,Groceries,Rice,561.0,Summer,0
2021-05-24,P014,Groceries,Rice,701.0,Summer,0
2021-05-31,P014,Groceries,Rice,770.0,Summer,0
2021-06-07,P014,Groceries,Rice,675.0,Summer,0
2021-06-14,P014,Groceries,Rice,635.0,Summer,0
2021-06-21,P014,Groceries,Rice,579.0,Summer,0
2021-06-28,P014,Groceries,Rice,651.0,Summer,0
2021-07-05,P014,Groceries,Rice,544.0,Monsoon,0
2021-07-12,P014,Groceries,Rice,440.0,Monsoon,0
2021-07-19,P014,Groceries,Rice,773.0,Monsoon,0
2021-07-26,P014,Groceries,Rice,527.0,Monsoon,0
2021-08-02,P014,Groceries,Rice,590.0,Monsoon,0
2021-08-09,P014,Groceries,Rice,682.0,Monsoon,0
2021-08-16,P014,Groceries,Rice,754.0,Monsoon,0
2021-08-23,P014,Groceries,Rice,644.0,Monsoon,0
2021-08-30,P014,Groceries,Rice,509.0,Monsoon,0
2021-09-06,P014,Groceries,Rice,592.0,Monsoon,0
2021-09-13,P014,Groceries,Rice,557.0,Monsoon,0
2021-09-20,P014,Groceries,Rice,617.0,Monsoon,0
2021-09-27,P014,Groceries,Rice,735.0,Monsoon,0
2021-10-04,P014,Groceries,Rice,384.0,Autumn,0
2021-10-11,P014,Groceries,Rice,582.0,Autumn,0
2021-10-18,P014,Groceries,Rice,575.0,Autumn,0
2021-10-25,P014,Groceries,Rice,503.0,Autumn,0
2021-11-01,P014,Groceries,Rice,2887.0,Autumn,1
2021-11-08,P014,Groceries,Rice,489.0,Autumn,0
2021-11-15,P014,Groceries,Rice,499.0,Autumn,0
2021-11-22,P014,Groceries,Rice,700.0,Autumn,0
2021-11-29,P014,Groceries,Rice,760.0,Autumn,0
2021-12-06,P014,Groceries,Rice,613.0,Winter,0
2021-12-13,P014,Groceries,Rice,507.0,Winter,0
2021-12-20,P014,Groceries,Rice,555.0,Winter,0
2021-12-27,P014,Groceries,Rice,714.0,Winter,0
2022-01-03,P014,Groceries,Rice,657.0,Winter,0
2022-01-10,P014,Groceries,Rice,636.0,Winter,0
2022-01-17,P014,Groceries,Rice,676.0,Winter,0
2022-01-24,P014,Groceries,Rice,642.0,Winter,0
2022-01-31,P014,Groceries,Rice,795.0,Winter,0
2022-02-07,P014,Groceries,Rice,573.0,Winter,0
2022-02-14,P014,Groceries,Rice,562.0,Winter,0
2022-02-21,P014,Groceries,Rice,511.0,Winter,0
2022-02-28,P014,Groceries,Rice,593.0,Winter,0
2022-03-07,P014,Groceries,Rice,540.0,Summer,0
2022-03-14,P014,Groceries,Rice,666.0,Summer,0
2022-03-21,P014,Groceries,Rice,647.0,Summer,0
2022-03-28,P014,Groceries,Rice,541.0,Summer,0
2022-04-04,P014,Groceries,Rice,702.0,Summer,0
2022-04-11,P014,Groceries,Rice,792.0,Summer,0
2022-04-18,P014,Groceries,Rice,680.0,Summer,0
2022-04-25,P014,Groceries,Rice,399.0,Summer,0
2022-05-02,P014,Groceries,Rice,838.0,Summer,0
2022-05-09,P014,Groceries,Rice,718.0,Summer,0
2022-05-16,P014,Groceries,Rice,835.0,Summer,0
2022-05-23,P014,Groceries,Rice,751.0,Summer,0
2022-05-30,P014,Groceries,Rice,770.0,Summer,0
2022-06-06,P014,Groceries,Rice,665.0,Summer,0
2022-06-13,P014,Groceries,Rice,620.0,Summer,0
2022-06-20,P014,Groceries,Rice,682.0,Summer,0
2022-06-27,P014,Groceries,Rice,577.0,Summer,0
2022-07-04,P014,Groceries,Rice,687.0,Monsoon,0
2022-07-11,P014,Groceries,Rice,391.0,Monsoon,0
2022-07-18,P014,Groceries,Rice,649.0,Monsoon,0
2022-07-25,P014,Groceries,Rice,776.0,Monsoon,0
2022-08-01,P014,Groceries,Rice,654.0,Monsoon,0
2022-08-08,P014,Groceries,Rice,813.0,Monsoon,0
2022-08-15,P014,Groceries,Rice,620.0,Monsoon,0
2022-08-22,P014,Groceries,Rice,742.0,Monsoon,0
2022-08-29,P014,Groceries,Rice,560.0,Monsoon,0
2022-09-05,P014,Groceries,Rice,739.0,Monsoon,0
2022-09-12,P014,Groceries,Rice,668.0,Monsoon,0
2022-09-19,P014,Groceries,Rice,624.0,Monsoon,0
2022-09-26,P014,Groceries,Rice,396.0,Monsoon,0
2022-10-03,P014,Groceries,Rice,621.0,Autumn,0
2022-10-10,P014,Groceries,Rice,666.0,Autumn,0
2022-10-17,P014,Groceries,Rice,726.0,Autumn,0
2022-10-24,P014,Groceries,Rice,4233.0,Autumn,1
2022-10-31,P014,Groceries,Rice,842.0,Autumn,0
2022-11-07,P014,Groceries,Rice,766.0,Autumn,0
2022-11-14,P014,Groceries,Rice,591.0,Autumn,0
2022-11-21,P014,Groceries,Rice,616.0,Autumn,0
2022-11-28,P014,Groceries,Rice,717.0,Autumn,0
2022-12-05,P014,Groceries,Rice,696.0,Winter,0
2022-12-12,P014,Groceries,Rice,803.0,Winter,0
2022-12-19,P014,Groceries,Rice,886.0,Winter,0
2022-12-26,P014,Groceries,Rice,865.0,Winter,0
2023-01-02,P014,Groceries,Rice,820.0,Winter,0
2023-01-09,P014,Groceries,Rice,723.0,Winter,0
2023-01-16,P014,Groceries,Rice,806.0,Winter,0
2023-01-23,P014,Groceries,Rice,837.0,Winter,0
2023-01-30,P014,Groceries,Rice,655.0,Winter,0
2023-02-06,P014,Groceries,Rice,617.0,Winter,0
2023-02-13,P014,Groceries,Rice,593.0,Winter,0
2023-02-20,P014,Groceries,Rice,582.0,Winter,0
2023-02-27,P014,Groceries,Rice,531.0,Winter,0
2023-03-06,P014,Groceries,Rice,695.0,Summer,0
2023-03-13,P014,Groceries,Rice,570.0,Summer,0
2023-03-20,P014,Groceries,Rice,591.0,Summer,0
2023-03-27,P014,Groceries,Rice,741.0,Summer,0
2023-04-03,P014,Groceries,Rice,688.0,Summer,0
2023-04-10,P014,Groceries,Rice,713.0,Summer,0
2023-04-17,P014,Groceries,Rice,808.0,Summer,0
2023-04-24,P014,Groceries,Rice,757.0,Summer,0
2023-05-01,P014,Groceries,Rice,823.0,Summer,0
2023-05-08,P014,Groceries,Rice,678.0,Summer,0
2023-05-15,P014,Groceries,Rice,832.0,Summer,0
2023-05-22,P014,Groceries,Rice,706.0,Summer,0
2023-05-29,P014,Groceries,Rice,687.0,Summer,0
2023-06-05,P014,Groceries,Rice,817.0,Summer,0
2023-06-12,P014,Groceries,Rice,582.0,Summer,0
2023-06-19,P014,Groceries,Rice,874.0,Summer,0
2023-06-26,P014,Groceries,Rice,642.0,Summer,0
2023-07-03,P014,Groceries,Rice,548.0,Monsoon,0
2023-07-10,P014,Groceries,Rice,736.0,Monsoon,0
2023-07-17,P014,Groceries,Rice,632.0,Monsoon,0
2023-07-24,P014,Groceries,Rice,874.0,Monsoon,0
2023-07-31,P014,Groceries,Rice,627.0,Monsoon,0
2023-08-07,P014,Groceries,Rice,702.0,Monsoon,0
2023-08-14,P014,Groceries,Rice,527.0,Monsoon,0
2023-08-21,P014,Groceries,Rice,752.0,Monsoon,0
2023-08-28,P014,Groceries,Rice,592.0,Monsoon,0
2023-09-04,P014,Groceries,Rice,740.0,Monsoon,0
2023-09-11,P014,Groceries,Rice,627.0,Monsoon,0
2023-09-18,P014,Groceries,Rice,464.0,Monsoon,0
2023-09-25,P014,Groceries,Rice,683.0,Monsoon,0
2023-10-02,P014,Groceries,Rice,679.0,Autumn,0
2023-10-09,P014,Groceries,Rice,759.0,Autumn,0
2023-10-16,P014,Groceries,Rice,827.0,Autumn,0
2023-10-23,P014,Groceries,Rice,863.0,Autumn,0
2023-10-30,P014,Groceries,Rice,757.0,Autumn,0
2023-11-06,P014,Groceries,Rice,3435.0,Autumn,1
2023-11-13,P014,Groceries,Rice,527.0,Autumn,0
2023-11-20,P014,Groceries,Rice,691.0,Autumn,0
2023-11-27,P014,Groceries,Rice,692.0,Autumn,0
2023-12-04,P014,Groceries,Rice,650.0,Winter,0
2023-12-11,P014,Groceries,Rice,734.0,Winter,0
2023-12-18,P014,Groceries,Rice,783.0,Winter,0
2023-12-25,P014,Groceries,Rice,588.0,Winter,0
2024-01-01,P014,Groceries,Rice,608.0,Winter,0
2024-01-08,P014,Groceries,Rice,680.0,Winter,0
2024-01-15,P014,Groceries,Rice,631.0,Winter,0
2024-01-22,P014,Groceries,Rice,524.0,Winter,0
2024-01-29,P014,Groceries,Rice,591.0,Winter,0
2024-02-05,P014,Groceries,Rice,566.0,Winter,0
2024-02-12,P014,Groceries,Rice,821.0,Winter,0
2024-02-19,P014,Groceries,Rice,873.0,Winter,0
2024-02-26,P014,Groceries,Rice,581.0,Winter,0
2024-03-04,P014,Groceries,Rice,752.0,Summer,0
2024-03-11,P014,Groceries,Rice,786.0,Summer,0
2024-03-18,P014,Groceries,Rice,539.0,Summer,0
2024-03-25,P014,Groceries,Rice,712.0,Summer,0
2024-04-01,P014,Groceries,Rice,959.0,Summer,0
2024-04-08,P014,Groceries,Rice,766.0,Summer,0
2024-04-15,P014,Groceries,Rice,669.0,Summer,0
2024-04-22,P014,Groceries,Rice,637.0,Summer,0
2024-04-29,P014,Groceries,Rice,484.0,Summer,0
2024-05-06,P014,Groceries,Rice,744.0,Summer,0
2024-05-13,P014,Groceries,Rice,898.0,Summer,0
2024-05-20,P014,Groceries,Rice,610.0,Summer,0
2024-05-27,P014,Groceries,Rice,493.0,Summer,0
2024-06-03,P014,Groceries,Rice,626.0,Summer,0
2024-06-10,P014,Groceries,Rice,787.0,Summer,0
2024-06-17,P014,Groceries,Rice,650.0,Summer,0
2024-06-24,P014,Groceries,Rice,609.0,Summer,0
2024-07-01,P014,Groceries,Rice,697.0,Monsoon,0
2024-07-08,P014,Groceries,Rice,719.0,Monsoon,0
2024-07-15,P014,Groceries,Rice,550.0,Monsoon,0
2024-07-22,P014,Groceries,Rice,672.0,Monsoon,0
2024-07-29,P014,Groceries,Rice,643.0,Monsoon,0
2024-08-05,P014,Groceries,Rice,628.0,Monsoon,0
2024-08-12,P014,Groceries,Rice,589.0,Monsoon,0
2024-08-19,P014,Groceries,Rice,793.0,Monsoon,0
2024-08-26,P014,Groceries,Rice,628.0,Monsoon,0
2024-09-02,P014,Groceries,Rice,487.0,Monsoon,0
2024-09-09,P014,Groceries,Rice,723.0,Monsoon,0
2024-09-16,P014,Groceries,Rice,771.0,Monsoon,0
2024-09-23,P014,Groceries,Rice,612.0,Monsoon,0
2024-09-30,P014,Groceries,Rice,637.0,Monsoon,0
2024-10-07,P014,Groceries,Rice,627.0,Autumn,0
2024-10-14,P014,Groceries,Rice,659.0,Autumn,0
2024-10-21,P014,Groceries,Rice,810.0,Autumn,0
2024-10-28,P014,Groceries,Rice,3197.0,Autumn,1
2024-11-04,P014,Groceries,Rice,783.0,Autumn,0
2024-11-11,P014,Groceries,Rice,594.0,Autumn,0
2024-11-18,P014,Groceries,Rice,655.0,Autumn,0
2024-11-25,P014,Groceries,Rice,795.0,Autumn,0
2024-12-02,P014,Groceries,Rice,611.0,Winter,0
2024-12-09,P014,Groceries,Rice,801.0,Winter,0
2024-12-16,P014,Groceries,Rice,629.0,Winter,0
2024-12-23,P014,Groceries,Rice,661.0,Winter,0
2021-01-04,P015,Groceries,Oil,596.0,Winter,0
2021-01-11,P015,Groceries,Oil,597.0,Winter,0
2021-01-18,P015,Groceries,Oil,564.0,Winter,0
2021-01-25,P015,Groceries,Oil,462.0,Winter,0
2021-02-01,P015,Groceries,Oil,667.0,Winter,0
2021-02-08,P015,Groceries,Oil,810.0,Winter,0
2021-02-15,P015,Groceries,Oil,638.0,Winter,0
2021-02-22,P015,Groceries,Oil,465.0,Winter,0
2021-03-01,P015,Groceries,Oil,720.0,Summer,0
2021-03-08,P015,Groceries,Oil,487.0,Summer,0
2021-03-15,P015,Groceries,Oil,528.0,Summer,0
2021-03-22,P015,Groceries,Oil,621.0,Summer,0
2021-03-29,P015,Groceries,Oil,656.0,Summer,0
2021-04-05,P015,Groceries,Oil,547.0,Summer,0
2021-04-12,P015,Groceries,Oil,618.0,Summer,0
2021-04-19,P015,Groceries,Oil,714.0,Summer,0
2021-04-26,P015,Groceries,Oil,727.0,Summer,0
2021-05-03,P015,Groceries,Oil,766.0,Summer,0
2021-05-10,P015,Groceries,Oil,829.0,Summer,0
2021-05-17,P015,Groceries,Oil,723.0,Summer,0
2021-05-24,P015,Groceries,Oil,624.0,Summer,0
2021-05-31,P015,Groceries,Oil,728.0,Summer,0
2021-06-07,P015,Groceries,Oil,690.0,Summer,0
2021-06-14,P015,Groceries,Oil,693.0,Summer,0
2021-06-21,P015,Groceries,Oil,662.0,Summer,0
2021-06-28,P015,Groceries,Oil,556.0,Summer,0
2021-07-05,P015,Groceries,Oil,545.0,Monsoon,0
2021-07-12,P015,Groceries,Oil,635.0,Monsoon,0
2021-07-19,P015,Groceries,Oil,659.0,Monsoon,0
2021-07-26,P015,Groceries,Oil,579.0,Monsoon,0
2021-08-02,P015,Groceries,Oil,685.0,Monsoon,0
2021-08-09,P015,Groceries,Oil,846.0,Monsoon,0
2021-08-16,P015,Groceries,Oil,476.0,Monsoon,0
2021-08-23,P015,Groceries,Oil,701.0,Monsoon,0
2021-08-30,P015,Groceries,Oil,638.0,Monsoon,0
2021-09-06,P015,Groceries,Oil,688.0,Monsoon,0
2021-09-13,P015,Groceries,Oil,603.0,Monsoon,0
2021-09-20,P015,Groceries,Oil,630.0,Monsoon,0
2021-09-27,P015,Groceries,Oil,657.0,Monsoon,0
2021-10-04,P015,Groceries,Oil,615.0,Autumn,0
2021-10-11,P015,Groceries,Oil,497.0,Autumn,0
2021-10-18,P015,Groceries,Oil,622.0,Autumn,0
2021-10-25,P015,Groceries,Oil,507.0,Autumn,0
2021-11-01,P015,Groceries,Oil,3026.0,Autumn,1
2021-11-08,P015,Groceries,Oil,464.0,Autumn,0
2021-11-15,P015,Groceries,Oil,744.0,Autumn,0
2021-11-22,P015,Groceries,Oil,686.0,Autumn,0
2021-11-29,P015,Groceries,Oil,686.0,Autumn,0
2021-12-06,P015,Groceries,Oil,435.0,Winter,0
2021-12-13,P015,Groceries,Oil,613.0,Winter,0
2021-12-20,P015,Groceries,Oil,756.0,Winter,0
2021-12-27,P015,Groceries,Oil,594.0,Winter,0
2022-01-03,P015,Groceries,Oil,562.0,Winter,0
2022-01-10,P015,Groceries,Oil,606.0,Winter,0
2022-01-17,P015,Groceries,Oil,663.0,Winter,0
2022-01-24,P015,Groceries,Oil,585.0,Winter,0
2022-01-31,P015,Groceries,Oil,794.0,Winter,0
2022-02-07,P015,Groceries,Oil,664.0,Winter,0
2022-02-14,P015,Groceries,Oil,614.0,Winter,0
2022-02-21,P015,Groceries,Oil,539.0,Winter,0
2022-02-28,P015,Groceries,Oil,719.0,Winter,0
2022-03-07,P015,Groceries,Oil,717.0,Summer,0
2022-03-14,P015,Groceries,Oil,591.0,Summer,0
2022-03-21,P015,Groceries,Oil,445.0,Summer,0
2022-03-28,P015,Groceries,Oil,712.0,Summer,0
2022-04-04,P015,Groceries,Oil,652.0,Summer,0
2022-04-11,P015,Groceries,Oil,704.0,Summer,0
2022-04-18,P015,Groceries,Oil,867.0,Summer,0
2022-04-25,P015,Groceries,Oil,668.0,Summer,0
2022-05-02,P015,Groceries,Oil,619.0,Summer,0
2022-05-09,P015,Groceries,Oil,555.0,Summer,0
2022-05-16,P015,Groceries,Oil,639.0,Summer,0
2022-05-23,P015,Groceries,Oil,686.0,Summer,0
2022-05-30,P015,Groceries,Oil,676.0,Summer,0
2022-06-06,P015,Groceries,Oil,844.0,Summer,0
2022-06-13,P015,Groceries,Oil,721.0,Summer,0
2022-06-20,P015,Groceries,Oil,657.0,Summer,0
2022-06-27,P015,Groceries,Oil,599.0,Summer,0
2022-07-04,P015,Groceries,Oil,697.0,Monsoon,0
2022-07-11,P015,Groceries,Oil,579.0,Monsoon,0
2022-07-18,P015,Groceries,Oil,688.0,Monsoon,0
2022-07-25,P015,Groceries,Oil,719.0,Monsoon,0
2022-08-01,P015,Groceries,Oil,649.0,Monsoon,0
2022-08-08,P015,Groceries,Oil,607.0,Monsoon,0
2022-08-15,P015,Groceries,Oil,450.0,Monsoon,0
2022-08-22,P015,Groceries,Oil,785.0,Monsoon,0
2022-08-29,P015,Groceries,Oil,711.0,Monsoon,0
2022-09-05,P015,Groceries,Oil,713.0,Monsoon,0
2022-09-12,P015,Groceries,Oil,513.0,Monsoon,0
2022-09-19,P015,Groceries,Oil,809.0,Monsoon,0
2022-09-26,P015,Groceries,Oil,623.0,Monsoon,0
2022-10-03,P015,Groceries,Oil,641.0,Autumn,0
2022-10-10,P015,Groceries,Oil,563.0,Autumn,0
2022-10-17,P015,Groceries,Oil,490.0,Autumn,0
2022-10-24,P015,Groceries,Oil,4181.0,Autumn,1
2022-10-31,P015,Groceries,Oil,800.0,Autumn,0
2022-11-07,P015,Groceries,Oil,654.0,Autumn,0
2022-11-14,P015,Groceries,Oil,602.0,Autumn,0
2022-11-21,P015,Groceries,Oil,632.0,Autumn,0
2022-11-28,P015,Groceries,Oil,635.0,Autumn,0
2022-12-05,P015,Groceries,Oil,550.0,Winter,0
2022-12-12,P015,Groceries,Oil,641.0,Winter,0
2022-12-19,P015,Groceries,Oil,686.0,Winter,0
2022-12-26,P015,Groceries,Oil,773.0,Winter,0
2023-01-02,P015,Groceries,Oil,698.0,Winter,0
2023-01-09,P015,Groceries,Oil,531.0,Winter,0
2023-01-16,P015,Groceries,Oil,733.0,Winter,0
2023-01-23,P015,Groceries,Oil,669.0,Winter,0
2023-01-30,P015,Groceries,Oil,839.0,Winter,0
2023-02-06,P015,Groceries,Oil,845.0,Winter,0
2023-02-13,P015,Groceries,Oil,849.0,Winter,0
2023-02-20,P015,Groceries,Oil,637.0,Winter,0
2023-02-27,P015,Groceries,Oil,904.0,Winter,0
2023-03-06,P015,Groceries,Oil,733.0,Summer,0
2023-03-13,P015,Groceries,Oil,866.0,Summer,0
2023-03-20,P015,Groceries,Oil,644.0,Summer,0
2023-03-27,P015,Groceries,Oil,665.0,Summer,0
2023-04-03,P015,Groceries,Oil,725.0,Summer,0
2023-04-10,P015,Groceries,Oil,712.0,Summer,0
2023-04-17,P015,Groceries,Oil,827.0,Summer,0
2023-04-24,P015,Groceries,Oil,672.0,Summer,0
2023-05-01,P015,Groceries,Oil,818.0,Summer,0
2023-05-08,P015,Groceries,Oil,773.0,Summer,0
2023-05-15,P015,Groceries,Oil,674.0,Summer,0
2023-05-22,P015,Groceries,Oil,765.0,Summer,0
2023-05-29,P015,Groceries,Oil,647.0,Summer,0
2023-06-05,P015,Groceries,Oil,942.0,Summer,0
2023-06-12,P015,Groceries,Oil,418.0,Summer,0
2023-06-19,P015,Groceries,Oil,766.0,Summer,0
2023-06-26,P015,Groceries,Oil,512.0,Summer,0
2023-07-03,P015,Groceries,Oil,673.0,Monsoon,0
2023-07-10,P015,Groceries,Oil,687.0,Monsoon,0
2023-07-17,P015,Groceries,Oil,854.0,Monsoon,0
2023-07-24,P015,Groceries,Oil,624.0,Monsoon,0
2023-07-31,P015,Groceries,Oil,833.0,Monsoon,0
2023-08-07,P015,Groceries,Oil,573.0,Monsoon,0
2023-08-14,P015,Groceries,Oil,837.0,Monsoon,0
2023-08-21,P015,Groceries,Oil,647.0,Monsoon,0
2023-08-28,P015,Groceries,Oil,704.0,Monsoon,0
2023-09-04,P015,Groceries,Oil,661.0,Monsoon,0
2023-09-11,P015,Groceries,Oil,830.0,Monsoon,0
2023-09-18,P015,Groceries,Oil,810.0,Monsoon,0
2023-09-25,P015,Groceries,Oil,742.0,Monsoon,0
2023-10-02,P015,Groceries,Oil,576.0,Autumn,0
2023-10-09,P015,Groceries,Oil,621.0,Autumn,0
2023-10-16,P015,Groceries,Oil,589.0,Autumn,0
2023-10-23,P015,Groceries,Oil,461.0,Autumn,0
2023-10-30,P015,Groceries,Oil,828.0,Autumn,0
2023-11-06,P015,Groceries,Oil,3257.0,Autumn,1
2023-11-13,P015,Groceries,Oil,661.0,Autumn,0
2023-11-20,P015,Groceries,Oil,852.0,Autumn,0
2023-11-27,P015,Groceries,Oil,646.0,Autumn,0
2023-12-04,P015,Groceries,Oil,608.0,Winter,0
2023-12-11,P015,Groceries,Oil,673.0,Winter,0
2023-12-18,P015,Groceries,Oil,578.0,Winter,0
2023-12-25,P015,Groceries,Oil,732.0,Winter,0
2024-01-01,P015,Groceries,Oil,681.0,Winter,0
2024-01-08,P015,Groceries,Oil,667.0,Winter,0
2024-01-15,P015,Groceries,Oil,658.0,Winter,0
2024-01-22,P015,Groceries,Oil,710.0,Winter,0
2024-01-29,P015,Groceries,Oil,731.0,Winter,0
2024-02-05,P015,Groceries,Oil,666.0,Winter,0
2024-02-12,P015,Groceries,Oil,683.0,Winter,0
2024-02-19,P015,Groceries,Oil,713.0,Winter,0
2024-02-26,P015,Groceries,Oil,702.0,Winter,0
2024-03-04,P015,Groceries,Oil,725.0,Summer,0
2024-03-11,P015,Groceries,Oil,649.0,Summer,0
2024-03-18,P015,Groceries,Oil,831.0,Summer,0
2024-03-25,P015,Groceries,Oil,732.0,Summer,0
2024-04-01,P015,Groceries,Oil,667.0,Summer,0
2024-04-08,P015,Groceries,Oil,759.0,Summer,0
2024-04-15,P015,Groceries,Oil,714.0,Summer,0
2024-04-22,P015,Groceries,Oil,534.0,Summer,0
2024-04-29,P015,Groceries,Oil,759.0,Summer,0
2024-05-06,P015,Groceries,Oil,611.0,Summer,0
2024-05-13,P015,Groceries,Oil,823.0,Summer,0
2024-05-20,P015,Groceries,Oil,696.0,Summer,0
2024-05-27,P015,Groceries,Oil,806.0,Summer,0
2024-06-03,P015,Groceries,Oil,654.0,Summer,0
2024-06-10,P015,Groceries,Oil,729.0,Summer,0
2024-06-17,P015,Groceries,Oil,853.0,Summer,0
2024-06-24,P015,Groceries,Oil,693.0,Summer,0
2024-07-01,P015,Groceries,Oil,658.0,Monsoon,0
2024-07-08,P015,Groceries,Oil,793.0,Monsoon,0
2024-07-15,P015,Groceries,Oil,791.0,Monsoon,0
2024-07-22,P015,Groceries,Oil,662.0,Monsoon,0
2024-07-29,P015,Groceries,Oil,507.0,Monsoon,0
2024-08-05,P015,Groceries,Oil,656.0,Monsoon,0
2024-08-12,P015,Groceries,Oil,795.0,Monsoon,0
2024-08-19,P015,Groceries,Oil,638.0,Monsoon,0
2024-08-26,P015,Groceries,Oil,721.0,Monsoon,0
2024-09-02,P015,Groceries,Oil,651.0,Monsoon,0
2024-09-09,P015,Groceries,Oil,513.0,Monsoon,0
2024-09-16,P015,Groceries,Oil,649.0,Monsoon,0
2024-09-23,P015,Groceries,Oil,795.0,Monsoon,0
2024-09-30,P015,Groceries,Oil,465.0,Monsoon,0
2024-10-07,P015,Groceries,Oil,749.0,Autumn,0
2024-10-14,P015,Groceries,Oil,593.0,Autumn,0
2024-10-21,P015,Groceries,Oil,788.0,Autumn,0
2024-10-28,P015,Groceries,Oil,3741.0,Autumn,1
2024-11-04,P015,Groceries,Oil,703.0,Autumn,0
2024-11-11,P015,Groceries,Oil,704.0,Autumn,0
2024-11-18,P015,Groceries,Oil,635.0,Autumn,0
2024-11-25,P015,Groceries,Oil,576.0,Autumn,0
2024-12-02,P015,Groceries,Oil,906.0,Winter,0
2024-12-09,P015,Groceries,Oil,628.0,Winter,0
2024-12-16,P015,Groceries,Oil,892.0,Winter,0
2024-12-23,P015,Groceries,Oil,629.0,Winter,0
2021-01-04,P016,Clothing,T-shirt,274.0,Winter,0
2021-01-11,P016,Clothing,T-shirt,277.0,Winter,0
2021-01-18,P016,Clothing,T-shirt,302.0,Winter,0
2021-01-25,P016,Clothing,T-shirt,321.0,Winter,0
2021-02-01,P016,Clothing,T-shirt,355.0,Winter,0
2021-02-08,P016,Clothing,T-shirt,299.0,Winter,0
2021-02-15,P016,Clothing,T-shirt,354.0,Winter,0
2021-02-22,P016,Clothing,T-shirt,358.0,Winter,0
2021-03-01,P016,Clothing,T-shirt,347.0,Summer,0
2021-03-08,P016,Clothing,T-shirt,282.0,Summer,0
2021-03-15,P016,Clothing,T-shirt,363.0,Summer,0
2021-03-22,P016,Clothing,T-shirt,446.0,Summer,0
2021-03-29,P016,Clothing,T-shirt,352.0,Summer,0
2021-04-05,P016,Clothing,T-shirt,378.0,Summer,0
2021-04-12,P016,Clothing,T-shirt,806.0,Summer,0
2021-04-19,P016,Clothing,T-shirt,608.0,Summer,0
2021-04-26,P016,Clothing,T-shirt,911.0,Summer,0
2021-05-03,P016,Clothing,T-shirt,691.0,Summer,0
2021-05-10,P016,Clothing,T-shirt,508.0,Summer,0
2021-05-17,P016,Clothing,T-shirt,469.0,Summer,0
2021-05-24,P016,Clothing,T-shirt,837.0,Summer,0
2021-05-31,P016,Clothing,T-shirt,792.0,Summer,0
2021-06-07,P016,Clothing,T-shirt,907.0,Summer,0
2021-06-14,P016,Clothing,T-shirt,681.0,Summer,0
2021-06-21,P016,Clothing,T-shirt,674.0,Summer,0
2021-06-28,P016,Clothing,T-shirt,640.0,Summer,0
2021-07-05,P016,Clothing,T-shirt,306.0,Monsoon,0
2021-07-12,P016,Clothing,T-shirt,319.0,Monsoon,0
2021-07-19,P016,Clothing,T-shirt,351.0,Monsoon,0
2021-07-26,P016,Clothing,T-shirt,296.0,Monsoon,0
2021-08-02,P016,Clothing,T-shirt,254.0,Monsoon,0
2021-08-09,P016,Clothing,T-shirt,348.0,Monsoon,0
2021-08-16,P016,Clothing,T-shirt,295.0,Monsoon,0
2021-08-23,P016,Clothing,T-shirt,174.0,Monsoon,0
2021-08-30,P016,Clothing,T-shirt,368.0,Monsoon,0
2021-09-06,P016,Clothing,T-shirt,283.0,Monsoon,0
2021-09-13,P016,Clothing,T-shirt,373.0,Monsoon,0
2021-09-20,P016,Clothing,T-shirt,372.0,Monsoon,0
2021-09-27,P016,Clothing,T-shirt,354.0,Monsoon,0
2021-10-04,P016,Clothing,T-shirt,467.0,Autumn,0
2021-10-11,P016,Clothing,T-shirt,332.0,Autumn,0
2021-10-18,P016,Clothing,T-shirt,325.0,Autumn,0
2021-10-25,P016,Clothing,T-shirt,374.0,Autumn,0
2021-11-01,P016,Clothing,T-shirt,1441.0,Autumn,1
2021-11-08,P016,Clothing,T-shirt,399.0,Autumn,0
2021-11-15,P016,Clothing,T-shirt,275.0,Autumn,0
2021-11-22,P016,Clothing,T-shirt,276.0,Autumn,0
2021-11-29,P016,Clothing,T-shirt,379.0,Autumn,0
2021-12-06,P016,Clothing,T-shirt,280.0,Winter,0
2021-12-13,P016,Clothing,T-shirt,371.0,Winter,0
2021-12-20,P016,Clothing,T-shirt,358.0,Winter,0
2021-12-27,P016,Clothing,T-shirt,304.0,Winter,0
2022-01-03,P016,Clothing,T-shirt,373.0,Winter,0
2022-01-10,P016,Clothing,T-shirt,288.0,Winter,0
2022-01-17,P016,Clothing,T-shirt,300.0,Winter,0
2022-01-24,P016,Clothing,T-shirt,341.0,Winter,0
2022-01-31,P016,Clothing,T-shirt,357.0,Winter,0
2022-02-07,P016,Clothing,T-shirt,337.0,Winter,0
2022-02-14,P016,Clothing,T-shirt,376.0,Winter,0
2022-02-21,P016,Clothing,T-shirt,374.0,Winter,0
2022-02-28,P016,Clothing,T-shirt,434.0,Winter,0
2022-03-07,P016,Clothing,T-shirt,348.0,Summer,0
2022-03-14,P016,Clothing,T-shirt,416.0,Summer,0
2022-03-21,P016,Clothing,T-shirt,402.0,Summer,0
2022-03-28,P016,Clothing,T-shirt,475.0,Summer,0
2022-04-04,P016,Clothing,T-shirt,693.0,Summer,0
2022-04-11,P016,Clothing,T-shirt,662.0,Summer,0
2022-04-18,P016,Clothing,T-shirt,840.0,Summer,0
2022-04-25,P016,Clothing,T-shirt,748.0,Summer,0
2022-05-02,P016,Clothing,T-shirt,843.0,Summer,0
2022-05-09,P016,Clothing,T-shirt,783.0,Summer,0
2022-05-16,P016,Clothing,T-shirt,483.0,Summer,0
2022-05-23,P016,Clothing,T-shirt,747.0,Summer,0
2022-05-30,P016,Clothing,T-shirt,740.0,Summer,0
2022-06-06,P016,Clothing,T-shirt,721.0,Summer,0
2022-06-13,P016,Clothing,T-shirt,693.0,Summer,0
2022-06-20,P016,Clothing,T-shirt,538.0,Summer,0
2022-06-27,P016,Clothing,T-shirt,799.0,Summer,0
2022-07-04,P016,Clothing,T-shirt,373.0,Monsoon,0
2022-07-11,P016,Clothing,T-shirt,412.0,Monsoon,0
2022-07-18,P016,Clothing,T-shirt,271.0,Monsoon,0
2022-07-25,P016,Clothing,T-shirt,380.0,Monsoon,0
2022-08-01,P016,Clothing,T-shirt,341.0,Monsoon,0
2022-08-08,P016,Clothing,T-shirt,361.0,Monsoon,0
2022-08-15,P016,Clothing,T-shirt,341.0,Monsoon,0
2022-08-22,P016,Clothing,T-shirt,382.0,Monsoon,0
2022-08-29,P016,Clothing,T-shirt,344.0,Monsoon,0
2022-09-05,P016,Clothing,T-shirt,297.0,Monsoon,0
2022-09-12,P016,Clothing,T-shirt,358.0,Monsoon,0
2022-09-19,P016,Clothing,T-shirt,342.0,Monsoon,0
2022-09-26,P016,Clothing,T-shirt,349.0,Monsoon,0
2022-10-03,P016,Clothing,T-shirt,184.0,Autumn,0
2022-10-10,P016,Clothing,T-shirt,389.0,Autumn,0
2022-10-17,P016,Clothing,T-shirt,336.0,Autumn,0
2022-10-24,P016,Clothing,T-shirt,1498.0,Autumn,1
2022-10-31,P016,Clothing,T-shirt,402.0,Autumn,0
2022-11-07,P016,Clothing,T-shirt,387.0,Autumn,0
2022-11-14,P016,Clothing,T-shirt,336.0,Autumn,0
2022-11-21,P016,Clothing,T-shirt,292.0,Autumn,0
2022-11-28,P016,Clothing,T-shirt,363.0,Autumn,0
2022-12-05,P016,Clothing,T-shirt,360.0,Winter,0
2022-12-12,P016,Clothing,T-shirt,402.0,Winter,0
2022-12-19,P016,Clothing,T-shirt,330.0,Winter,0
2022-12-26,P016,Clothing,T-shirt,416.0,Winter,0
2023-01-02,P016,Clothing,T-shirt,337.0,Winter,0
2023-01-09,P016,Clothing,T-shirt,293.0,Winter,0
2023-01-16,P016,Clothing,T-shirt,304.0,Winter,0
2023-01-23,P016,Clothing,T-shirt,363.0,Winter,0
2023-01-30,P016,Clothing,T-shirt,363.0,Winter,0
2023-02-06,P016,Clothing,T-shirt,385.0,Winter,0
2023-02-13,P016,Clothing,T-shirt,362.0,Winter,0
2023-02-20,P016,Clothing,T-shirt,421.0,Winter,0
2023-02-27,P016,Clothing,T-shirt,352.0,Winter,0
2023-03-06,P016,Clothing,T-shirt,257.0,Summer,0
2023-03-13,P016,Clothing,T-shirt,360.0,Summer,0
2023-03-20,P016,Clothing,T-shirt,256.0,Summer,0
2023-03-27,P016,Clothing,T-shirt,382.0,Summer,0
2023-04-03,P016,Clothing,T-shirt,850.0,Summer,0
2023-04-10,P016,Clothing,T-shirt,625.0,Summer,0
2023-04-17,P016,Clothing,T-shirt,890.0,Summer,0
2023-04-24,P016,Clothing,T-shirt,827.0,Summer,0
2023-05-01,P016,Clothing,T-shirt,867.0,Summer,0
2023-05-08,P016,Clothing,T-shirt,755.0,Summer,0
2023-05-15,P016,Clothing,T-shirt,625.0,Summer,0
2023-05-22,P016,Clothing,T-shirt,820.0,Summer,0
2023-05-29,P016,Clothing,T-shirt,665.0,Summer,0
2023-06-05,P016,Clothing,T-shirt,747.0,Summer,0
2023-06-12,P016,Clothing,T-shirt,715.0,Summer,0
2023-06-19,P016,Clothing,T-shirt,858.0,Summer,0
2023-06-26,P016,Clothing,T-shirt,814.0,Summer,0
2023-07-03,P016,Clothing,T-shirt,362.0,Monsoon,0
2023-07-10,P016,Clothing,T-shirt,259.0,Monsoon,0
2023-07-17,P016,Clothing,T-shirt,332.0,Monsoon,0
2023-07-24,P016,Clothing,T-shirt,405.0,Monsoon,0
2023-07-31,P016,Clothing,T-shirt,382.0,Monsoon,0
2023-08-07,P016,Clothing,T-shirt,284.0,Monsoon,0
2023-08-14,P016,Clothing,T-shirt,267.0,Monsoon,0
2023-08-21,P016,Clothing,T-shirt,377.0,Monsoon,0
2023-08-28,P016,Clothing,T-shirt,308.0,Monsoon,0
2023-09-04,P016,Clothing,T-shirt,314.0,Monsoon,0
2023-09-11,P016,Clothing,T-shirt,404.0,Monsoon,0
2023-09-18,P016,Clothing,T-shirt,433.0,Monsoon,0
2023-09-25,P016,Clothing,T-shirt,325.0,Monsoon,0
2023-10-02,P016,Clothing,T-shirt,364.0,Autumn,0
2023-10-09,P016,Clothing,T-shirt,363.0,Autumn,0
2023-10-16,P016,Clothing,T-shirt,358.0,Autumn,0
2023-10-23,P016,Clothing,T-shirt,369.0,Autumn,0
2023-10-30,P016,Clothing,T-shirt,408.0,Autumn,0
2023-11-06,P016,Clothing,T-shirt,1623.0,Autumn,1
2023-11-13,P016,Clothing,T-shirt,283.0,Autumn,0
2023-11-20,P016,Clothing,T-shirt,460.0,Autumn,0
2023-11-27,P016,Clothing,T-shirt,427.0,Autumn,0
2023-12-04,P016,Clothing,T-shirt,306.0,Winter,0
2023-12-11,P016,Clothing,T-shirt,374.0,Winter,0
2023-12-18,P016,Clothing,T-shirt,422.0,Winter,0
2023-12-25,P016,Clothing,T-shirt,408.0,Winter,0
2024-01-01,P016,Clothing,T-shirt,407.0,Winter,0
2024-01-08,P016,Clothing,T-shirt,371.0,Winter,0
2024-01-15,P016,Clothing,T-shirt,479.0,Winter,0
2024-01-22,P016,Clothing,T-shirt,393.0,Winter,0
2024-01-29,P016,Clothing,T-shirt,351.0,Winter,0
2024-02-05,P016,Clothing,T-shirt,430.0,Winter,0
2024-02-12,P016,Clothing,T-shirt,386.0,Winter,0
2024-02-19,P016,Clothing,T-shirt,400.0,Winter,0
2024-02-26,P016,Clothing,T-shirt,392.0,Winter,0
2024-03-04,P016,Clothing,T-shirt,409.0,Summer,0
2024-03-11,P016,Clothing,T-shirt,324.0,Summer,0
2024-03-18,P016,Clothing,T-shirt,297.0,Summer,0
2024-03-25,P016,Clothing,T-shirt,462.0,Summer,0
2024-04-01,P016,Clothing,T-shirt,790.0,Summer,0
2024-04-08,P016,Clothing,T-shirt,849.0,Summer,0
2024-04-15,P016,Clothing,T-shirt,560.0,Summer,0
2024-04-22,P016,Clothing,T-shirt,883.0,Summer,0
2024-04-29,P016,Clothing,T-shirt,702.0,Summer,0
2024-05-06,P016,Clothing,T-shirt,669.0,Summer,0
2024-05-13,P016,Clothing,T-shirt,754.0,Summer,0
2024-05-20,P016,Clothing,T-shirt,649.0,Summer,0
2024-05-27,P016,Clothing,T-shirt,761.0,Summer,0
2024-06-03,P016,Clothing,T-shirt,746.0,Summer,0
2024-06-10,P016,Clothing,T-shirt,882.0,Summer,0
2024-06-17,P016,Clothing,T-shirt,934.0,Summer,0
2024-06-24,P016,Clothing,T-shirt,930.0,Summer,0
2024-07-01,P016,Clothing,T-shirt,251.0,Monsoon,0
2024-07-08,P016,Clothing,T-shirt,327.0,Monsoon,0
2024-07-15,P016,Clothing,T-shirt,250.0,Monsoon,0
2024-07-22,P016,Clothing,T-shirt,312.0,Monsoon,0
2024-07-29,P016,Clothing,T-shirt,343.0,Monsoon,0
2024-08-05,P016,Clothing,T-shirt,404.0,Monsoon,0
2024-08-12,P016,Clothing,T-shirt,351.0,Monsoon,0
2024-08-19,P016,Clothing,T-shirt,352.0,Monsoon,0
2024-08-26,P016,Clothing,T-shirt,391.0,Monsoon,0
2024-09-02,P016,Clothing,T-shirt,283.0,Monsoon,0
2024-09-09,P016,Clothing,T-shirt,332.0,Monsoon,0
2024-09-16,P016,Clothing,T-shirt,352.0,Monsoon,0
2024-09-23,P016,Clothing,T-shirt,369.0,Monsoon,0
2024-09-30,P016,Clothing,T-shirt,385.0,Monsoon,0
2024-10-07,P016,Clothing,T-shirt,466.0,Autumn,0
2024-10-14,P016,Clothing,T-shirt,432.0,Autumn,0
2024-10-21,P016,Clothing,T-shirt,336.0,Autumn,0
2024-10-28,P016,Clothing,T-shirt,1711.0,Autumn,1
2024-11-04,P016,Clothing,T-shirt,361.0,Autumn,0
2024-11-11,P016,Clothing,T-shirt,351.0,Autumn,0
2024-11-18,P016,Clothing,T-shirt,396.0,Autumn,0
2024-11-25,P016,Clothing,T-shirt,274.0,Autumn,0
2024-12-02,P016,Clothing,T-shirt,431.0,Winter,0
2024-12-09,P016,Clothing,T-shirt,477.0,Winter,0
2024-12-16,P016,Clothing,T-shirt,365.0,Winter,0
2024-12-23,P016,Clothing,T-shirt,364.0,Winter,0
2021-01-04,P017,Clothing,Hoodie,623.0,Winter,0
2021-01-11,P017,Clothing,Hoodie,551.0,Winter,0
2021-01-18,P017,Clothing,Hoodie,648.0,Winter,0
2021-01-25,P017,Clothing,Hoodie,413.0,Winter,0
2021-02-01,P017,Clothing,Hoodie,376.0,Winter,0
2021-02-08,P017,Clothing,Hoodie,558.0,Winter,0
2021-02-15,P017,Clothing,Hoodie,559.0,Winter,0
2021-02-22,P017,Clothing,Hoodie,268.0,Winter,0
2021-03-01,P017,Clothing,Hoodie,194.0,Summer,0
2021-03-08,P017,Clothing,Hoodie,182.0,Summer,0
2021-03-15,P017,Clothing,Hoodie,170.0,Summer,0
2021-03-22,P017,Clothing,Hoodie,182.0,Summer,0
2021-03-29,P017,Clothing,Hoodie,234.0,Summer,0
2021-04-05,P017,Clothing,Hoodie,182.0,Summer,0
2021-04-12,P017,Clothing,Hoodie,183.0,Summer,0
2021-04-19,P017,Clothing,Hoodie,162.0,Summer,0
2021-04-26,P017,Clothing,Hoodie,255.0,Summer,0
2021-05-03,P017,Clothing,Hoodie,229.0,Summer,0
2021-05-10,P017,Clothing,Hoodie,134.0,Summer,0
2021-05-17,P017,Clothing,Hoodie,183.0,Summer,0
2021-05-24,P017,Clothing,Hoodie,232.0,Summer,0
2021-05-31,P017,Clothing,Hoodie,256.0,Summer,0
2021-06-07,P017,Clothing,Hoodie,242.0,Summer,0
2021-06-14,P017,Clothing,Hoodie,203.0,Summer,0
2021-06-21,P017,Clothing,Hoodie,152.0,Summer,0
2021-06-28,P017,Clothing,Hoodie,243.0,Summer,0
2021-07-05,P017,Clothing,Hoodie,205.0,Monsoon,0
2021-07-12,P017,Clothing,Hoodie,217.0,Monsoon,0
2021-07-19,P017,Clothing,Hoodie,209.0,Monsoon,0
2021-07-26,P017,Clothing,Hoodie,171.0,Monsoon,0
2021-08-02,P017,Clothing,Hoodie,226.0,Monsoon,0
2021-08-09,P017,Clothing,Hoodie,222.0,Monsoon,0
2021-08-16,P017,Clothing,Hoodie,201.0,Monsoon,0
2021-08-23,P017,Clothing,Hoodie,230.0,Monsoon,0
2021-08-30,P017,Clothing,Hoodie,170.0,Monsoon,0
2021-09-06,P017,Clothing,Hoodie,206.0,Monsoon,0
2021-09-13,P017,Clothing,Hoodie,215.0,Monsoon,0
2021-09-20,P017,Clothing,Hoodie,159.0,Monsoon,0
2021-09-27,P017,Clothing,Hoodie,213.0,Monsoon,0
2021-10-04,P017,Clothing,Hoodie,238.0,Autumn,0
2021-10-11,P017,Clothing,Hoodie,205.0,Autumn,0
2021-10-18,P017,Clothing,Hoodie,213.0,Autumn,0
2021-10-25,P017,Clothing,Hoodie,233.0,Autumn,0
2021-11-01,P017,Clothing,Hoodie,865.0,Autumn,1
2021-11-08,P017,Clothing,Hoodie,205.0,Autumn,0
2021-11-15,P017,Clothing,Hoodie,177.0,Autumn,0
2021-11-22,P017,Clothing,Hoodie,214.0,Autumn,0
2021-11-29,P017,Clothing,Hoodie,204.0,Autumn,0
2021-12-06,P017,Clothing,Hoodie,577.0,Winter,0
2021-12-13,P017,Clothing,Hoodie,582.0,Winter,0
2021-12-20,P017,Clothing,Hoodie,601.0,Winter,0
2021-12-27,P017,Clothing,Hoodie,496.0,Winter,0
2022-01-03,P017,Clothing,Hoodie,376.0,Winter,0
2022-01-10,P017,Clothing,Hoodie,621.0,Winter,0
2022-01-17,P017,Clothing,Hoodie,595.0,Winter,0
2022-01-24,P017,Clothing,Hoodie,505.0,Winter,0
2022-01-31,P017,Clothing,Hoodie,605.0,Winter,0
2022-02-07,P017,Clothing,Hoodie,437.0,Winter,0
2022-02-14,P017,Clothing,Hoodie,645.0,Winter,0
2022-02-21,P017,Clothing,Hoodie,531.0,Winter,0
2022-02-28,P017,Clothing,Hoodie,489.0,Winter,0
2022-03-07,P017,Clothing,Hoodie,202.0,Summer,0
2022-03-14,P017,Clothing,Hoodie,215.0,Summer,0
2022-03-21,P017,Clothing,Hoodie,223.0,Summer,0
2022-03-28,P017,Clothing,Hoodie,225.0,Summer,0
2022-04-04,P017,Clothing,Hoodie,209.0,Summer,0
2022-04-11,P017,Clothing,Hoodie,230.0,Summer,0
2022-04-18,P017,Clothing,Hoodie,223.0,Summer,0
2022-04-25,P017,Clothing,Hoodie,201.0,Summer,0
2022-05-02,P017,Clothing,Hoodie,196.0,Summer,0
2022-05-09,P017,Clothing,Hoodie,244.0,Summer,0
2022-05-16,P017,Clothing,Hoodie,241.0,Summer,0
2022-05-23,P017,Clothing,Hoodie,225.0,Summer,0
2022-05-30,P017,Clothing,Hoodie,254.0,Summer,0
2022-06-06,P017,Clothing,Hoodie,157.0,Summer,0
2022-06-13,P017,Clothing,Hoodie,204.0,Summer,0
2022-06-20,P017,Clothing,Hoodie,184.0,Summer,0
2022-06-27,P017,Clothing,Hoodie,299.0,Summer,0
2022-07-04,P017,Clothing,Hoodie,247.0,Monsoon,0
2022-07-11,P017,Clothing,Hoodie,220.0,Monsoon,0
2022-07-18,P017,Clothing,Hoodie,249.0,Monsoon,0
2022-07-25,P017,Clothing,Hoodie,261.0,Monsoon,0
2022-08-01,P017,Clothing,Hoodie,260.0,Monsoon,0
2022-08-08,P017,Clothing,Hoodie,254.0,Monsoon,0
2022-08-15,P017,Clothing,Hoodie,214.0,Monsoon,0
2022-08-22,P017,Clothing,Hoodie,206.0,Monsoon,0
2022-08-29,P017,Clothing,Hoodie,191.0,Monsoon,0
2022-09-05,P017,Clothing,Hoodie,240.0,Monsoon,0
2022-09-12,P017,Clothing,Hoodie,218.0,Monsoon,0
2022-09-19,P017,Clothing,Hoodie,209.0,Monsoon,0
2022-09-26,P017,Clothing,Hoodie,207.0,Monsoon,0
2022-10-03,P017,Clothing,Hoodie,272.0,Autumn,0
2022-10-10,P017,Clothing,Hoodie,255.0,Autumn,0
2022-10-17,P017,Clothing,Hoodie,284.0,Autumn,0
2022-10-24,P017,Clothing,Hoodie,1281.0,Autumn,1
2022-10-31,P017,Clothing,Hoodie,225.0,Autumn,0
2022-11-07,P017,Clothing,Hoodie,222.0,Autumn,0
2022-11-14,P017,Clothing,Hoodie,189.0,Autumn,0
2022-11-21,P017,Clothing,Hoodie,181.0,Autumn,0
2022-11-28,P017,Clothing,Hoodie,240.0,Autumn,0
2022-12-05,P017,Clothing,Hoodie,480.0,Winter,0
2022-12-12,P017,Clothing,Hoodie,576.0,Winter,0
2022-12-19,P017,Clothing,Hoodie,652.0,Winter,0
2022-12-26,P017,Clothing,Hoodie,503.0,Winter,0
2023-01-02,P017,Clothing,Hoodie,755.0,Winter,0
2023-01-09,P017,Clothing,Hoodie,494.0,Winter,0
2023-01-16,P017,Clothing,Hoodie,666.0,Winter,0
2023-01-23,P017,Clothing,Hoodie,617.0,Winter,0
2023-01-30,P017,Clothing,Hoodie,684.0,Winter,0
2023-02-06,P017,Clothing,Hoodie,483.0,Winter,0
2023-02-13,P017,Clothing,Hoodie,781.0,Winter,0
2023-02-20,P017,Clothing,Hoodie,564.0,Winter,0
2023-02-27,P017,Clothing,Hoodie,639.0,Winter,0
2023-03-06,P017,Clothing,Hoodie,282.0,Summer,0
2023-03-13,P017,Clothing,Hoodie,211.0,Summer,0
2023-03-20,P017,Clothing,Hoodie,260.0,Summer,0
2023-03-27,P017,Clothing,Hoodie,205.0,Summer,0
2023-04-03,P017,Clothing,Hoodie,280.0,Summer,0
2023-04-10,P017,Clothing,Hoodie,205.0,Summer,0
2023-04-17,P017,Clothing,Hoodie,233.0,Summer,0
2023-04-24,P017,Clothing,Hoodie,242.0,Summer,0
2023-05-01,P017,Clothing,Hoodie,259.0,Summer,0
2023-05-08,P017,Clothing,Hoodie,300.0,Summer,0
2023-05-15,P017,Clothing,Hoodie,216.0,Summer,0
2023-05-22,P017,Clothing,Hoodie,271.0,Summer,0
2023-05-29,P017,Clothing,Hoodie,300.0,Summer,0
2023-06-05,P017,Clothing,Hoodie,237.0,Summer,0
2023-06-12,P017,Clothing,Hoodie,213.0,Summer,0
2023-06-19,P017,Clothing,Hoodie,171.0,Summer,0
2023-06-26,P017,Clothing,Hoodie,297.0,Summer,0
2023-07-03,P017,Clothing,Hoodie,223.0,Monsoon,0
2023-07-10,P017,Clothing,Hoodie,197.0,Monsoon,0
2023-07-17,P017,Clothing,Hoodie,184.0,Monsoon,0
2023-07-24,P017,Clothing,Hoodie,197.0,Monsoon,0
2023-07-31,P017,Clothing,Hoodie,264.0,Monsoon,0
2023-08-07,P017,Clothing,Hoodie,269.0,Monsoon,0
2023-08-14,P017,Clothing,Hoodie,254.0,Monsoon,0
2023-08-21,P017,Clothing,Hoodie,236.0,Monsoon,0
2023-08-28,P017,Clothing,Hoodie,188.0,Monsoon,0
2023-09-04,P017,Clothing,Hoodie,206.0,Monsoon,0
2023-09-11,P017,Clothing,Hoodie,193.0,Monsoon,0
2023-09-18,P017,Clothing,Hoodie,252.0,Monsoon,0
2023-09-25,P017,Clothing,Hoodie,195.0,Monsoon,0
2023-10-02,P017,Clothing,Hoodie,207.0,Autumn,0
2023-10-09,P017,Clothing,Hoodie,225.0,Autumn,0
2023-10-16,P017,Clothing,Hoodie,174.0,Autumn,0
2023-10-23,P017,Clothing,Hoodie,233.0,Autumn,0
2023-10-30,P017,Clothing,Hoodie,228.0,Autumn,0
2023-11-06,P017,Clothing,Hoodie,1344.0,Autumn,1
2023-11-13,P017,Clothing,Hoodie,203.0,Autumn,0
2023-11-20,P017,Clothing,Hoodie,186.0,Autumn,0
2023-11-27,P017,Clothing,Hoodie,219.0,Autumn,0
2023-12-04,P017,Clothing,Hoodie,484.0,Winter,0
2023-12-11,P017,Clothing,Hoodie,583.0,Winter,0
2023-12-18,P017,Clothing,Hoodie,418.0,Winter,0
2023-12-25,P017,Clothing,Hoodie,527.0,Winter,0
2024-01-01,P017,Clothing,Hoodie,518.0,Winter,0
2024-01-08,P017,Clothing,Hoodie,653.0,Winter,0
2024-01-15,P017,Clothing,Hoodie,528.0,Winter,0
2024-01-22,P017,Clothing,Hoodie,445.0,Winter,0
2024-01-29,P017,Clothing,Hoodie,583.0,Winter,0
2024-02-05,P017,Clothing,Hoodie,630.0,Winter,0
2024-02-12,P017,Clothing,Hoodie,577.0,Winter,0
2024-02-19,P017,Clothing,Hoodie,546.0,Winter,0
2024-02-26,P017,Clothing,Hoodie,541.0,Winter,0
2024-03-04,P017,Clothing,Hoodie,244.0,Summer,0
2024-03-11,P017,Clothing,Hoodie,208.0,Summer,0
2024-03-18,P017,Clothing,Hoodie,228.0,Summer,0
2024-03-25,P017,Clothing,Hoodie,267.0,Summer,0
2024-04-01,P017,Clothing,Hoodie,193.0,Summer,0
2024-04-08,P017,Clothing,Hoodie,239.0,Summer,0
2024-04-15,P017,Clothing,Hoodie,176.0,Summer,0
2024-04-22,P017,Clothing,Hoodie,249.0,Summer,0
2024-04-29,P017,Clothing,Hoodie,205.0,Summer,0
2024-05-06,P017,Clothing,Hoodie,277.0,Summer,0
2024-05-13,P017,Clothing,Hoodie,187.0,Summer,0
2024-05-20,P017,Clothing,Hoodie,256.0,Summer,0
2024-05-27,P017,Clothing,Hoodie,284.0,Summer,0
2024-06-03,P017,Clothing,Hoodie,203.0,Summer,0
2024-06-10,P017,Clothing,Hoodie,209.0,Summer,0
2024-06-17,P017,Clothing,Hoodie,206.0,Summer,0
2024-06-24,P017,Clothing,Hoodie,223.0,Summer,0
2024-07-01,P017,Clothing,Hoodie,259.0,Monsoon,0
2024-07-08,P017,Clothing,Hoodie,220.0,Monsoon,0
2024-07-15,P017,Clothing,Hoodie,200.0,Monsoon,0
2024-07-22,P017,Clothing,Hoodie,167.0,Monsoon,0
2024-07-29,P017,Clothing,Hoodie,298.0,Monsoon,0
2024-08-05,P017,Clothing,Hoodie,301.0,Monsoon,0
2024-08-12,P017,Clothing,Hoodie,261.0,Monsoon,0
2024-08-19,P017,Clothing,Hoodie,211.0,Monsoon,0
2024-08-26,P017,Clothing,Hoodie,267.0,Monsoon,0
2024-09-02,P017,Clothing,Hoodie,275.0,Monsoon,0
2024-09-09,P017,Clothing,Hoodie,231.0,Monsoon,0
2024-09-16,P017,Clothing,Hoodie,242.0,Monsoon,0
2024-09-23,P017,Clothing,Hoodie,285.0,Monsoon,0
2024-09-30,P017,Clothing,Hoodie,181.0,Monsoon,0
2024-10-07,P017,Clothing,Hoodie,276.0,Autumn,0
2024-10-14,P017,Clothing,Hoodie,229.0,Autumn,0
2024-10-21,P017,Clothing,Hoodie,200.0,Autumn,0
2024-10-28,P017,Clothing,Hoodie,952.0,Autumn,1
2024-11-04,P017,Clothing,Hoodie,209.0,Autumn,0
2024-11-11,P017,Clothing,Hoodie,197.0,Autumn,0
2024-11-18,P017,Clothing,Hoodie,304.0,Autumn,0
2024-11-25,P017,Clothing,Hoodie,258.0,Autumn,0
2024-12-02,P017,Clothing,Hoodie,698.0,Winter,0
2024-12-09,P017,Clothing,Hoodie,652.0,Winter,0
2024-12-16,P017,Clothing,Hoodie,607.0,Winter,0
2024-12-23,P017,Clothing,Hoodie,608.0,Winter,0
2021-01-04,P018,Clothing,Sweater,1259.0,Winter,0
2021-01-11,P018,Clothing,Sweater,1084.0,Winter,0
2021-01-18,P018,Clothing,Sweater,1099.0,Winter,0
2021-01-25,P018,Clothing,Sweater,1225.0,Winter,0
2021-02-01,P018,Clothing,Sweater,1065.0,Winter,0
2021-02-08,P018,Clothing,Sweater,1084.0,Winter,0
2021-02-15,P018,Clothing,Sweater,1147.0,Winter,0
2021-02-22,P018,Clothing,Sweater,1345.0,Winter,0
2021-03-01,P018,Clothing,Sweater,381.0,Summer,0
2021-03-08,P018,Clothing,Sweater,511.0,Summer,0
2021-03-15,P018,Clothing,Sweater,513.0,Summer,0
2021-03-22,P018,Clothing,Sweater,513.0,Summer,0
2021-03-29,P018,Clothing,Sweater,403.0,Summer,0
2021-04-05,P018,Clothing,Sweater,342.0,Summer,0
2021-04-12,P018,Clothing,Sweater,497.0,Summer,0
2021-04-19,P018,Clothing,Sweater,471.0,Summer,0
2021-04-26,P018,Clothing,Sweater,528.0,Summer,0
2021-05-03,P018,Clothing,Sweater,410.0,Summer,0
2021-05-10,P018,Clothing,Sweater,511.0,Summer,0
2021-05-17,P018,Clothing,Sweater,531.0,Summer,0
2021-05-24,P018,Clothing,Sweater,452.0,Summer,0
2021-05-31,P018,Clothing,Sweater,487.0,Summer,0
2021-06-07,P018,Clothing,Sweater,485.0,Summer,0
2021-06-14,P018,Clothing,Sweater,402.0,Summer,0
2021-06-21,P018,Clothing,Sweater,495.0,Summer,0
2021-06-28,P018,Clothing,Sweater,570.0,Summer,0
2021-07-05,P018,Clothing,Sweater,460.0,Monsoon,0
2021-07-12,P018,Clothing,Sweater,358.0,Monsoon,0
2021-07-19,P018,Clothing,Sweater,411.0,Monsoon,0
2021-07-26,P018,Clothing,Sweater,336.0,Monsoon,0
2021-08-02,P018,Clothing,Sweater,547.0,Monsoon,0
2021-08-09,P018,Clothing,Sweater,511.0,Monsoon,0
2021-08-16,P018,Clothing,Sweater,424.0,Monsoon,0
2021-08-23,P018,Clothing,Sweater,361.0,Monsoon,0
2021-08-30,P018,Clothing,Sweater,401.0,Monsoon,0
2021-09-06,P018,Clothing,Sweater,415.0,Monsoon,0
2021-09-13,P018,Clothing,Sweater,466.0,Monsoon,0
2021-09-20,P018,Clothing,Sweater,464.0,Monsoon,0
2021-09-27,P018,Clothing,Sweater,551.0,Monsoon,0
2021-10-04,P018,Clothing,Sweater,411.0,Autumn,0
2021-10-11,P018,Clothing,Sweater,355.0,Autumn,0
2021-10-18,P018,Clothing,Sweater,379.0,Autumn,0
2021-10-25,P018,Clothing,Sweater,457.0,Autumn,0
2021-11-01,P018,Clothing,Sweater,1747.0,Autumn,1
2021-11-08,P018,Clothing,Sweater,438.0,Autumn,0
2021-11-15,P018,Clothing,Sweater,427.0,Autumn,0
2021-11-22,P018,Clothing,Sweater,527.0,Autumn,0
2021-11-29,P018,Clothing,Sweater,418.0,Autumn,0
2021-12-06,P018,Clothing,Sweater,1082.0,Winter,0
2021-12-13,P018,Clothing,Sweater,1270.0,Winter,0
2021-12-20,P018,Clothing,Sweater,1050.0,Winter,0
2021-12-27,P018,Clothing,Sweater,1220.0,Winter,0
2022-01-03,P018,Clothing,Sweater,1252.0,Winter,0
2022-01-10,P018,Clothing,Sweater,1218.0,Winter,0
2022-01-17,P018,Clothing,Sweater,990.0,Winter,0
2022-01-24,P018,Clothing,Sweater,1413.0,Winter,0
2022-01-31,P018,Clothing,Sweater,1590.0,Winter,0
2022-02-07,P018,Clothing,Sweater,1194.0,Winter,0
2022-02-14,P018,Clothing,Sweater,1006.0,Winter,0
2022-02-21,P018,Clothing,Sweater,1198.0,Winter,0
2022-02-28,P018,Clothing,Sweater,1370.0,Winter,0
2022-03-07,P018,Clothing,Sweater,433.0,Summer,0
2022-03-14,P018,Clothing,Sweater,468.0,Summer,0
2022-03-21,P018,Clothing,Sweater,501.0,Summer,0
2022-03-28,P018,Clothing,Sweater,563.0,Summer,0
2022-04-04,P018,Clothing,Sweater,532.0,Summer,0
2022-04-11,P018,Clothing,Sweater,535.0,Summer,0
2022-04-18,P018,Clothing,Sweater,446.0,Summer,0
2022-04-25,P018,Clothing,Sweater,506.0,Summer,0
2022-05-02,P018,Clothing,Sweater,425.0,Summer,0
2022-05-09,P018,Clothing,Sweater,537.0,Summer,0
2022-05-16,P018,Clothing,Sweater,559.0,Summer,0
2022-05-23,P018,Clothing,Sweater,516.0,Summer,0
2022-05-30,P018,Clothing,Sweater,451.0,Summer,0
2022-06-06,P018,Clothing,Sweater,462.0,Summer,0
2022-06-13,P018,Clothing,Sweater,606.0,Summer,0
2022-06-20,P018,Clothing,Sweater,452.0,Summer,0
2022-06-27,P018,Clothing,Sweater,552.0,Summer,0
2022-07-04,P018,Clothing,Sweater,501.0,Monsoon,0
2022-07-11,P018,Clothing,Sweater,453.0,Monsoon,0
2022-07-18,P018,Clothing,Sweater,381.0,Monsoon,0
2022-07-25,P018,Clothing,Sweater,492.0,Monsoon,0
2022-08-01,P018,Clothing,Sweater,483.0,Monsoon,0
2022-08-08,P018,Clothing,Sweater,606.0,Monsoon,0
2022-08-15,P018,Clothing,Sweater,415.0,Monsoon,0
2022-08-22,P018,Clothing,Sweater,641.0,Monsoon,0
2022-08-29,P018,Clothing,Sweater,504.0,Monsoon,0
2022-09-05,P018,Clothing,Sweater,504.0,Monsoon,0
2022-09-12,P018,Clothing,Sweater,434.0,Monsoon,0
2022-09-19,P018,Clothing,Sweater,499.0,Monsoon,0
2022-09-26,P018,Clothing,Sweater,511.0,Monsoon,0
2022-10-03,P018,Clothing,Sweater,544.0,Autumn,0
2022-10-10,P018,Clothing,Sweater,407.0,Autumn,0
2022-10-17,P018,Clothing,Sweater,578.0,Autumn,0
2022-10-24,P018,Clothing,Sweater,2672.0,Autumn,1
2022-10-31,P018,Clothing,Sweater,520.0,Autumn,0
2022-11-07,P018,Clothing,Sweater,461.0,Autumn,0
2022-11-14,P018,Clothing,Sweater,410.0,Autumn,0
2022-11-21,P018,Clothing,Sweater,482.0,Autumn,0
2022-11-28,P018,Clothing,Sweater,490.0,Autumn,0
2022-12-05,P018,Clothing,Sweater,945.0,Winter,0
2022-12-12,P018,Clothing,Sweater,1335.0,Winter,0
2022-12-19,P018,Clothing,Sweater,1371.0,Winter,0
2022-12-26,P018,Clothing,Sweater,1062.0,Winter,0
2023-01-02,P018,Clothing,Sweater,1049.0,Winter,0
2023-01-09,P018,Clothing,Sweater,1182.0,Winter,0
2023-01-16,P018,Clothing,Sweater,1243.0,Winter,0
2023-01-23,P018,Clothing,Sweater,1190.0,Winter,0
2023-01-30,P018,Clothing,Sweater,1227.0,Winter,0
2023-02-06,P018,Clothing,Sweater,1280.0,Winter,0
2023-02-13,P018,Clothing,Sweater,984.0,Winter,0
2023-02-20,P018,Clothing,Sweater,1006.0,Winter,0
2023-02-27,P018,Clothing,Sweater,733.0,Winter,0
2023-03-06,P018,Clothing,Sweater,565.0,Summer,0
2023-03-13,P018,Clothing,Sweater,496.0,Summer,0
2023-03-20,P018,Clothing,Sweater,573.0,Summer,0
2023-03-27,P018,Clothing,Sweater,411.0,Summer,0
2023-04-03,P018,Clothing,Sweater,497.0,Summer,0
2023-04-10,P018,Clothing,Sweater,511.0,Summer,0
2023-04-17,P018,Clothing,Sweater,453.0,Summer,0
2023-04-24,P018,Clothing,Sweater,380.0,Summer,0
2023-05-01,P018,Clothing,Sweater,625.0,Summer,0
2023-05-08,P018,Clothing,Sweater,599.0,Summer,0
2023-05-15,P018,Clothing,Sweater,467.0,Summer,0
2023-05-22,P018,Clothing,Sweater,533.0,Summer,0
2023-05-29,P018,Clothing,Sweater,459.0,Summer,0
2023-06-05,P018,Clothing,Sweater,421.0,Summer,0
2023-06-12,P018,Clothing,Sweater,631.0,Summer,0
2023-06-19,P018,Clothing,Sweater,372.0,Summer,0
2023-06-26,P018,Clothing,Sweater,474.0,Summer,0
2023-07-03,P018,Clothing,Sweater,501.0,Monsoon,0
2023-07-10,P018,Clothing,Sweater,618.0,Monsoon,0
2023-07-17,P018,Clothing,Sweater,562.0,Monsoon,0
2023-07-24,P018,Clothing,Sweater,371.0,Monsoon,0
2023-07-31,P018,Clothing,Sweater,495.0,Monsoon,0
2023-08-07,P018,Clothing,Sweater,497.0,Monsoon,0
2023-08-14,P018,Clothing,Sweater,478.0,Monsoon,0
2023-08-21,P018,Clothing,Sweater,541.0,Monsoon,0
2023-08-28,P018,Clothing,Sweater,390.0,Monsoon,0
2023-09-04,P018,Clothing,Sweater,465.0,Monsoon,0
2023-09-11,P018,Clothing,Sweater,531.0,Monsoon,0
2023-09-18,P018,Clothing,Sweater,546.0,Monsoon,0
2023-09-25,P018,Clothing,Sweater,506.0,Monsoon,0
2023-10-02,P018,Clothing,Sweater,474.0,Autumn,0
2023-10-09,P018,Clothing,Sweater,486.0,Autumn,0
2023-10-16,P018,Clothing,Sweater,550.0,Autumn,0
2023-10-23,P018,Clothing,Sweater,498.0,Autumn,0
2023-10-30,P018,Clothing,Sweater,418.0,Autumn,0
2023-11-06,P018,Clothing,Sweater,1986.0,Autumn,1
2023-11-13,P018,Clothing,Sweater,384.0,Autumn,0
2023-11-20,P018,Clothing,Sweater,603.0,Autumn,0
2023-11-27,P018,Clothing,Sweater,555.0,Autumn,0
2023-12-04,P018,Clothing,Sweater,1219.0,Winter,0
2023-12-11,P018,Clothing,Sweater,1154.0,Winter,0
2023-12-18,P018,Clothing,Sweater,1132.0,Winter,0
2023-12-25,P018,Clothing,Sweater,1442.0,Winter,0
2024-01-01,P018,Clothing,Sweater,1652.0,Winter,0
2024-01-08,P018,Clothing,Sweater,1168.0,Winter,0
2024-01-15,P018,Clothing,Sweater,1504.0,Winter,0
2024-01-22,P018,Clothing,Sweater,1290.0,Winter,0
2024-01-29,P018,Clothing,Sweater,1244.0,Winter,0
2024-02-05,P018,Clothing,Sweater,1575.0,Winter,0
2024-02-12,P018,Clothing,Sweater,1283.0,Winter,0
2024-02-19,P018,Clothing,Sweater,1342.0,Winter,0
2024-02-26,P018,Clothing,Sweater,1333.0,Winter,0
2024-03-04,P018,Clothing,Sweater,388.0,Summer,0
2024-03-11,P018,Clothing,Sweater,536.0,Summer,0
2024-03-18,P018,Clothing,Sweater,470.0,Summer,0
2024-03-25,P018,Clothing,Sweater,404.0,Summer,0
2024-04-01,P018,Clothing,Sweater,474.0,Summer,0
2024-04-08,P018,Clothing,Sweater,473.0,Summer,0
2024-04-15,P018,Clothing,Sweater,593.0,Summer,0
2024-04-22,P018,Clothing,Sweater,432.0,Summer,0
2024-04-29,P018,Clothing,Sweater,453.0,Summer,0
2024-05-06,P018,Clothing,Sweater,532.0,Summer,0
2024-05-13,P018,Clothing,Sweater,411.0,Summer,0
2024-05-20,P018,Clothing,Sweater,463.0,Summer,0
2024-05-27,P018,Clothing,Sweater,385.0,Summer,0
2024-06-03,P018,Clothing,Sweater,585.0,Summer,0
2024-06-10,P018,Clothing,Sweater,490.0,Summer,0
2024-06-17,P018,Clothing,Sweater,512.0,Summer,0
2024-06-24,P018,Clothing,Sweater,584.0,Summer,0
2024-07-01,P018,Clothing,Sweater,458.0,Monsoon,0
2024-07-08,P018,Clothing,Sweater,490.0,Monsoon,0
2024-07-15,P018,Clothing,Sweater,432.0,Monsoon,0
2024-07-22,P018,Clothing,Sweater,432.0,Monsoon,0
2024-07-29,P018,Clothing,Sweater,443.0,Monsoon,0
2024-08-05,P018,Clothing,Sweater,476.0,Monsoon,0
2024-08-12,P018,Clothing,Sweater,484.0,Monsoon,0
2024-08-19,P018,Clothing,Sweater,536.0,Monsoon,0
2024-08-26,P018,Clothing,Sweater,445.0,Monsoon,0
2024-09-02,P018,Clothing,Sweater,538.0,Monsoon,0
2024-09-09,P018,Clothing,Sweater,551.0,Monsoon,0
2024-09-16,P018,Clothing,Sweater,478.0,Monsoon,0
2024-09-23,P018,Clothing,Sweater,452.0,Monsoon,0
2024-09-30,P018,Clothing,Sweater,520.0,Monsoon,0
2024-10-07,P018,Clothing,Sweater,498.0,Autumn,0
2024-10-14,P018,Clothing,Sweater,531.0,Autumn,0
2024-10-21,P018,Clothing,Sweater,635.0,Autumn,0
2024-10-28,P018,Clothing,Sweater,2429.0,Autumn,1
2024-11-04,P018,Clothing,Sweater,464.0,Autumn,0
2024-11-11,P018,Clothing,Sweater,445.0,Autumn,0
2024-11-18,P018,Clothing,Sweater,448.0,Autumn,0
2024-11-25,P018,Clothing,Sweater,401.0,Autumn,0
2024-12-02,P018,Clothing,Sweater,1465.0,Winter,0
2024-12-09,P018,Clothing,Sweater,854.0,Winter,0
2024-12-16,P018,Clothing,Sweater,1379.0,Winter,0
2024-12-23,P018,Clothing,Sweater,1117.0,Winter,0
2021-01-04,P019,Clothing,Jacket,504.0,Winter,0
2021-01-11,P019,Clothing,Jacket,415.0,Winter,0
2021-01-18,P019,Clothing,Jacket,559.0,Winter,0
2021-01-25,P019,Clothing,Jacket,602.0,Winter,0
2021-02-01,P019,Clothing,Jacket,659.0,Winter,0
2021-02-08,P019,Clothing,Jacket,448.0,Winter,0
2021-02-15,P019,Clothing,Jacket,503.0,Winter,0
2021-02-22,P019,Clothing,Jacket,448.0,Winter,0
2021-03-01,P019,Clothing,Jacket,189.0,Summer,0
2021-03-08,P019,Clothing,Jacket,229.0,Summer,0
2021-03-15,P019,Clothing,Jacket,187.0,Summer,0
2021-03-22,P019,Clothing,Jacket,183.0,Summer,0
2021-03-29,P019,Clothing,Jacket,233.0,Summer,0
2021-04-05,P019,Clothing,Jacket,223.0,Summer,0
2021-04-12,P019,Clothing,Jacket,219.0,Summer,0
2021-04-19,P019,Clothing,Jacket,188.0,Summer,0
2021-04-26,P019,Clothing,Jacket,249.0,Summer,0
2021-05-03,P019,Clothing,Jacket,209.0,Summer,0
2021-05-10,P019,Clothing,Jacket,283.0,Summer,0
2021-05-17,P019,Clothing,Jacket,214.0,Summer,0
2021-05-24,P019,Clothing,Jacket,135.0,Summer,0
2021-05-31,P019,Clothing,Jacket,134.0,Summer,0
2021-06-07,P019,Clothing,Jacket,228.0,Summer,0
2021-06-14,P019,Clothing,Jacket,249.0,Summer,0
2021-06-21,P019,Clothing,Jacket,184.0,Summer,0
2021-06-28,P019,Clothing,Jacket,274.0,Summer,0
2021-07-05,P019,Clothing,Jacket,261.0,Monsoon,0
2021-07-12,P019,Clothing,Jacket,215.0,Monsoon,0
2021-07-19,P019,Clothing,Jacket,225.0,Monsoon,0
2021-07-26,P019,Clothing,Jacket,237.0,Monsoon,0
2021-08-02,P019,Clothing,Jacket,268.0,Monsoon,0
2021-08-09,P019,Clothing,Jacket,230.0,Monsoon,0
2021-08-16,P019,Clothing,Jacket,214.0,Monsoon,0
2021-08-23,P019,Clothing,Jacket,230.0,Monsoon,0
2021-08-30,P019,Clothing,Jacket,225.0,Monsoon,0
2021-09-06,P019,Clothing,Jacket,237.0,Monsoon,0
2021-09-13,P019,Clothing,Jacket,159.0,Monsoon,0
2021-09-20,P019,Clothing,Jacket,218.0,Monsoon,0
2021-09-27,P019,Clothing,Jacket,223.0,Monsoon,0
2021-10-04,P019,Clothing,Jacket,206.0,Autumn,0
2021-10-11,P019,Clothing,Jacket,233.0,Autumn,0
2021-10-18,P019,Clothing,Jacket,269.0,Autumn,0
2021-10-25,P019,Clothing,Jacket,213.0,Autumn,0
2021-11-01,P019,Clothing,Jacket,985.0,Autumn,1
2021-11-08,P019,Clothing,Jacket,259.0,Autumn,0
2021-11-15,P019,Clothing,Jacket,214.0,Autumn,0
2021-11-22,P019,Clothing,Jacket,181.0,Autumn,0
2021-11-29,P019,Clothing,Jacket,228.0,Autumn,0
2021-12-06,P019,Clothing,Jacket,349.0,Winter,0
2021-12-13,P019,Clothing,Jacket,342.0,Winter,0
2021-12-20,P019,Clothing,Jacket,548.0,Winter,0
2021-12-27,P019,Clothing,Jacket,338.0,Winter,0
2022-01-03,P019,Clothing,Jacket,436.0,Winter,0
2022-01-10,P019,Clothing,Jacket,512.0,Winter,0
2022-01-17,P019,Clothing,Jacket,484.0,Winter,0
2022-01-24,P019,Clothing,Jacket,531.0,Winter,0
2022-01-31,P019,Clothing,Jacket,634.0,Winter,0
2022-02-07,P019,Clothing,Jacket,562.0,Winter,0
2022-02-14,P019,Clothing,Jacket,474.0,Winter,0
2022-02-21,P019,Clothing,Jacket,653.0,Winter,0
2022-02-28,P019,Clothing,Jacket,426.0,Winter,0
2022-03-07,P019,Clothing,Jacket,224.0,Summer,0
2022-03-14,P019,Clothing,Jacket,167.0,Summer,0
2022-03-21,P019,Clothing,Jacket,225.0,Summer,0
2022-03-28,P019,Clothing,Jacket,206.0,Summer,0
2022-04-04,P019,Clothing,Jacket,252.0,Summer,0
2022-04-11,P019,Clothing,Jacket,240.0,Summer,0
2022-04-18,P019,Clothing,Jacket,198.0,Summer,0
2022-04-25,P019,Clothing,Jacket,191.0,Summer,0
2022-05-02,P019,Clothing,Jacket,207.0,Summer,0
2022-05-09,P019,Clothing,Jacket,278.0,Summer,0
2022-05-16,P019,Clothing,Jacket,270.0,Summer,0
2022-05-23,P019,Clothing,Jacket,185.0,Summer,0
2022-05-30,P019,Clothing,Jacket,243.0,Summer,0
2022-06-06,P019,Clothing,Jacket,160.0,Summer,0
2022-06-13,P019,Clothing,Jacket,202.0,Summer,0
2022-06-20,P019,Clothing,Jacket,187.0,Summer,0
2022-06-27,P019,Clothing,Jacket,252.0,Summer,0
2022-07-04,P019,Clothing,Jacket,175.0,Monsoon,0
2022-07-11,P019,Clothing,Jacket,231.0,Monsoon,0
2022-07-18,P019,Clothing,Jacket,217.0,Monsoon,0
2022-07-25,P019,Clothing,Jacket,211.0,Monsoon,0
2022-08-01,P019,Clothing,Jacket,271.0,Monsoon,0
2022-08-08,P019,Clothing,Jacket,274.0,Monsoon,0
2022-08-15,P019,Clothing,Jacket,212.0,Monsoon,0
2022-08-22,P019,Clothing,Jacket,206.0,Monsoon,0
2022-08-29,P019,Clothing,Jacket,168.0,Monsoon,0
2022-09-05,P019,Clothing,Jacket,217.0,Monsoon,0
2022-09-12,P019,Clothing,Jacket,281.0,Monsoon,0
2022-09-19,P019,Clothing,Jacket,213.0,Monsoon,0
2022-09-26,P019,Clothing,Jacket,241.0,Monsoon,0
2022-10-03,P019,Clothing,Jacket,171.0,Autumn,0
2022-10-10,P019,Clothing,Jacket,203.0,Autumn,0
2022-10-17,P019,Clothing,Jacket,232.0,Autumn,0
2022-10-24,P019,Clothing,Jacket,1172.0,Autumn,1
2022-10-31,P019,Clothing,Jacket,244.0,Autumn,0
2022-11-07,P019,Clothing,Jacket,197.0,Autumn,0
2022-11-14,P019,Clothing,Jacket,160.0,Autumn,0
2022-11-21,P019,Clothing,Jacket,253.0,Autumn,0
2022-11-28,P019,Clothing,Jacket,186.0,Autumn,0
2022-12-05,P019,Clothing,Jacket,584.0,Winter,0
2022-12-12,P019,Clothing,Jacket,580.0,Winter,0
2022-12-19,P019,Clothing,Jacket,407.0,Winter,0
2022-12-26,P019,Clothing,Jacket,628.0,Winter,0
2023-01-02,P019,Clothing,Jacket,516.0,Winter,0
2023-01-09,P019,Clothing,Jacket,568.0,Winter,0
2023-01-16,P019,Clothing,Jacket,533.0,Winter,0
2023-01-23,P019,Clothing,Jacket,701.0,Winter,0
2023-01-30,P019,Clothing,Jacket,678.0,Winter,0
2023-02-06,P019,Clothing,Jacket,410.0,Winter,0
2023-02-13,P019,Clothing,Jacket,755.0,Winter,0
2023-02-20,P019,Clothing,Jacket,506.0,Winter,0
2023-02-27,P019,Clothing,Jacket,742.0,Winter,0
2023-03-06,P019,Clothing,Jacket,217.0,Summer,0
2023-03-13,P019,Clothing,Jacket,214.0,Summer,0
2023-03-20,P019,Clothing,Jacket,217.0,Summer,0
2023-03-27,P019,Clothing,Jacket,212.0,Summer,0
2023-04-03,P019,Clothing,Jacket,311.0,Summer,0
2023-04-10,P019,Clothing,Jacket,223.0,Summer,0
2023-04-17,P019,Clothing,Jacket,215.0,Summer,0
2023-04-24,P019,Clothing,Jacket,228.0,Summer,0
2023-05-01,P019,Clothing,Jacket,192.0,Summer,0
2023-05-08,P019,Clothing,Jacket,279.0,Summer,0
2023-05-15,P019,Clothing,Jacket,175.0,Summer,0
2023-05-22,P019,Clothing,Jacket,204.0,Summer,0
2023-05-29,P019,Clothing,Jacket,257.0,Summer,0
2023-06-05,P019,Clothing,Jacket,227.0,Summer,0
2023-06-12,P019,Clothing,Jacket,244.0,Summer,0
2023-06-19,P019,Clothing,Jacket,277.0,Summer,0
2023-06-26,P019,Clothing,Jacket,259.0,Summer,0
2023-07-03,P019,Clothing,Jacket,230.0,Monsoon,0
2023-07-10,P019,Clothing,Jacket,296.0,Monsoon,0
2023-07-17,P019,Clothing,Jacket,204.0,Monsoon,0
2023-07-24,P019,Clothing,Jacket,222.0,Monsoon,0
2023-07-31,P019,Clothing,Jacket,224.0,Monsoon,0
2023-08-07,P019,Clothing,Jacket,222.0,Monsoon,0
2023-08-14,P019,Clothing,Jacket,189.0,Monsoon,0
2023-08-21,P019,Clothing,Jacket,172.0,Monsoon,0
2023-08-28,P019,Clothing,Jacket,239.0,Monsoon,0
2023-09-04,P019,Clothing,Jacket,204.0,Monsoon,0
2023-09-11,P019,Clothing,Jacket,290.0,Monsoon,0
2023-09-18,P019,Clothing,Jacket,223.0,Monsoon,0
2023-09-25,P019,Clothing,Jacket,217.0,Monsoon,0
2023-10-02,P019,Clothing,Jacket,262.0,Autumn,0
2023-10-09,P019,Clothing,Jacket,239.0,Autumn,0
2023-10-16,P019,Clothing,Jacket,219.0,Autumn,0
2023-10-23,P019,Clothing,Jacket,204.0,Autumn,0
2023-10-30,P019,Clothing,Jacket,349.0,Autumn,0
2023-11-06,P019,Clothing,Jacket,1170.0,Autumn,1
2023-11-13,P019,Clothing,Jacket,262.0,Autumn,0
2023-11-20,P019,Clothing,Jacket,191.0,Autumn,0
2023-11-27,P019,Clothing,Jacket,206.0,Autumn,0
2023-12-04,P019,Clothing,Jacket,743.0,Winter,0
2023-12-11,P019,Clothing,Jacket,682.0,Winter,0
2023-12-18,P019,Clothing,Jacket,603.0,Winter,0
2023-12-25,P019,Clothing,Jacket,532.0,Winter,0
2024-01-01,P019,Clothing,Jacket,564.0,Winter,0
2024-01-08,P019,Clothing,Jacket,525.0,Winter,0
2024-01-15,P019,Clothing,Jacket,483.0,Winter,0
2024-01-22,P019,Clothing,Jacket,666.0,Winter,0
2024-01-29,P019,Clothing,Jacket,632.0,Winter,0
2024-02-05,P019,Clothing,Jacket,649.0,Winter,0
2024-02-12,P019,Clothing,Jacket,555.0,Winter,0
2024-02-19,P019,Clothing,Jacket,607.0,Winter,0
2024-02-26,P019,Clothing,Jacket,547.0,Winter,0
2024-03-04,P019,Clothing,Jacket,208.0,Summer,0
2024-03-11,P019,Clothing,Jacket,292.0,Summer,0
2024-03-18,P019,Clothing,Jacket,238.0,Summer,0
2024-03-25,P019,Clothing,Jacket,251.0,Summer,0
2024-04-01,P019,Clothing,Jacket,263.0,Summer,0
2024-04-08,P019,Clothing,Jacket,238.0,Summer,0
2024-04-15,P019,Clothing,Jacket,242.0,Summer,0
2024-04-22,P019,Clothing,Jacket,195.0,Summer,0
2024-04-29,P019,Clothing,Jacket,202.0,Summer,0
2024-05-06,P019,Clothing,Jacket,200.0,Summer,0
2024-05-13,P019,Clothing,Jacket,255.0,Summer,0
2024-05-20,P019,Clothing,Jacket,236.0,Summer,0
2024-05-27,P019,Clothing,Jacket,202.0,Summer,0
2024-06-03,P019,Clothing,Jacket,254.0,Summer,0
2024-06-10,P019,Clothing,Jacket,253.0,Summer,0
2024-06-17,P019,Clothing,Jacket,209.0,Summer,0
2024-06-24,P019,Clothing,Jacket,233.0,Summer,0
2024-07-01,P019,Clothing,Jacket,253.0,Monsoon,0
2024-07-08,P019,Clothing,Jacket,203.0,Monsoon,0
2024-07-15,P019,Clothing,Jacket,253.0,Monsoon,0
2024-07-22,P019,Clothing,Jacket,244.0,Monsoon,0
2024-07-29,P019,Clothing,Jacket,198.0,Monsoon,0
2024-08-05,P019,Clothing,Jacket,241.0,Monsoon,0
2024-08-12,P019,Clothing,Jacket,246.0,Monsoon,0
2024-08-19,P019,Clothing,Jacket,212.0,Monsoon,0
2024-08-26,P019,Clothing,Jacket,214.0,Monsoon,0
2024-09-02,P019,Clothing,Jacket,198.0,Monsoon,0
2024-09-09,P019,Clothing,Jacket,218.0,Monsoon,0
2024-09-16,P019,Clothing,Jacket,233.0,Monsoon,0
2024-09-23,P019,Clothing,Jacket,214.0,Monsoon,0
2024-09-30,P019,Clothing,Jacket,181.0,Monsoon,0
2024-10-07,P019,Clothing,Jacket,209.0,Autumn,0
2024-10-14,P019,Clothing,Jacket,219.0,Autumn,0
2024-10-21,P019,Clothing,Jacket,262.0,Autumn,0
2024-10-28,P019,Clothing,Jacket,1192.0,Autumn,1
2024-11-04,P019,Clothing,Jacket,263.0,Autumn,0
2024-11-11,P019,Clothing,Jacket,208.0,Autumn,0
2024-11-18,P019,Clothing,Jacket,239.0,Autumn,0
2024-11-25,P019,Clothing,Jacket,149.0,Autumn,0
2024-12-02,P019,Clothing,Jacket,622.0,Winter,0
2024-12-09,P019,Clothing,Jacket,638.0,Winter,0
2024-12-16,P019,Clothing,Jacket,554.0,Winter,0
2024-12-23,P019,Clothing,Jacket,611.0,Winter,0
2021-01-04,P020,Clothing,Saree,352.0,Winter,0
2021-01-11,P020,Clothing,Saree,413.0,Winter,0
2021-01-18,P020,Clothing,Saree,421.0,Winter,0
2021-01-25,P020,Clothing,Saree,313.0,Winter,0
2021-02-01,P020,Clothing,Saree,374.0,Winter,0
2021-02-08,P020,Clothing,Saree,373.0,Winter,0
2021-02-15,P020,Clothing,Saree,412.0,Winter,0
2021-02-22,P020,Clothing,Saree,341.0,Winter,0
2021-03-01,P020,Clothing,Saree,333.0,Summer,0
2021-03-08,P020,Clothing,Saree,375.0,Summer,0
2021-03-15,P020,Clothing,Saree,430.0,Summer,0
2021-03-22,P020,Clothing,Saree,300.0,Summer,0
2021-03-29,P020,Clothing,Saree,309.0,Summer,0
2021-04-05,P020,Clothing,Saree,337.0,Summer,0
2021-04-12,P020,Clothing,Saree,347.0,Summer,0
2021-04-19,P020,Clothing,Saree,269.0,Summer,0
2021-04-26,P020,Clothing,Saree,448.0,Summer,0
2021-05-03,P020,Clothing,Saree,358.0,Summer,0
2021-05-10,P020,Clothing,Saree,350.0,Summer,0
2021-05-17,P020,Clothing,Saree,455.0,Summer,0
2021-05-24,P020,Clothing,Saree,405.0,Summer,0
2021-05-31,P020,Clothing,Saree,336.0,Summer,0
2021-06-07,P020,Clothing,Saree,375.0,Summer,0
2021-06-14,P020,Clothing,Saree,363.0,Summer,0
2021-06-21,P020,Clothing,Saree,445.0,Summer,0
2021-06-28,P020,Clothing,Saree,356.0,Summer,0
2021-07-05,P020,Clothing,Saree,286.0,Monsoon,0
2021-07-12,P020,Clothing,Saree,262.0,Monsoon,0
2021-07-19,P020,Clothing,Saree,446.0,Monsoon,0
2021-07-26,P020,Clothing,Saree,322.0,Monsoon,0
2021-08-02,P020,Clothing,Saree,402.0,Monsoon,0
2021-08-09,P020,Clothing,Saree,369.0,Monsoon,0
2021-08-16,P020,Clothing,Saree,343.0,Monsoon,0
2021-08-23,P020,Clothing,Saree,351.0,Monsoon,0
2021-08-30,P020,Clothing,Saree,452.0,Monsoon,0
2021-09-06,P020,Clothing,Saree,286.0,Monsoon,0
2021-09-13,P020,Clothing,Saree,344.0,Monsoon,0
2021-09-20,P020,Clothing,Saree,415.0,Monsoon,0
2021-09-27,P020,Clothing,Saree,295.0,Monsoon,0
2021-10-04,P020,Clothing,Saree,438.0,Autumn,0
2021-10-11,P020,Clothing,Saree,414.0,Autumn,0
2021-10-18,P020,Clothing,Saree,380.0,Autumn,0
2021-10-25,P020,Clothing,Saree,338.0,Autumn,0
2021-11-01,P020,Clothing,Saree,1233.0,Autumn,1
2021-11-08,P020,Clothing,Saree,404.0,Autumn,0
2021-11-15,P020,Clothing,Saree,516.0,Autumn,0
2021-11-22,P020,Clothing,Saree,374.0,Autumn,0
2021-11-29,P020,Clothing,Saree,265.0,Autumn,0
2021-12-06,P020,Clothing,Saree,391.0,Winter,0
2021-12-13,P020,Clothing,Saree,413.0,Winter,0
2021-12-20,P020,Clothing,Saree,315.0,Winter,0
2021-12-27,P020,Clothing,Saree,330.0,Winter,0
2022-01-03,P020,Clothing,Saree,337.0,Winter,0
2022-01-10,P020,Clothing,Saree,350.0,Winter,0
2022-01-17,P020,Clothing,Saree,370.0,Winter,0
2022-01-24,P020,Clothing,Saree,331.0,Winter,0
2022-01-31,P020,Clothing,Saree,310.0,Winter,0
2022-02-07,P020,Clothing,Saree,390.0,Winter,0
2022-02-14,P020,Clothing,Saree,370.0,Winter,0
2022-02-21,P020,Clothing,Saree,355.0,Winter,0
2022-02-28,P020,Clothing,Saree,385.0,Winter,0
2022-03-07,P020,Clothing,Saree,293.0,Summer,0
2022-03-14,P020,Clothing,Saree,395.0,Summer,0
2022-03-21,P020,Clothing,Saree,356.0,Summer,0
2022-03-28,P020,Clothing,Saree,394.0,Summer,0
2022-04-04,P020,Clothing,Saree,403.0,Summer,0
2022-04-11,P020,Clothing,Saree,445.0,Summer,0
2022-04-18,P020,Clothing,Saree,386.0,Summer,0
2022-04-25,P020,Clothing,Saree,441.0,Summer,0
2022-05-02,P020,Clothing,Saree,362.0,Summer,0
2022-05-09,P020,Clothing,Saree,364.0,Summer,0
2022-05-16,P020,Clothing,Saree,375.0,Summer,0
2022-05-23,P020,Clothing,Saree,424.0,Summer,0
2022-05-30,P020,Clothing,Saree,416.0,Summer,0
2022-06-06,P020,Clothing,Saree,388.0,Summer,0
2022-06-13,P020,Clothing,Saree,310.0,Summer,0
2022-06-20,P020,Clothing,Saree,415.0,Summer,0
2022-06-27,P020,Clothing,Saree,331.0,Summer,0
2022-07-04,P020,Clothing,Saree,328.0,Monsoon,0
2022-07-11,P020,Clothing,Saree,315.0,Monsoon,0
2022-07-18,P020,Clothing,Saree,375.0,Monsoon,0
2022-07-25,P020,Clothing,Saree,449.0,Monsoon,0
2022-08-01,P020,Clothing,Saree,325.0,Monsoon,0
2022-08-08,P020,Clothing,Saree,476.0,Monsoon,0
2022-08-15,P020,Clothing,Saree,432.0,Monsoon,0
2022-08-22,P020,Clothing,Saree,297.0,Monsoon,0
2022-08-29,P020,Clothing,Saree,358.0,Monsoon,0
2022-09-05,P020,Clothing,Saree,321.0,Monsoon,0
2022-09-12,P020,Clothing,Saree,418.0,Monsoon,0
2022-09-19,P020,Clothing,Saree,324.0,Monsoon,0
2022-09-26,P020,Clothing,Saree,288.0,Monsoon,0
2022-10-03,P020,Clothing,Saree,362.0,Autumn,0
2022-10-10,P020,Clothing,Saree,447.0,Autumn,0
2022-10-17,P020,Clothing,Saree,369.0,Autumn,0
2022-10-24,P020,Clothing,Saree,2142.0,Autumn,1
2022-10-31,P020,Clothing,Saree,405.0,Autumn,0
2022-11-07,P020,Clothing,Saree,294.0,Autumn,0
2022-11-14,P020,Clothing,Saree,329.0,Autumn,0
2022-11-21,P020,Clothing,Saree,381.0,Autumn,0
2022-11-28,P020,Clothing,Saree,348.0,Autumn,0
2022-12-05,P020,Clothing,Saree,477.0,Winter,0
2022-12-12,P020,Clothing,Saree,310.0,Winter,0
2022-12-19,P020,Clothing,Saree,328.0,Winter,0
2022-12-26,P020,Clothing,Saree,397.0,Winter,0
2023-01-02,P020,Clothing,Saree,358.0,Winter,0
2023-01-09,P020,Clothing,Saree,223.0,Winter,0
2023-01-16,P020,Clothing,Saree,509.0,Winter,0
2023-01-23,P020,Clothing,Saree,331.0,Winter,0
2023-01-30,P020,Clothing,Saree,428.0,Winter,0
2023-02-06,P020,Clothing,Saree,320.0,Winter,0
2023-02-13,P020,Clothing,Saree,344.0,Winter,0
2023-02-20,P020,Clothing,Saree,299.0,Winter,0
2023-02-27,P020,Clothing,Saree,351.0,Winter,0
2023-03-06,P020,Clothing,Saree,357.0,Summer,0
2023-03-13,P020,Clothing,Saree,387.0,Summer,0
2023-03-20,P020,Clothing,Saree,373.0,Summer,0
2023-03-27,P020,Clothing,Saree,309.0,Summer,0
2023-04-03,P020,Clothing,Saree,364.0,Summer,0
2023-04-10,P020,Clothing,Saree,481.0,Summer,0
2023-04-17,P020,Clothing,Saree,474.0,Summer,0
2023-04-24,P020,Clothing,Saree,422.0,Summer,0
2023-05-01,P020,Clothing,Saree,434.0,Summer,0
2023-05-08,P020,Clothing,Saree,517.0,Summer,0
2023-05-15,P020,Clothing,Saree,429.0,Summer,0
2023-05-22,P020,Clothing,Saree,433.0,Summer,0
2023-05-29,P020,Clothing,Saree,302.0,Summer,0
2023-06-05,P020,Clothing,Saree,329.0,Summer,0
2023-06-12,P020,Clothing,Saree,393.0,Summer,0
2023-06-19,P020,Clothing,Saree,347.0,Summer,0
2023-06-26,P020,Clothing,Saree,336.0,Summer,0
2023-07-03,P020,Clothing,Saree,342.0,Monsoon,0
2023-07-10,P020,Clothing,Saree,310.0,Monsoon,0
2023-07-17,P020,Clothing,Saree,348.0,Monsoon,0
2023-07-24,P020,Clothing,Saree,415.0,Monsoon,0
2023-07-31,P020,Clothing,Saree,501.0,Monsoon,0
2023-08-07,P020,Clothing,Saree,442.0,Monsoon,0
2023-08-14,P020,Clothing,Saree,432.0,Monsoon,0
2023-08-21,P020,Clothing,Saree,299.0,Monsoon,0
2023-08-28,P020,Clothing,Saree,402.0,Monsoon,0
2023-09-04,P020,Clothing,Saree,391.0,Monsoon,0
2023-09-11,P020,Clothing,Saree,412.0,Monsoon,0
2023-09-18,P020,Clothing,Saree,373.0,Monsoon,0
2023-09-25,P020,Clothing,Saree,493.0,Monsoon,0
2023-10-02,P020,Clothing,Saree,398.0,Autumn,0
2023-10-09,P020,Clothing,Saree,404.0,Autumn,0
2023-10-16,P020,Clothing,Saree,278.0,Autumn,0
2023-10-23,P020,Clothing,Saree,388.0,Autumn,0
2023-10-30,P020,Clothing,Saree,463.0,Autumn,0
2023-11-06,P020,Clothing,Saree,2105.0,Autumn,1
2023-11-13,P020,Clothing,Saree,267.0,Autumn,0
2023-11-20,P020,Clothing,Saree,368.0,Autumn,0
2023-11-27,P020,Clothing,Saree,497.0,Autumn,0
2023-12-04,P020,Clothing,Saree,386.0,Winter,0
2023-12-11,P020,Clothing,Saree,414.0,Winter,0
2023-12-18,P020,Clothing,Saree,491.0,Winter,0
2023-12-25,P020,Clothing,Saree,386.0,Winter,0
2024-01-01,P020,Clothing,Saree,458.0,Winter,0
2024-01-08,P020,Clothing,Saree,435.0,Winter,0
2024-01-15,P020,Clothing,Saree,448.0,Winter,0
2024-01-22,P020,Clothing,Saree,433.0,Winter,0
2024-01-29,P020,Clothing,Saree,376.0,Winter,0
2024-02-05,P020,Clothing,Saree,382.0,Winter,0
2024-02-12,P020,Clothing,Saree,357.0,Winter,0
2024-02-19,P020,Clothing,Saree,309.0,Winter,0
2024-02-26,P020,Clothing,Saree,486.0,Winter,0
2024-03-04,P020,Clothing,Saree,410.0,Summer,0
2024-03-11,P020,Clothing,Saree,483.0,Summer,0
2024-03-18,P020,Clothing,Saree,506.0,Summer,0
2024-03-25,P020,Clothing,Saree,413.0,Summer,0
2024-04-01,P020,Clothing,Saree,329.0,Summer,0
2024-04-08,P020,Clothing,Saree,397.0,Summer,0
2024-04-15,P020,Clothing,Saree,368.0,Summer,0
2024-04-22,P020,Clothing,Saree,288.0,Summer,0
2024-04-29,P020,Clothing,Saree,379.0,Summer,0
2024-05-06,P020,Clothing,Saree,405.0,Summer,0
2024-05-13,P020,Clothing,Saree,370.0,Summer,0
2024-05-20,P020,Clothing,Saree,362.0,Summer,0
2024-05-27,P020,Clothing,Saree,331.0,Summer,0
2024-06-03,P020,Clothing,Saree,421.0,Summer,0
2024-06-10,P020,Clothing,Saree,524.0,Summer,0
2024-06-17,P020,Clothing,Saree,488.0,Summer,0
2024-06-24,P020,Clothing,Saree,450.0,Summer,0
2024-07-01,P020,Clothing,Saree,451.0,Monsoon,0
2024-07-08,P020,Clothing,Saree,401.0,Monsoon,0
2024-07-15,P020,Clothing,Saree,298.0,Monsoon,0
2024-07-22,P020,Clothing,Saree,387.0,Monsoon,0
2024-07-29,P020,Clothing,Saree,350.0,Monsoon,0
2024-08-05,P020,Clothing,Saree,419.0,Monsoon,0
2024-08-12,P020,Clothing,Saree,485.0,Monsoon,0
2024-08-19,P020,Clothing,Saree,531.0,Monsoon,0
2024-08-26,P020,Clothing,Saree,413.0,Monsoon,0
2024-09-02,P020,Clothing,Saree,307.0,Monsoon,0
2024-09-09,P020,Clothing,Saree,413.0,Monsoon,0
2024-09-16,P020,Clothing,Saree,415.0,Monsoon,0
2024-09-23,P020,Clothing,Saree,451.0,Monsoon,0
2024-09-30,P020,Clothing,Saree,408.0,Monsoon,0
2024-10-07,P020,Clothing,Saree,414.0,Autumn,0
2024-10-14,P020,Clothing,Saree,371.0,Autumn,0
2024-10-21,P020,Clothing,Saree,390.0,Autumn,0
2024-10-28,P020,Clothing,Saree,2065.0,Autumn,1
2024-11-04,P020,Clothing,Saree,286.0,Autumn,0
2024-11-11,P020,Clothing,Saree,390.0,Autumn,0
2024-11-18,P020,Clothing,Saree,452.0,Autumn,0
2024-11-25,P020,Clothing,Saree,510.0,Autumn,0
2024-12-02,P020,Clothing,Saree,385.0,Winter,0
2024-12-09,P020,Clothing,Saree,482.0,Winter,0
2024-12-16,P020,Clothing,Saree,513.0,Winter,0
2024-12-23,P020,Clothing,Saree,386.0,Winter,0
2021-01-04,P021,Clothing,Kurta,324.0,Winter,0
2021-01-11,P021,Clothing,Kurta,440.0,Winter,0
2021-01-18,P021,Clothing,Kurta,398.0,Winter,0
2021-01-25,P021,Clothing,Kurta,419.0,Winter,0
2021-02-01,P021,Clothing,Kurta,425.0,Winter,0
2021-02-08,P021,Clothing,Kurta,464.0,Winter,0
2021-02-15,P021,Clothing,Kurta,491.0,Winter,0
2021-02-22,P021,Clothing,Kurta,445.0,Winter,0
2021-03-01,P021,Clothing,Kurta,415.0,Summer,0
2021-03-08,P021,Clothing,Kurta,437.0,Summer,0
2021-03-15,P021,Clothing,Kurta,413.0,Summer,0
2021-03-22,P021,Clothing,Kurta,328.0,Summer,0
2021-03-29,P021,Clothing,Kurta,507.0,Summer,0
2021-04-05,P021,Clothing,Kurta,495.0,Summer,0
2021-04-12,P021,Clothing,Kurta,566.0,Summer,0
2021-04-19,P021,Clothing,Kurta,585.0,Summer,0
2021-04-26,P021,Clothing,Kurta,359.0,Summer,0
2021-05-03,P021,Clothing,Kurta,414.0,Summer,0
2021-05-10,P021,Clothing,Kurta,600.0,Summer,0
2021-05-17,P021,Clothing,Kurta,433.0,Summer,0
2021-05-24,P021,Clothing,Kurta,451.0,Summer,0
2021-05-31,P021,Clothing,Kurta,336.0,Summer,0
2021-06-07,P021,Clothing,Kurta,445.0,Summer,0
2021-06-14,P021,Clothing,Kurta,562.0,Summer,0
2021-06-21,P021,Clothing,Kurta,520.0,Summer,0
2021-06-28,P021,Clothing,Kurta,396.0,Summer,0
2021-07-05,P021,Clothing,Kurta,410.0,Monsoon,0
2021-07-12,P021,Clothing,Kurta,362.0,Monsoon,0
2021-07-19,P021,Clothing,Kurta,380.0,Monsoon,0
2021-07-26,P021,Clothing,Kurta,311.0,Monsoon,0
2021-08-02,P021,Clothing,Kurta,430.0,Monsoon,0
2021-08-09,P021,Clothing,Kurta,534.0,Monsoon,0
2021-08-16,P021,Clothing,Kurta,459.0,Monsoon,0
2021-08-23,P021,Clothing,Kurta,525.0,Monsoon,0
2021-08-30,P021,Clothing,Kurta,506.0,Monsoon,0
2021-09-06,P021,Clothing,Kurta,400.0,Monsoon,0
2021-09-13,P021,Clothing,Kurta,386.0,Monsoon,0
2021-09-20,P021,Clothing,Kurta,388.0,Monsoon,0
2021-09-27,P021,Clothing,Kurta,323.0,Monsoon,0
2021-10-04,P021,Clothing,Kurta,438.0,Autumn,0
2021-10-11,P021,Clothing,Kurta,246.0,Autumn,0
2021-10-18,P021,Clothing,Kurta,474.0,Autumn,0
2021-10-25,P021,Clothing,Kurta,440.0,Autumn,0
2021-11-01,P021,Clothing,Kurta,1995.0,Autumn,1
2021-11-08,P021,Clothing,Kurta,505.0,Autumn,0
2021-11-15,P021,Clothing,Kurta,449.0,Autumn,0
2021-11-22,P021,Clothing,Kurta,542.0,Autumn,0
2021-11-29,P021,Clothing,Kurta,476.0,Autumn,0
2021-12-06,P021,Clothing,Kurta,386.0,Winter,0
2021-12-13,P021,Clothing,Kurta,420.0,Winter,0
2021-12-20,P021,Clothing,Kurta,288.0,Winter,0
2021-12-27,P021,Clothing,Kurta,376.0,Winter,0
2022-01-03,P021,Clothing,Kurta,427.0,Winter,0
2022-01-10,P021,Clothing,Kurta,490.0,Winter,0
2022-01-17,P021,Clothing,Kurta,402.0,Winter,0
2022-01-24,P021,Clothing,Kurta,368.0,Winter,0
2022-01-31,P021,Clothing,Kurta,325.0,Winter,0
2022-02-07,P021,Clothing,Kurta,412.0,Winter,0
2022-02-14,P021,Clothing,Kurta,586.0,Winter,0
2022-02-21,P021,Clothing,Kurta,471.0,Winter,0
2022-02-28,P021,Clothing,Kurta,517.0,Winter,0
2022-03-07,P021,Clothing,Kurta,392.0,Summer,0
2022-03-14,P021,Clothing,Kurta,346.0,Summer,0
2022-03-21,P021,Clothing,Kurta,370.0,Summer,0
2022-03-28,P021,Clothing,Kurta,446.0,Summer,0
2022-04-04,P021,Clothing,Kurta,317.0,Summer,0
2022-04-11,P021,Clothing,Kurta,384.0,Summer,0
2022-04-18,P021,Clothing,Kurta,413.0,Summer,0
2022-04-25,P021,Clothing,Kurta,363.0,Summer,0
2022-05-02,P021,Clothing,Kurta,308.0,Summer,0
2022-05-09,P021,Clothing,Kurta,473.0,Summer,0
2022-05-16,P021,Clothing,Kurta,456.0,Summer,0
2022-05-23,P021,Clothing,Kurta,506.0,Summer,0
2022-05-30,P021,Clothing,Kurta,377.0,Summer,0
2022-06-06,P021,Clothing,Kurta,505.0,Summer,0
2022-06-13,P021,Clothing,Kurta,557.0,Summer,0
2022-06-20,P021,Clothing,Kurta,471.0,Summer,0
2022-06-27,P021,Clothing,Kurta,411.0,Summer,0
2022-07-04,P021,Clothing,Kurta,463.0,Monsoon,0
2022-07-11,P021,Clothing,Kurta,408.0,Monsoon,0
2022-07-18,P021,Clothing,Kurta,397.0,Monsoon,0
2022-07-25,P021,Clothing,Kurta,499.0,Monsoon,0
2022-08-01,P021,Clothing,Kurta,443.0,Monsoon,0
2022-08-08,P021,Clothing,Kurta,535.0,Monsoon,0
2022-08-15,P021,Clothing,Kurta,423.0,Monsoon,0
2022-08-22,P021,Clothing,Kurta,430.0,Monsoon,0
2022-08-29,P021,Clothing,Kurta,414.0,Monsoon,0
2022-09-05,P021,Clothing,Kurta,377.0,Monsoon,0
2022-09-12,P021,Clothing,Kurta,508.0,Monsoon,0
2022-09-19,P021,Clothing,Kurta,602.0,Monsoon,0
2022-09-26,P021,Clothing,Kurta,427.0,Monsoon,0
2022-10-03,P021,Clothing,Kurta,407.0,Autumn,0
2022-10-10,P021,Clothing,Kurta,402.0,Autumn,0
2022-10-17,P021,Clothing,Kurta,407.0,Autumn,0
2022-10-24,P021,Clothing,Kurta,3004.0,Autumn,1
2022-10-31,P021,Clothing,Kurta,404.0,Autumn,0
2022-11-07,P021,Clothing,Kurta,413.0,Autumn,0
2022-11-14,P021,Clothing,Kurta,369.0,Autumn,0
2022-11-21,P021,Clothing,Kurta,473.0,Autumn,0
2022-11-28,P021,Clothing,Kurta,448.0,Autumn,0
2022-12-05,P021,Clothing,Kurta,376.0,Winter,0
2022-12-12,P021,Clothing,Kurta,392.0,Winter,0
2022-12-19,P021,Clothing,Kurta,557.0,Winter,0
2022-12-26,P021,Clothing,Kurta,455.0,Winter,0
2023-01-02,P021,Clothing,Kurta,478.0,Winter,0
2023-01-09,P021,Clothing,Kurta,478.0,Winter,0
2023-01-16,P021,Clothing,Kurta,569.0,Winter,0
2023-01-23,P021,Clothing,Kurta,397.0,Winter,0
2023-01-30,P021,Clothing,Kurta,442.0,Winter,0
2023-02-06,P021,Clothing,Kurta,458.0,Winter,0
2023-02-13,P021,Clothing,Kurta,349.0,Winter,0
2023-02-20,P021,Clothing,Kurta,406.0,Winter,0
2023-02-27,P021,Clothing,Kurta,544.0,Winter,0
2023-03-06,P021,Clothing,Kurta,524.0,Summer,0
2023-03-13,P021,Clothing,Kurta,537.0,Summer,0
2023-03-20,P021,Clothing,Kurta,429.0,Summer,0
2023-03-27,P021,Clothing,Kurta,437.0,Summer,0
2023-04-03,P021,Clothing,Kurta,344.0,Summer,0
2023-04-10,P021,Clothing,Kurta,536.0,Summer,0
2023-04-17,P021,Clothing,Kurta,548.0,Summer,0
2023-04-24,P021,Clothing,Kurta,547.0,Summer,0
2023-05-01,P021,Clothing,Kurta,584.0,Summer,0
2023-05-08,P021,Clothing,Kurta,500.0,Summer,0
2023-05-15,P021,Clothing,Kurta,580.0,Summer,0
2023-05-22,P021,Clothing,Kurta,456.0,Summer,0
2023-05-29,P021,Clothing,Kurta,346.0,Summer,0
2023-06-05,P021,Clothing,Kurta,531.0,Summer,0
2023-06-12,P021,Clothing,Kurta,343.0,Summer,0
2023-06-19,P021,Clothing,Kurta,482.0,Summer,0
2023-06-26,P021,Clothing,Kurta,538.0,Summer,0
2023-07-03,P021,Clothing,Kurta,493.0,Monsoon,0
2023-07-10,P021,Clothing,Kurta,631.0,Monsoon,0
2023-07-17,P021,Clothing,Kurta,332.0,Monsoon,0
2023-07-24,P021,Clothing,Kurta,465.0,Monsoon,0
2023-07-31,P021,Clothing,Kurta,472.0,Monsoon,0
2023-08-07,P021,Clothing,Kurta,375.0,Monsoon,0
2023-08-14,P021,Clothing,Kurta,389.0,Monsoon,0
2023-08-21,P021,Clothing,Kurta,411.0,Monsoon,0
2023-08-28,P021,Clothing,Kurta,393.0,Monsoon,0
2023-09-04,P021,Clothing,Kurta,463.0,Monsoon,0
2023-09-11,P021,Clothing,Kurta,428.0,Monsoon,0
2023-09-18,P021,Clothing,Kurta,493.0,Monsoon,0
2023-09-25,P021,Clothing,Kurta,516.0,Monsoon,0
2023-10-02,P021,Clothing,Kurta,511.0,Autumn,0
2023-10-09,P021,Clothing,Kurta,441.0,Autumn,0
2023-10-16,P021,Clothing,Kurta,490.0,Autumn,0
2023-10-23,P021,Clothing,Kurta,543.0,Autumn,0
2023-10-30,P021,Clothing,Kurta,502.0,Autumn,0
2023-11-06,P021,Clothing,Kurta,2961.0,Autumn,1
2023-11-13,P021,Clothing,Kurta,540.0,Autumn,0
2023-11-20,P021,Clothing,Kurta,592.0,Autumn,0
2023-11-27,P021,Clothing,Kurta,294.0,Autumn,0
2023-12-04,P021,Clothing,Kurta,477.0,Winter,0
2023-12-11,P021,Clothing,Kurta,447.0,Winter,0
2023-12-18,P021,Clothing,Kurta,462.0,Winter,0
2023-12-25,P021,Clothing,Kurta,414.0,Winter,0
2024-01-01,P021,Clothing,Kurta,517.0,Winter,0
2024-01-08,P021,Clothing,Kurta,355.0,Winter,0
2024-01-15,P021,Clothing,Kurta,517.0,Winter,0
2024-01-22,P021,Clothing,Kurta,431.0,Winter,0
2024-01-29,P021,Clothing,Kurta,451.0,Winter,0
2024-02-05,P021,Clothing,Kurta,520.0,Winter,0
2024-02-12,P021,Clothing,Kurta,494.0,Winter,0
2024-02-19,P021,Clothing,Kurta,565.0,Winter,0
2024-02-26,P021,Clothing,Kurta,417.0,Winter,0
2024-03-04,P021,Clothing,Kurta,482.0,Summer,0
2024-03-11,P021,Clothing,Kurta,553.0,Summer,0
2024-03-18,P021,Clothing,Kurta,514.0,Summer,0
2024-03-25,P021,Clothing,Kurta,519.0,Summer,0
2024-04-01,P021,Clothing,Kurta,569.0,Summer,0
2024-04-08,P021,Clothing,Kurta,458.0,Summer,0
2024-04-15,P021,Clothing,Kurta,443.0,Summer,0
2024-04-22,P021,Clothing,Kurta,530.0,Summer,0
2024-04-29,P021,Clothing,Kurta,477.0,Summer,0
2024-05-06,P021,Clothing,Kurta,570.0,Summer,0
2024-05-13,P021,Clothing,Kurta,515.0,Summer,0
2024-05-20,P021,Clothing,Kurta,442.0,Summer,0
2024-05-27,P021,Clothing,Kurta,513.0,Summer,0
2024-06-03,P021,Clothing,Kurta,422.0,Summer,0
2024-06-10,P021,Clothing,Kurta,557.0,Summer,0
2024-06-17,P021,Clothing,Kurta,385.0,Summer,0
2024-06-24,P021,Clothing,Kurta,577.0,Summer,0
2024-07-01,P021,Clothing,Kurta,511.0,Monsoon,0
2024-07-08,P021,Clothing,Kurta,476.0,Monsoon,0
2024-07-15,P021,Clothing,Kurta,544.0,Monsoon,0
2024-07-22,P021,Clothing,Kurta,525.0,Monsoon,0
2024-07-29,P021,Clothing,Kurta,585.0,Monsoon,0
2024-08-05,P021,Clothing,Kurta,585.0,Monsoon,0
2024-08-12,P021,Clothing,Kurta,514.0,Monsoon,0
2024-08-19,P021,Clothing,Kurta,424.0,Monsoon,0
2024-08-26,P021,Clothing,Kurta,448.0,Monsoon,0
2024-09-02,P021,Clothing,Kurta,483.0,Monsoon,0
2024-09-09,P021,Clothing,Kurta,567.0,Monsoon,0
2024-09-16,P021,Clothing,Kurta,454.0,Monsoon,0
2024-09-23,P021,Clothing,Kurta,461.0,Monsoon,0
2024-09-30,P021,Clothing,Kurta,623.0,Monsoon,0
2024-10-07,P021,Clothing,Kurta,480.0,Autumn,0
2024-10-14,P021,Clothing,Kurta,441.0,Autumn,0
2024-10-21,P021,Clothing,Kurta,545.0,Autumn,0
2024-10-28,P021,Clothing,Kurta,2264.0,Autumn,1
2024-11-04,P021,Clothing,Kurta,386.0,Autumn,0
2024-11-11,P021,Clothing,Kurta,564.0,Autumn,0
2024-11-18,P021,Clothing,Kurta,433.0,Autumn,0
2024-11-25,P021,Clothing,Kurta,491.0,Autumn,0
2024-12-02,P021,Clothing,Kurta,483.0,Winter,0
2024-12-09,P021,Clothing,Kurta,505.0,Winter,0
2024-12-16,P021,Clothing,Kurta,327.0,Winter,0
2024-12-23,P021,Clothing,Kurta,463.0,Winter,0
2021-01-04,P022,Clothing,Footwear,436.0,Winter,0
2021-01-11,P022,Clothing,Footwear,448.0,Winter,0
2021-01-18,P022,Clothing,Footwear,368.0,Winter,0
2021-01-25,P022,Clothing,Footwear,379.0,Winter,0
2021-02-01,P022,Clothing,Footwear,462.0,Winter,0
2021-02-08,P022,Clothing,Footwear,317.0,Winter,0
2021-02-15,P022,Clothing,Footwear,412.0,Winter,0
2021-02-22,P022,Clothing,Footwear,346.0,Winter,0
2021-03-01,P022,Clothing,Footwear,452.0,Summer,0
2021-03-08,P022,Clothing,Footwear,386.0,Summer,0
2021-03-15,P022,Clothing,Footwear,388.0,Summer,0
2021-03-22,P022,Clothing,Footwear,488.0,Summer,0
2021-03-29,P022,Clothing,Footwear,325.0,Summer,0
2021-04-05,P022,Clothing,Footwear,400.0,Summer,0
2021-04-12,P022,Clothing,Footwear,377.0,Summer,0
2021-04-19,P022,Clothing,Footwear,418.0,Summer,0
2021-04-26,P022,Clothing,Footwear,500.0,Summer,0
2021-05-03,P022,Clothing,Footwear,352.0,Summer,0
2021-05-10,P022,Clothing,Footwear,318.0,Summer,0
2021-05-17,P022,Clothing,Footwear,340.0,Summer,0
2021-05-24,P022,Clothing,Footwear,374.0,Summer,0
2021-05-31,P022,Clothing,Footwear,391.0,Summer,0
2021-06-07,P022,Clothing,Footwear,394.0,Summer,0
2021-06-14,P022,Clothing,Footwear,492.0,Summer,0
2021-06-21,P022,Clothing,Footwear,482.0,Summer,0
2021-06-28,P022,Clothing,Footwear,463.0,Summer,0
2021-07-05,P022,Clothing,Footwear,534.0,Monsoon,0
2021-07-12,P022,Clothing,Footwear,435.0,Monsoon,0
2021-07-19,P022,Clothing,Footwear,452.0,Monsoon,0
2021-07-26,P022,Clothing,Footwear,434.0,Monsoon,0
2021-08-02,P022,Clothing,Footwear,425.0,Monsoon,0
2021-08-09,P022,Clothing,Footwear,410.0,Monsoon,0
2021-08-16,P022,Clothing,Footwear,364.0,Monsoon,0
2021-08-23,P022,Clothing,Footwear,315.0,Monsoon,0
2021-08-30,P022,Clothing,Footwear,380.0,Monsoon,0
2021-09-06,P022,Clothing,Footwear,420.0,Monsoon,0
2021-09-13,P022,Clothing,Footwear,392.0,Monsoon,0
2021-09-20,P022,Clothing,Footwear,325.0,Monsoon,0
2021-09-27,P022,Clothing,Footwear,378.0,Monsoon,0
2021-10-04,P022,Clothing,Footwear,375.0,Autumn,0
2021-10-11,P022,Clothing,Footwear,384.0,Autumn,0
2021-10-18,P022,Clothing,Footwear,416.0,Autumn,0
2021-10-25,P022,Clothing,Footwear,429.0,Autumn,0
2021-11-01,P022,Clothing,Footwear,1533.0,Autumn,1
2021-11-08,P022,Clothing,Footwear,445.0,Autumn,0
2021-11-15,P022,Clothing,Footwear,453.0,Autumn,0
2021-11-22,P022,Clothing,Footwear,406.0,Autumn,0
2021-11-29,P022,Clothing,Footwear,426.0,Autumn,0
2021-12-06,P022,Clothing,Footwear,445.0,Winter,0
2021-12-13,P022,Clothing,Footwear,324.0,Winter,0
2021-12-20,P022,Clothing,Footwear,449.0,Winter,0
2021-12-27,P022,Clothing,Footwear,342.0,Winter,0
2022-01-03,P022,Clothing,Footwear,361.0,Winter,0
2022-01-10,P022,Clothing,Footwear,415.0,Winter,0
2022-01-17,P022,Clothing,Footwear,273.0,Winter,0
2022-01-24,P022,Clothing,Footwear,414.0,Winter,0
2022-01-31,P022,Clothing,Footwear,462.0,Winter,0
2022-02-07,P022,Clothing,Footwear,303.0,Winter,0
2022-02-14,P022,Clothing,Footwear,469.0,Winter,0
2022-02-21,P022,Clothing,Footwear,361.0,Winter,0
2022-02-28,P022,Clothing,Footwear,416.0,Winter,0
2022-03-07,P022,Clothing,Footwear,370.0,Summer,0
2022-03-14,P022,Clothing,Footwear,438.0,Summer,0
2022-03-21,P022,Clothing,Footwear,465.0,Summer,0
2022-03-28,P022,Clothing,Footwear,442.0,Summer,0
2022-04-04,P022,Clothing,Footwear,403.0,Summer,0
2022-04-11,P022,Clothing,Footwear,374.0,Summer,0
2022-04-18,P022,Clothing,Footwear,399.0,Summer,0
2022-04-25,P022,Clothing,Footwear,443.0,Summer,0
2022-05-02,P022,Clothing,Footwear,445.0,Summer,0
2022-05-09,P022,Clothing,Footwear,436.0,Summer,0
2022-05-16,P022,Clothing,Footwear,325.0,Summer,0
2022-05-23,P022,Clothing,Footwear,402.0,Summer,0
2022-05-30,P022,Clothing,Footwear,365.0,Summer,0
2022-06-06,P022,Clothing,Footwear,443.0,Summer,0
2022-06-13,P022,Clothing,Footwear,357.0,Summer,0
2022-06-20,P022,Clothing,Footwear,430.0,Summer,0
2022-06-27,P022,Clothing,Footwear,386.0,Summer,0
2022-07-04,P022,Clothing,Footwear,289.0,Monsoon,0
2022-07-11,P022,Clothing,Footwear,459.0,Monsoon,0
2022-07-18,P022,Clothing,Footwear,401.0,Monsoon,0
2022-07-25,P022,Clothing,Footwear,480.0,Monsoon,0
2022-08-01,P022,Clothing,Footwear,302.0,Monsoon,0
2022-08-08,P022,Clothing,Footwear,385.0,Monsoon,0
2022-08-15,P022,Clothing,Footwear,390.0,Monsoon,0
2022-08-22,P022,Clothing,Footwear,419.0,Monsoon,0
2022-08-29,P022,Clothing,Footwear,323.0,Monsoon,0
2022-09-05,P022,Clothing,Footwear,436.0,Monsoon,0
2022-09-12,P022,Clothing,Footwear,519.0,Monsoon,0
2022-09-19,P022,Clothing,Footwear,432.0,Monsoon,0
2022-09-26,P022,Clothing,Footwear,409.0,Monsoon,0
2022-10-03,P022,Clothing,Footwear,320.0,Autumn,0
2022-10-10,P022,Clothing,Footwear,356.0,Autumn,0
2022-10-17,P022,Clothing,Footwear,400.0,Autumn,0
2022-10-24,P022,Clothing,Footwear,1972.0,Autumn,1
2022-10-31,P022,Clothing,Footwear,465.0,Autumn,0
2022-11-07,P022,Clothing,Footwear,435.0,Autumn,0
2022-11-14,P022,Clothing,Footwear,566.0,Autumn,0
2022-11-21,P022,Clothing,Footwear,344.0,Autumn,0
2022-11-28,P022,Clothing,Footwear,405.0,Autumn,0
2022-12-05,P022,Clothing,Footwear,319.0,Winter,0
2022-12-12,P022,Clothing,Footwear,269.0,Winter,0
2022-12-19,P022,Clothing,Footwear,447.0,Winter,0
2022-12-26,P022,Clothing,Footwear,433.0,Winter,0
2023-01-02,P022,Clothing,Footwear,365.0,Winter,0
2023-01-09,P022,Clothing,Footwear,424.0,Winter,0
2023-01-16,P022,Clothing,Footwear,379.0,Winter,0
2023-01-23,P022,Clothing,Footwear,387.0,Winter,0
2023-01-30,P022,Clothing,Footwear,398.0,Winter,0
2023-02-06,P022,Clothing,Footwear,362.0,Winter,0
2023-02-13,P022,Clothing,Footwear,373.0,Winter,0
2023-02-20,P022,Clothing,Footwear,375.0,Winter,0
2023-02-27,P022,Clothing,Footwear,445.0,Winter,0
2023-03-06,P022,Clothing,Footwear,244.0,Summer,0
2023-03-13,P022,Clothing,Footwear,404.0,Summer,0
2023-03-20,P022,Clothing,Footwear,350.0,Summer,0
2023-03-27,P022,Clothing,Footwear,352.0,Summer,0
2023-04-03,P022,Clothing,Footwear,385.0,Summer,0
2023-04-10,P022,Clothing,Footwear,418.0,Summer,0
2023-04-17,P022,Clothing,Footwear,405.0,Summer,0
2023-04-24,P022,Clothing,Footwear,352.0,Summer,0
2023-05-01,P022,Clothing,Footwear,464.0,Summer,0
2023-05-08,P022,Clothing,Footwear,362.0,Summer,0
2023-05-15,P022,Clothing,Footwear,372.0,Summer,0
2023-05-22,P022,Clothing,Footwear,436.0,Summer,0
2023-05-29,P022,Clothing,Footwear,439.0,Summer,0
2023-06-05,P022,Clothing,Footwear,380.0,Summer,0
2023-06-12,P022,Clothing,Footwear,234.0,Summer,0
2023-06-19,P022,Clothing,Footwear,363.0,Summer,0
2023-06-26,P022,Clothing,Footwear,429.0,Summer,0
2023-07-03,P022,Clothing,Footwear,462.0,Monsoon,0
2023-07-10,P022,Clothing,Footwear,414.0,Monsoon,0
2023-07-17,P022,Clothing,Footwear,388.0,Monsoon,0
2023-07-24,P022,Clothing,Footwear,563.0,Monsoon,0
2023-07-31,P022,Clothing,Footwear,395.0,Monsoon,0
2023-08-07,P022,Clothing,Footwear,457.0,Monsoon,0
2023-08-14,P022,Clothing,Footwear,335.0,Monsoon,0
2023-08-21,P022,Clothing,Footwear,350.0,Monsoon,0
2023-08-28,P022,Clothing,Footwear,459.0,Monsoon,0
2023-09-04,P022,Clothing,Footwear,484.0,Monsoon,0
2023-09-11,P022,Clothing,Footwear,394.0,Monsoon,0
2023-09-18,P022,Clothing,Footwear,302.0,Monsoon,0
2023-09-25,P022,Clothing,Footwear,408.0,Monsoon,0
2023-10-02,P022,Clothing,Footwear,430.0,Autumn,0
2023-10-09,P022,Clothing,Footwear,425.0,Autumn,0
2023-10-16,P022,Clothing,Footwear,383.0,Autumn,0
2023-10-23,P022,Clothing,Footwear,409.0,Autumn,0
2023-10-30,P022,Clothing,Footwear,371.0,Autumn,0
2023-11-06,P022,Clothing,Footwear,1716.0,Autumn,1
2023-11-13,P022,Clothing,Footwear,466.0,Autumn,0
2023-11-20,P022,Clothing,Footwear,425.0,Autumn,0
2023-11-27,P022,Clothing,Footwear,409.0,Autumn,0
2023-12-04,P022,Clothing,Footwear,387.0,Winter,0
2023-12-11,P022,Clothing,Footwear,407.0,Winter,0
2023-12-18,P022,Clothing,Footwear,429.0,Winter,0
2023-12-25,P022,Clothing,Footwear,527.0,Winter,0
2024-01-01,P022,Clothing,Footwear,477.0,Winter,0
2024-01-08,P022,Clothing,Footwear,391.0,Winter,0
2024-01-15,P022,Clothing,Footwear,391.0,Winter,0
2024-01-22,P022,Clothing,Footwear,381.0,Winter,0
2024-01-29,P022,Clothing,Footwear,421.0,Winter,0
2024-02-05,P022,Clothing,Footwear,381.0,Winter,0
2024-02-12,P022,Clothing,Footwear,465.0,Winter,0
2024-02-19,P022,Clothing,Footwear,262.0,Winter,0
2024-02-26,P022,Clothing,Footwear,469.0,Winter,0
2024-03-04,P022,Clothing,Footwear,452.0,Summer,0
2024-03-11,P022,Clothing,Footwear,516.0,Summer,0
2024-03-18,P022,Clothing,Footwear,491.0,Summer,0
2024-03-25,P022,Clothing,Footwear,389.0,Summer,0
2024-04-01,P022,Clothing,Footwear,484.0,Summer,0
2024-04-08,P022,Clothing,Footwear,423.0,Summer,0
2024-04-15,P022,Clothing,Footwear,308.0,Summer,0
2024-04-22,P022,Clothing,Footwear,444.0,Summer,0
2024-04-29,P022,Clothing,Footwear,393.0,Summer,0
2024-05-06,P022,Clothing,Footwear,434.0,Summer,0
2024-05-13,P022,Clothing,Footwear,542.0,Summer,0
2024-05-20,P022,Clothing,Footwear,449.0,Summer,0
2024-05-27,P022,Clothing,Footwear,368.0,Summer,0
2024-06-03,P022,Clothing,Footwear,497.0,Summer,0
2024-06-10,P022,Clothing,Footwear,458.0,Summer,0
2024-06-17,P022,Clothing,Footwear,360.0,Summer,0
2024-06-24,P022,Clothing,Footwear,329.0,Summer,0
2024-07-01,P022,Clothing,Footwear,370.0,Monsoon,0
2024-07-08,P022,Clothing,Footwear,489.0,Monsoon,0
2024-07-15,P022,Clothing,Footwear,414.0,Monsoon,0
2024-07-22,P022,Clothing,Footwear,439.0,Monsoon,0
2024-07-29,P022,Clothing,Footwear,347.0,Monsoon,0
2024-08-05,P022,Clothing,Footwear,490.0,Monsoon,0
2024-08-12,P022,Clothing,Footwear,303.0,Monsoon,0
2024-08-19,P022,Clothing,Footwear,391.0,Monsoon,0
2024-08-26,P022,Clothing,Footwear,461.0,Monsoon,0
2024-09-02,P022,Clothing,Footwear,361.0,Monsoon,0
2024-09-09,P022,Clothing,Footwear,474.0,Monsoon,0
2024-09-16,P022,Clothing,Footwear,377.0,Monsoon,0
2024-09-23,P022,Clothing,Footwear,354.0,Monsoon,0
2024-09-30,P022,Clothing,Footwear,518.0,Monsoon,0
2024-10-07,P022,Clothing,Footwear,444.0,Autumn,0
2024-10-14,P022,Clothing,Footwear,468.0,Autumn,0
2024-10-21,P022,Clothing,Footwear,500.0,Autumn,0
2024-10-28,P022,Clothing,Footwear,1234.0,Autumn,1
2024-11-04,P022,Clothing,Footwear,475.0,Autumn,0
2024-11-11,P022,Clothing,Footwear,384.0,Autumn,0
2024-11-18,P022,Clothing,Footwear,393.0,Autumn,0
2024-11-25,P022,Clothing,Footwear,463.0,Autumn,0
2024-12-02,P022,Clothing,Footwear,410.0,Winter,0
2024-12-09,P022,Clothing,Footwear,473.0,Winter,0
2024-12-16,P022,Clothing,Footwear,431.0,Winter,0
2024-12-23,P022,Clothing,Footwear,445.0,Winter,0
2021-01-04,P023,Clothing,Kids Dress,185.0,Winter,0
2021-01-11,P023,Clothing,Kids Dress,148.0,Winter,0
2021-01-18,P023,Clothing,Kids Dress,215.0,Winter,0
2021-01-25,P023,Clothing,Kids Dress,188.0,Winter,0
2021-02-01,P023,Clothing,Kids Dress,258.0,Winter,0
2021-02-08,P023,Clothing,Kids Dress,230.0,Winter,0
2021-02-15,P023,Clothing,Kids Dress,212.0,Winter,0
2021-02-22,P023,Clothing,Kids Dress,196.0,Winter,0
2021-03-01,P023,Clothing,Kids Dress,214.0,Summer,0
2021-03-08,P023,Clothing,Kids Dress,202.0,Summer,0
2021-03-15,P023,Clothing,Kids Dress,213.0,Summer,0
2021-03-22,P023,Clothing,Kids Dress,271.0,Summer,0
2021-03-29,P023,Clothing,Kids Dress,177.0,Summer,0
2021-04-05,P023,Clothing,Kids Dress,205.0,Summer,0
2021-04-12,P023,Clothing,Kids Dress,233.0,Summer,0
2021-04-19,P023,Clothing,Kids Dress,198.0,Summer,0
2021-04-26,P023,Clothing,Kids Dress,261.0,Summer,0
2021-05-03,P023,Clothing,Kids Dress,232.0,Summer,0
2021-05-10,P023,Clothing,Kids Dress,188.0,Summer,0
2021-05-17,P023,Clothing,Kids Dress,217.0,Summer,0
2021-05-24,P023,Clothing,Kids Dress,188.0,Summer,0
2021-05-31,P023,Clothing,Kids Dress,185.0,Summer,0
2021-06-07,P023,Clothing,Kids Dress,206.0,Summer,0
2021-06-14,P023,Clothing,Kids Dress,250.0,Summer,0
2021-06-21,P023,Clothing,Kids Dress,234.0,Summer,0
2021-06-28,P023,Clothing,Kids Dress,210.0,Summer,0
2021-07-05,P023,Clothing,Kids Dress,235.0,Monsoon,0
2021-07-12,P023,Clothing,Kids Dress,219.0,Monsoon,0
2021-07-19,P023,Clothing,Kids Dress,173.0,Monsoon,0
2021-07-26,P023,Clothing,Kids Dress,206.0,Monsoon,0
2021-08-02,P023,Clothing,Kids Dress,208.0,Monsoon,0
2021-08-09,P023,Clothing,Kids Dress,235.0,Monsoon,0
2021-08-16,P023,Clothing,Kids Dress,193.0,Monsoon,0
2021-08-23,P023,Clothing,Kids Dress,182.0,Monsoon,0
2021-08-30,P023,Clothing,Kids Dress,209.0,Monsoon,0
2021-09-06,P023,Clothing,Kids Dress,190.0,Monsoon,0
2021-09-13,P023,Clothing,Kids Dress,200.0,Monsoon,0
2021-09-20,P023,Clothing,Kids Dress,208.0,Monsoon,0
2021-09-27,P023,Clothing,Kids Dress,198.0,Monsoon,0
2021-10-04,P023,Clothing,Kids Dress,241.0,Autumn,0
2021-10-11,P023,Clothing,Kids Dress,255.0,Autumn,0
2021-10-18,P023,Clothing,Kids Dress,238.0,Autumn,0
2021-10-25,P023,Clothing,Kids Dress,154.0,Autumn,0
2021-11-01,P023,Clothing,Kids Dress,815.0,Autumn,1
2021-11-08,P023,Clothing,Kids Dress,205.0,Autumn,0
2021-11-15,P023,Clothing,Kids Dress,152.0,Autumn,0
2021-11-22,P023,Clothing,Kids Dress,183.0,Autumn,0
2021-11-29,P023,Clothing,Kids Dress,204.0,Autumn,0
2021-12-06,P023,Clothing,Kids Dress,196.0,Winter,0
2021-12-13,P023,Clothing,Kids Dress,211.0,Winter,0
2021-12-20,P023,Clothing,Kids Dress,167.0,Winter,0
2021-12-27,P023,Clothing,Kids Dress,196.0,Winter,0
2022-01-03,P023,Clothing,Kids Dress,224.0,Winter,0
2022-01-10,P023,Clothing,Kids Dress,219.0,Winter,0
2022-01-17,P023,Clothing,Kids Dress,234.0,Winter,0
2022-01-24,P023,Clothing,Kids Dress,232.0,Winter,0
2022-01-31,P023,Clothing,Kids Dress,206.0,Winter,0
2022-02-07,P023,Clothing,Kids Dress,223.0,Winter,0
2022-02-14,P023,Clothing,Kids Dress,193.0,Winter,0
2022-02-21,P023,Clothing,Kids Dress,210.0,Winter,0
2022-02-28,P023,Clothing,Kids Dress,184.0,Winter,0
2022-03-07,P023,Clothing,Kids Dress,254.0,Summer,0
2022-03-14,P023,Clothing,Kids Dress,210.0,Summer,0
2022-03-21,P023,Clothing,Kids Dress,254.0,Summer,0
2022-03-28,P023,Clothing,Kids Dress,229.0,Summer,0
2022-04-04,P023,Clothing,Kids Dress,190.0,Summer,0
2022-04-11,P023,Clothing,Kids Dress,227.0,Summer,0
2022-04-18,P023,Clothing,Kids Dress,246.0,Summer,0
2022-04-25,P023,Clothing,Kids Dress,216.0,Summer,0
2022-05-02,P023,Clothing,Kids Dress,221.0,Summer,0
2022-05-09,P023,Clothing,Kids Dress,201.0,Summer,0
2022-05-16,P023,Clothing,Kids Dress,220.0,Summer,0
2022-05-23,P023,Clothing,Kids Dress,227.0,Summer,0
2022-05-30,P023,Clothing,Kids Dress,200.0,Summer,0
2022-06-06,P023,Clothing,Kids Dress,183.0,Summer,0
2022-06-13,P023,Clothing,Kids Dress,261.0,Summer,0
2022-06-20,P023,Clothing,Kids Dress,239.0,Summer,0
2022-06-27,P023,Clothing,Kids Dress,201.0,Summer,0
2022-07-04,P023,Clothing,Kids Dress,226.0,Monsoon,0
2022-07-11,P023,Clothing,Kids Dress,170.0,Monsoon,0
2022-07-18,P023,Clothing,Kids Dress,154.0,Monsoon,0
2022-07-25,P023,Clothing,Kids Dress,255.0,Monsoon,0
2022-08-01,P023,Clothing,Kids Dress,226.0,Monsoon,0
2022-08-08,P023,Clothing,Kids Dress,217.0,Monsoon,0
2022-08-15,P023,Clothing,Kids Dress,227.0,Monsoon,0
2022-08-22,P023,Clothing,Kids Dress,325.0,Monsoon,0
2022-08-29,P023,Clothing,Kids Dress,248.0,Monsoon,0
2022-09-05,P023,Clothing,Kids Dress,185.0,Monsoon,0
2022-09-12,P023,Clothing,Kids Dress,164.0,Monsoon,0
2022-09-19,P023,Clothing,Kids Dress,254.0,Monsoon,0
2022-09-26,P023,Clothing,Kids Dress,247.0,Monsoon,0
2022-10-03,P023,Clothing,Kids Dress,238.0,Autumn,0
2022-10-10,P023,Clothing,Kids Dress,192.0,Autumn,0
2022-10-17,P023,Clothing,Kids Dress,231.0,Autumn,0
2022-10-24,P023,Clothing,Kids Dress,1039.0,Autumn,1
2022-10-31,P023,Clothing,Kids Dress,241.0,Autumn,0
2022-11-07,P023,Clothing,Kids Dress,251.0,Autumn,0
2022-11-14,P023,Clothing,Kids Dress,201.0,Autumn,0
2022-11-21,P023,Clothing,Kids Dress,256.0,Autumn,0
2022-11-28,P023,Clothing,Kids Dress,223.0,Autumn,0
2022-12-05,P023,Clothing,Kids Dress,235.0,Winter,0
2022-12-12,P023,Clothing,Kids Dress,176.0,Winter,0
2022-12-19,P023,Clothing,Kids Dress,227.0,Winter,0
2022-12-26,P023,Clothing,Kids Dress,197.0,Winter,0
2023-01-02,P023,Clothing,Kids Dress,244.0,Winter,0
2023-01-09,P023,Clothing,Kids Dress,278.0,Winter,0
2023-01-16,P023,Clothing,Kids Dress,237.0,Winter,0
2023-01-23,P023,Clothing,Kids Dress,197.0,Winter,0
2023-01-30,P023,Clothing,Kids Dress,249.0,Winter,0
2023-02-06,P023,Clothing,Kids Dress,241.0,Winter,0
2023-02-13,P023,Clothing,Kids Dress,298.0,Winter,0
2023-02-20,P023,Clothing,Kids Dress,236.0,Winter,0
2023-02-27,P023,Clothing,Kids Dress,207.0,Winter,0
2023-03-06,P023,Clothing,Kids Dress,254.0,Summer,0
2023-03-13,P023,Clothing,Kids Dress,223.0,Summer,0
2023-03-20,P023,Clothing,Kids Dress,230.0,Summer,0
2023-03-27,P023,Clothing,Kids Dress,196.0,Summer,0
2023-04-03,P023,Clothing,Kids Dress,223.0,Summer,0
2023-04-10,P023,Clothing,Kids Dress,228.0,Summer,0
2023-04-17,P023,Clothing,Kids Dress,223.0,Summer,0
2023-04-24,P023,Clothing,Kids Dress,207.0,Summer,0
2023-05-01,P023,Clothing,Kids Dress,237.0,Summer,0
2023-05-08,P023,Clothing,Kids Dress,196.0,Summer,0
2023-05-15,P023,Clothing,Kids Dress,188.0,Summer,0
2023-05-22,P023,Clothing,Kids Dress,252.0,Summer,0
2023-05-29,P023,Clothing,Kids Dress,248.0,Summer,0
2023-06-05,P023,Clothing,Kids Dress,183.0,Summer,0
2023-06-12,P023,Clothing,Kids Dress,165.0,Summer,0
2023-06-19,P023,Clothing,Kids Dress,193.0,Summer,0
2023-06-26,P023,Clothing,Kids Dress,223.0,Summer,0
2023-07-03,P023,Clothing,Kids Dress,267.0,Monsoon,0
2023-07-10,P023,Clothing,Kids Dress,222.0,Monsoon,0
2023-07-17,P023,Clothing,Kids Dress,201.0,Monsoon,0
2023-07-24,P023,Clothing,Kids Dress,232.0,Monsoon,0
2023-07-31,P023,Clothing,Kids Dress,223.0,Monsoon,0
2023-08-07,P023,Clothing,Kids Dress,180.0,Monsoon,0
2023-08-14,P023,Clothing,Kids Dress,180.0,Monsoon,0
2023-08-21,P023,Clothing,Kids Dress,181.0,Monsoon,0
2023-08-28,P023,Clothing,Kids Dress,312.0,Monsoon,0
2023-09-04,P023,Clothing,Kids Dress,257.0,Monsoon,0
2023-09-11,P023,Clothing,Kids Dress,207.0,Monsoon,0
2023-09-18,P023,Clothing,Kids Dress,265.0,Monsoon,0
2023-09-25,P023,Clothing,Kids Dress,208.0,Monsoon,0
2023-10-02,P023,Clothing,Kids Dress,264.0,Autumn,0
2023-10-09,P023,Clothing,Kids Dress,230.0,Autumn,0
2023-10-16,P023,Clothing,Kids Dress,205.0,Autumn,0
2023-10-23,P023,Clothing,Kids Dress,251.0,Autumn,0
2023-10-30,P023,Clothing,Kids Dress,232.0,Autumn,0
2023-11-06,P023,Clothing,Kids Dress,1187.0,Autumn,1
2023-11-13,P023,Clothing,Kids Dress,235.0,Autumn,0
2023-11-20,P023,Clothing,Kids Dress,234.0,Autumn,0
2023-11-27,P023,Clothing,Kids Dress,255.0,Autumn,0
2023-12-04,P023,Clothing,Kids Dress,316.0,Winter,0
2023-12-11,P023,Clothing,Kids Dress,270.0,Winter,0
2023-12-18,P023,Clothing,Kids Dress,235.0,Winter,0
2023-12-25,P023,Clothing,Kids Dress,217.0,Winter,0
2024-01-01,P023,Clothing,Kids Dress,229.0,Winter,0
2024-01-08,P023,Clothing,Kids Dress,191.0,Winter,0
2024-01-15,P023,Clothing,Kids Dress,259.0,Winter,0
2024-01-22,P023,Clothing,Kids Dress,200.0,Winter,0
2024-01-29,P023,Clothing,Kids Dress,223.0,Winter,0
2024-02-05,P023,Clothing,Kids Dress,260.0,Winter,0
2024-02-12,P023,Clothing,Kids Dress,227.0,Winter,0
2024-02-19,P023,Clothing,Kids Dress,218.0,Winter,0
2024-02-26,P023,Clothing,Kids Dress,193.0,Winter,0
2024-03-04,P023,Clothing,Kids Dress,279.0,Summer,0
2024-03-11,P023,Clothing,Kids Dress,206.0,Summer,0
2024-03-18,P023,Clothing,Kids Dress,215.0,Summer,0
2024-03-25,P023,Clothing,Kids Dress,172.0,Summer,0
2024-04-01,P023,Clothing,Kids Dress,235.0,Summer,0
2024-04-08,P023,Clothing,Kids Dress,224.0,Summer,0
2024-04-15,P023,Clothing,Kids Dress,242.0,Summer,0
2024-04-22,P023,Clothing,Kids Dress,194.0,Summer,0
2024-04-29,P023,Clothing,Kids Dress,262.0,Summer,0
2024-05-06,P023,Clothing,Kids Dress,171.0,Summer,0
2024-05-13,P023,Clothing,Kids Dress,233.0,Summer,0
2024-05-20,P023,Clothing,Kids Dress,240.0,Summer,0
2024-05-27,P023,Clothing,Kids Dress,238.0,Summer,0
2024-06-03,P023,Clothing,Kids Dress,241.0,Summer,0
2024-06-10,P023,Clothing,Kids Dress,264.0,Summer,0
2024-06-17,P023,Clothing,Kids Dress,283.0,Summer,0
2024-06-24,P023,Clothing,Kids Dress,230.0,Summer,0
2024-07-01,P023,Clothing,Kids Dress,202.0,Monsoon,0
2024-07-08,P023,Clothing,Kids Dress,256.0,Monsoon,0
2024-07-15,P023,Clothing,Kids Dress,226.0,Monsoon,0
2024-07-22,P023,Clothing,Kids Dress,281.0,Monsoon,0
2024-07-29,P023,Clothing,Kids Dress,214.0,Monsoon,0
2024-08-05,P023,Clothing,Kids Dress,205.0,Monsoon,0
2024-08-12,P023,Clothing,Kids Dress,241.0,Monsoon,0
2024-08-19,P023,Clothing,Kids Dress,174.0,Monsoon,0
2024-08-26,P023,Clothing,Kids Dress,219.0,Monsoon,0
2024-09-02,P023,Clothing,Kids Dress,224.0,Monsoon,0
2024-09-09,P023,Clothing,Kids Dress,244.0,Monsoon,0
2024-09-16,P023,Clothing,Kids Dress,201.0,Monsoon,0
2024-09-23,P023,Clothing,Kids Dress,205.0,Monsoon,0
2024-09-30,P023,Clothing,Kids Dress,277.0,Monsoon,0
2024-10-07,P023,Clothing,Kids Dress,235.0,Autumn,0
2024-10-14,P023,Clothing,Kids Dress,266.0,Autumn,0
2024-10-21,P023,Clothing,Kids Dress,217.0,Autumn,0
2024-10-28,P023,Clothing,Kids Dress,1096.0,Autumn,1
2024-11-04,P023,Clothing,Kids Dress,243.0,Autumn,0
2024-11-11,P023,Clothing,Kids Dress,298.0,Autumn,0
2024-11-18,P023,Clothing,Kids Dress,228.0,Autumn,0
2024-11-25,P023,Clothing,Kids Dress,230.0,Autumn,0
2024-12-02,P023,Clothing,Kids Dress,275.0,Winter,0
2024-12-09,P023,Clothing,Kids Dress,222.0,Winter,0
2024-12-16,P023,Clothing,Kids Dress,246.0,Winter,0
2024-12-23,P023,Clothing,Kids Dress,272.0,Winter,0
2021-01-04,P024,Clothing,Raincoat,295.0,Winter,0
2021-01-11,P024,Clothing,Raincoat,245.0,Winter,0
2021-01-18,P024,Clothing,Raincoat,239.0,Winter,0
2021-01-25,P024,Clothing,Raincoat,311.0,Winter,0
2021-02-01,P024,Clothing,Raincoat,277.0,Winter,0
2021-02-08,P024,Clothing,Raincoat,296.0,Winter,0
2021-02-15,P024,Clothing,Raincoat,327.0,Winter,0
2021-02-22,P024,Clothing,Raincoat,221.0,Winter,0
2021-03-01,P024,Clothing,Raincoat,345.0,Summer,0
2021-03-08,P024,Clothing,Raincoat,327.0,Summer,0
2021-03-15,P024,Clothing,Raincoat,197.0,Summer,0
2021-03-22,P024,Clothing,Raincoat,386.0,Summer,0
2021-03-29,P024,Clothing,Raincoat,299.0,Summer,0
2021-04-05,P024,Clothing,Raincoat,265.0,Summer,0
2021-04-12,P024,Clothing,Raincoat,308.0,Summer,0
2021-04-19,P024,Clothing,Raincoat,244.0,Summer,0
2021-04-26,P024,Clothing,Raincoat,309.0,Summer,0
2021-05-03,P024,Clothing,Raincoat,251.0,Summer,0
2021-05-10,P024,Clothing,Raincoat,372.0,Summer,0
2021-05-17,P024,Clothing,Raincoat,288.0,Summer,0
2021-05-24,P024,Clothing,Raincoat,313.0,Summer,0
2021-05-31,P024,Clothing,Raincoat,252.0,Summer,0
2021-06-07,P024,Clothing,Raincoat,321.0,Summer,0
2021-06-14,P024,Clothing,Raincoat,285.0,Summer,0
2021-06-21,P024,Clothing,Raincoat,225.0,Summer,0
2021-06-28,P024,Clothing,Raincoat,275.0,Summer,0
2021-07-05,P024,Clothing,Raincoat,1290.0,Monsoon,0
2021-07-12,P024,Clothing,Raincoat,1129.0,Monsoon,0
2021-07-19,P024,Clothing,Raincoat,944.0,Monsoon,0
2021-07-26,P024,Clothing,Raincoat,720.0,Monsoon,0
2021-08-02,P024,Clothing,Raincoat,876.0,Monsoon,0
2021-08-09,P024,Clothing,Raincoat,789.0,Monsoon,0
2021-08-16,P024,Clothing,Raincoat,723.0,Monsoon,0
2021-08-23,P024,Clothing,Raincoat,1118.0,Monsoon,0
2021-08-30,P024,Clothing,Raincoat,1010.0,Monsoon,0
2021-09-06,P024,Clothing,Raincoat,1270.0,Monsoon,0
2021-09-13,P024,Clothing,Raincoat,851.0,Monsoon,0
2021-09-20,P024,Clothing,Raincoat,1000.0,Monsoon,0
2021-09-27,P024,Clothing,Raincoat,791.0,Monsoon,0
2021-10-04,P024,Clothing,Raincoat,260.0,Autumn,0
2021-10-11,P024,Clothing,Raincoat,276.0,Autumn,0
2021-10-18,P024,Clothing,Raincoat,269.0,Autumn,0
2021-10-25,P024,Clothing,Raincoat,288.0,Autumn,0
2021-11-01,P024,Clothing,Raincoat,1400.0,Autumn,1
2021-11-08,P024,Clothing,Raincoat,323.0,Autumn,0
2021-11-15,P024,Clothing,Raincoat,252.0,Autumn,0
2021-11-22,P024,Clothing,Raincoat,284.0,Autumn,0
2021-11-29,P024,Clothing,Raincoat,320.0,Autumn,0
2021-12-06,P024,Clothing,Raincoat,330.0,Winter,0
2021-12-13,P024,Clothing,Raincoat,257.0,Winter,0
2021-12-20,P024,Clothing,Raincoat,316.0,Winter,0
2021-12-27,P024,Clothing,Raincoat,300.0,Winter,0
2022-01-03,P024,Clothing,Raincoat,249.0,Winter,0
2022-01-10,P024,Clothing,Raincoat,333.0,Winter,0
2022-01-17,P024,Clothing,Raincoat,304.0,Winter,0
2022-01-24,P024,Clothing,Raincoat,219.0,Winter,0
2022-01-31,P024,Clothing,Raincoat,284.0,Winter,0
2022-02-07,P024,Clothing,Raincoat,299.0,Winter,0
2022-02-14,P024,Clothing,Raincoat,270.0,Winter,0
2022-02-21,P024,Clothing,Raincoat,352.0,Winter,0
2022-02-28,P024,Clothing,Raincoat,353.0,Winter,0
2022-03-07,P024,Clothing,Raincoat,280.0,Summer,0
2022-03-14,P024,Clothing,Raincoat,275.0,Summer,0
2022-03-21,P024,Clothing,Raincoat,291.0,Summer,0
2022-03-28,P024,Clothing,Raincoat,288.0,Summer,0
2022-04-04,P024,Clothing,Raincoat,271.0,Summer,0
2022-04-11,P024,Clothing,Raincoat,131.0,Summer,0
2022-04-18,P024,Clothing,Raincoat,375.0,Summer,0
2022-04-25,P024,Clothing,Raincoat,297.0,Summer,0
2022-05-02,P024,Clothing,Raincoat,289.0,Summer,0
2022-05-09,P024,Clothing,Raincoat,311.0,Summer,0
2022-05-16,P024,Clothing,Raincoat,293.0,Summer,0
2022-05-23,P024,Clothing,Raincoat,278.0,Summer,0
2022-05-30,P024,Clothing,Raincoat,252.0,Summer,0
2022-06-06,P024,Clothing,Raincoat,215.0,Summer,0
2022-06-13,P024,Clothing,Raincoat,237.0,Summer,0
2022-06-20,P024,Clothing,Raincoat,247.0,Summer,0
2022-06-27,P024,Clothing,Raincoat,326.0,Summer,0
2022-07-04,P024,Clothing,Raincoat,1154.0,Monsoon,0
2022-07-11,P024,Clothing,Raincoat,903.0,Monsoon,0
2022-07-18,P024,Clothing,Raincoat,625.0,Monsoon,0
2022-07-25,P024,Clothing,Raincoat,1042.0,Monsoon,0
2022-08-01,P024,Clothing,Raincoat,975.0,Monsoon,0
2022-08-08,P024,Clothing,Raincoat,971.0,Monsoon,0
2022-08-15,P024,Clothing,Raincoat,1190.0,Monsoon,0
2022-08-22,P024,Clothing,Raincoat,1062.0,Monsoon,0
2022-08-29,P024,Clothing,Raincoat,888.0,Monsoon,0
2022-09-05,P024,Clothing,Raincoat,852.0,Monsoon,0
2022-09-12,P024,Clothing,Raincoat,1000.0,Monsoon,0
2022-09-19,P024,Clothing,Raincoat,899.0,Monsoon,0
2022-09-26,P024,Clothing,Raincoat,1029.0,Monsoon,0
2022-10-03,P024,Clothing,Raincoat,343.0,Autumn,0
2022-10-10,P024,Clothing,Raincoat,235.0,Autumn,0
2022-10-17,P024,Clothing,Raincoat,301.0,Autumn,0
2022-10-24,P024,Clothing,Raincoat,1796.0,Autumn,1
2022-10-31,P024,Clothing,Raincoat,293.0,Autumn,0
2022-11-07,P024,Clothing,Raincoat,329.0,Autumn,0
2022-11-14,P024,Clothing,Raincoat,284.0,Autumn,0
2022-11-21,P024,Clothing,Raincoat,305.0,Autumn,0
2022-11-28,P024,Clothing,Raincoat,317.0,Autumn,0
2022-12-05,P024,Clothing,Raincoat,271.0,Winter,0
2022-12-12,P024,Clothing,Raincoat,386.0,Winter,0
2022-12-19,P024,Clothing,Raincoat,323.0,Winter,0
2022-12-26,P024,Clothing,Raincoat,355.0,Winter,0
2023-01-02,P024,Clothing,Raincoat,358.0,Winter,0
2023-01-09,P024,Clothing,Raincoat,324.0,Winter,0
2023-01-16,P024,Clothing,Raincoat,373.0,Winter,0
2023-01-23,P024,Clothing,Raincoat,317.0,Winter,0
2023-01-30,P024,Clothing,Raincoat,275.0,Winter,0
2023-02-06,P024,Clothing,Raincoat,309.0,Winter,0
2023-02-13,P024,Clothing,Raincoat,262.0,Winter,0
2023-02-20,P024,Clothing,Raincoat,211.0,Winter,0
2023-02-27,P024,Clothing,Raincoat,269.0,Winter,0
2023-03-06,P024,Clothing,Raincoat,312.0,Summer,0
2023-03-13,P024,Clothing,Raincoat,358.0,Summer,0
2023-03-20,P024,Clothing,Raincoat,269.0,Summer,0
2023-03-27,P024,Clothing,Raincoat,355.0,Summer,0
2023-04-03,P024,Clothing,Raincoat,252.0,Summer,0
2023-04-10,P024,Clothing,Raincoat,266.0,Summer,0
2023-04-17,P024,Clothing,Raincoat,376.0,Summer,0
2023-04-24,P024,Clothing,Raincoat,311.0,Summer,0
2023-05-01,P024,Clothing,Raincoat,300.0,Summer,0
2023-05-08,P024,Clothing,Raincoat,319.0,Summer,0
2023-05-15,P024,Clothing,Raincoat,252.0,Summer,0
2023-05-22,P024,Clothing,Raincoat,293.0,Summer,0
2023-05-29,P024,Clothing,Raincoat,309.0,Summer,0
2023-06-05,P024,Clothing,Raincoat,365.0,Summer,0
2023-06-12,P024,Clothing,Raincoat,231.0,Summer,0
2023-06-19,P024,Clothing,Raincoat,390.0,Summer,0
2023-06-26,P024,Clothing,Raincoat,303.0,Summer,0
2023-07-03,P024,Clothing,Raincoat,900.0,Monsoon,0
2023-07-10,P024,Clothing,Raincoat,871.0,Monsoon,0
2023-07-17,P024,Clothing,Raincoat,1125.0,Monsoon,0
2023-07-24,P024,Clothing,Raincoat,862.0,Monsoon,0
2023-07-31,P024,Clothing,Raincoat,990.0,Monsoon,0
2023-08-07,P024,Clothing,Raincoat,1040.0,Monsoon,0
2023-08-14,P024,Clothing,Raincoat,1266.0,Monsoon,0
2023-08-21,P024,Clothing,Raincoat,1246.0,Monsoon,0
2023-08-28,P024,Clothing,Raincoat,976.0,Monsoon,0
2023-09-04,P024,Clothing,Raincoat,1046.0,Monsoon,0
2023-09-11,P024,Clothing,Raincoat,822.0,Monsoon,0
2023-09-18,P024,Clothing,Raincoat,750.0,Monsoon,0
2023-09-25,P024,Clothing,Raincoat,881.0,Monsoon,0
2023-10-02,P024,Clothing,Raincoat,360.0,Autumn,0
2023-10-09,P024,Clothing,Raincoat,345.0,Autumn,0
2023-10-16,P024,Clothing,Raincoat,326.0,Autumn,0
2023-10-23,P024,Clothing,Raincoat,241.0,Autumn,0
2023-10-30,P024,Clothing,Raincoat,275.0,Autumn,0
2023-11-06,P024,Clothing,Raincoat,1323.0,Autumn,1
2023-11-13,P024,Clothing,Raincoat,301.0,Autumn,0
2023-11-20,P024,Clothing,Raincoat,298.0,Autumn,0
2023-11-27,P024,Clothing,Raincoat,262.0,Autumn,0
2023-12-04,P024,Clothing,Raincoat,325.0,Winter,0
2023-12-11,P024,Clothing,Raincoat,319.0,Winter,0
2023-12-18,P024,Clothing,Raincoat,275.0,Winter,0
2023-12-25,P024,Clothing,Raincoat,322.0,Winter,0
2024-01-01,P024,Clothing,Raincoat,374.0,Winter,0
2024-01-08,P024,Clothing,Raincoat,388.0,Winter,0
2024-01-15,P024,Clothing,Raincoat,343.0,Winter,0
2024-01-22,P024,Clothing,Raincoat,342.0,Winter,0
2024-01-29,P024,Clothing,Raincoat,308.0,Winter,0
2024-02-05,P024,Clothing,Raincoat,369.0,Winter,0
2024-02-12,P024,Clothing,Raincoat,268.0,Winter,0
2024-02-19,P024,Clothing,Raincoat,364.0,Winter,0
2024-02-26,P024,Clothing,Raincoat,306.0,Winter,0
2024-03-04,P024,Clothing,Raincoat,391.0,Summer,0
2024-03-11,P024,Clothing,Raincoat,348.0,Summer,0
2024-03-18,P024,Clothing,Raincoat,317.0,Summer,0
2024-03-25,P024,Clothing,Raincoat,308.0,Summer,0
2024-04-01,P024,Clothing,Raincoat,345.0,Summer,0
2024-04-08,P024,Clothing,Raincoat,343.0,Summer,0
2024-04-15,P024,Clothing,Raincoat,301.0,Summer,0
2024-04-22,P024,Clothing,Raincoat,324.0,Summer,0
2024-04-29,P024,Clothing,Raincoat,363.0,Summer,0
2024-05-06,P024,Clothing,Raincoat,254.0,Summer,0
2024-05-13,P024,Clothing,Raincoat,355.0,Summer,0
2024-05-20,P024,Clothing,Raincoat,345.0,Summer,0
2024-05-27,P024,Clothing,Raincoat,377.0,Summer,0
2024-06-03,P024,Clothing,Raincoat,285.0,Summer,0
2024-06-10,P024,Clothing,Raincoat,320.0,Summer,0
2024-06-17,P024,Clothing,Raincoat,330.0,Summer,0
2024-06-24,P024,Clothing,Raincoat,355.0,Summer,0
2024-07-01,P024,Clothing,Raincoat,1193.0,Monsoon,0
2024-07-08,P024,Clothing,Raincoat,912.0,Monsoon,0
2024-07-15,P024,Clothing,Raincoat,1170.0,Monsoon,0
2024-07-22,P024,Clothing,Raincoat,1458.0,Monsoon,0
2024-07-29,P024,Clothing,Raincoat,1223.0,Monsoon,0
2024-08-05,P024,Clothing,Raincoat,1396.0,Monsoon,0
2024-08-12,P024,Clothing,Raincoat,1296.0,Monsoon,0
2024-08-19,P024,Clothing,Raincoat,1350.0,Monsoon,0
2024-08-26,P024,Clothing,Raincoat,1173.0,Monsoon,0
2024-09-02,P024,Clothing,Raincoat,1208.0,Monsoon,0
2024-09-09,P024,Clothing,Raincoat,1164.0,Monsoon,0
2024-09-16,P024,Clothing,Raincoat,1121.0,Monsoon,0
2024-09-23,P024,Clothing,Raincoat,1245.0,Monsoon,0
2024-09-30,P024,Clothing,Raincoat,1033.0,Monsoon,0
2024-10-07,P024,Clothing,Raincoat,410.0,Autumn,0
2024-10-14,P024,Clothing,Raincoat,275.0,Autumn,0
2024-10-21,P024,Clothing,Raincoat,359.0,Autumn,0
2024-10-28,P024,Clothing,Raincoat,1808.0,Autumn,1
2024-11-04,P024,Clothing,Raincoat,311.0,Autumn,0
2024-11-11,P024,Clothing,Raincoat,266.0,Autumn,0
2024-11-18,P024,Clothing,Raincoat,375.0,Autumn,0
2024-11-25,P024,Clothing,Raincoat,330.0,Autumn,0
2024-12-02,P024,Clothing,Raincoat,359.0,Winter,0
2024-12-09,P024,Clothing,Raincoat,315.0,Winter,0
2024-12-16,P024,Clothing,Raincoat,403.0,Winter,0
2024-12-23,P024,Clothing,Raincoat,218.0,Winter,0
2021-01-04,P025,Clothing,Cap,476.0,Winter,0
2021-01-11,P025,Clothing,Cap,434.0,Winter,0
2021-01-18,P025,Clothing,Cap,370.0,Winter,0
2021-01-25,P025,Clothing,Cap,376.0,Winter,0
2021-02-01,P025,Clothing,Cap,501.0,Winter,0
2021-02-08,P025,Clothing,Cap,454.0,Winter,0
2021-02-15,P025,Clothing,Cap,443.0,Winter,0
2021-02-22,P025,Clothing,Cap,424.0,Winter,0
2021-03-01,P025,Clothing,Cap,432.0,Summer,0
2021-03-08,P025,Clothing,Cap,524.0,Summer,0
2021-03-15,P025,Clothing,Cap,430.0,Summer,0
2021-03-22,P025,Clothing,Cap,361.0,Summer,0
2021-03-29,P025,Clothing,Cap,503.0,Summer,0
2021-04-05,P025,Clothing,Cap,878.0,Summer,0
2021-04-12,P025,Clothing,Cap,910.0,Summer,0
2021-04-19,P025,Clothing,Cap,1124.0,Summer,0
2021-04-26,P025,Clothing,Cap,903.0,Summer,0
2021-05-03,P025,Clothing,Cap,945.0,Summer,0
2021-05-10,P025,Clothing,Cap,745.0,Summer,0
2021-05-17,P025,Clothing,Cap,876.0,Summer,0
2021-05-24,P025,Clothing,Cap,988.0,Summer,0
2021-05-31,P025,Clothing,Cap,694.0,Summer,0
2021-06-07,P025,Clothing,Cap,933.0,Summer,0
2021-06-14,P025,Clothing,Cap,919.0,Summer,0
2021-06-21,P025,Clothing,Cap,911.0,Summer,0
2021-06-28,P025,Clothing,Cap,1046.0,Summer,0
2021-07-05,P025,Clothing,Cap,475.0,Monsoon,0
2021-07-12,P025,Clothing,Cap,553.0,Monsoon,0
2021-07-19,P025,Clothing,Cap,385.0,Monsoon,0
2021-07-26,P025,Clothing,Cap,462.0,Monsoon,0
2021-08-02,P025,Clothing,Cap,458.0,Monsoon,0
2021-08-09,P025,Clothing,Cap,380.0,Monsoon,0
2021-08-16,P025,Clothing,Cap,517.0,Monsoon,0
2021-08-23,P025,Clothing,Cap,610.0,Monsoon,0
2021-08-30,P025,Clothing,Cap,451.0,Monsoon,0
2021-09-06,P025,Clothing,Cap,487.0,Monsoon,0
2021-09-13,P025,Clothing,Cap,458.0,Monsoon,0
2021-09-20,P025,Clothing,Cap,404.0,Monsoon,0
2021-09-27,P025,Clothing,Cap,329.0,Monsoon,0
2021-10-04,P025,Clothing,Cap,405.0,Autumn,0
2021-10-11,P025,Clothing,Cap,358.0,Autumn,0
2021-10-18,P025,Clothing,Cap,568.0,Autumn,0
2021-10-25,P025,Clothing,Cap,445.0,Autumn,0
2021-11-01,P025,Clothing,Cap,1835.0,Autumn,1
2021-11-08,P025,Clothing,Cap,513.0,Autumn,0
2021-11-15,P025,Clothing,Cap,376.0,Autumn,0
2021-11-22,P025,Clothing,Cap,400.0,Autumn,0
2021-11-29,P025,Clothing,Cap,457.0,Autumn,0
2021-12-06,P025,Clothing,Cap,522.0,Winter,0
2021-12-13,P025,Clothing,Cap,487.0,Winter,0
2021-12-20,P025,Clothing,Cap,469.0,Winter,0
2021-12-27,P025,Clothing,Cap,458.0,Winter,0
2022-01-03,P025,Clothing,Cap,499.0,Winter,0
2022-01-10,P025,Clothing,Cap,485.0,Winter,0
2022-01-17,P025,Clothing,Cap,398.0,Winter,0
2022-01-24,P025,Clothing,Cap,474.0,Winter,0
2022-01-31,P025,Clothing,Cap,395.0,Winter,0
2022-02-07,P025,Clothing,Cap,476.0,Winter,0
2022-02-14,P025,Clothing,Cap,437.0,Winter,0
2022-02-21,P025,Clothing,Cap,650.0,Winter,0
2022-02-28,P025,Clothing,Cap,468.0,Winter,0
2022-03-07,P025,Clothing,Cap,371.0,Summer,0
2022-03-14,P025,Clothing,Cap,461.0,Summer,0
2022-03-21,P025,Clothing,Cap,507.0,Summer,0
2022-03-28,P025,Clothing,Cap,589.0,Summer,0
2022-04-04,P025,Clothing,Cap,858.0,Summer,0
2022-04-11,P025,Clothing,Cap,718.0,Summer,0
2022-04-18,P025,Clothing,Cap,1057.0,Summer,0
2022-04-25,P025,Clothing,Cap,747.0,Summer,0
2022-05-02,P025,Clothing,Cap,880.0,Summer,0
2022-05-09,P025,Clothing,Cap,905.0,Summer,0
2022-05-16,P025,Clothing,Cap,932.0,Summer,0
2022-05-23,P025,Clothing,Cap,1039.0,Summer,0
2022-05-30,P025,Clothing,Cap,845.0,Summer,0
2022-06-06,P025,Clothing,Cap,903.0,Summer,0
2022-06-13,P025,Clothing,Cap,940.0,Summer,0
2022-06-20,P025,Clothing,Cap,963.0,Summer,0
2022-06-27,P025,Clothing,Cap,956.0,Summer,0
2022-07-04,P025,Clothing,Cap,501.0,Monsoon,0
2022-07-11,P025,Clothing,Cap,530.0,Monsoon,0
2022-07-18,P025,Clothing,Cap,498.0,Monsoon,0
2022-07-25,P025,Clothing,Cap,503.0,Monsoon,0
2022-08-01,P025,Clothing,Cap,359.0,Monsoon,0
2022-08-08,P025,Clothing,Cap,474.0,Monsoon,0
2022-08-15,P025,Clothing,Cap,505.0,Monsoon,0
2022-08-22,P025,Clothing,Cap,522.0,Monsoon,0
2022-08-29,P025,Clothing,Cap,422.0,Monsoon,0
2022-09-05,P025,Clothing,Cap,424.0,Monsoon,0
2022-09-12,P025,Clothing,Cap,430.0,Monsoon,0
2022-09-19,P025,Clothing,Cap,509.0,Monsoon,0
2022-09-26,P025,Clothing,Cap,544.0,Monsoon,0
2022-10-03,P025,Clothing,Cap,442.0,Autumn,0
2022-10-10,P025,Clothing,Cap,535.0,Autumn,0
2022-10-17,P025,Clothing,Cap,479.0,Autumn,0
2022-10-24,P025,Clothing,Cap,2455.0,Autumn,1
2022-10-31,P025,Clothing,Cap,456.0,Autumn,0
2022-11-07,P025,Clothing,Cap,523.0,Autumn,0
2022-11-14,P025,Clothing,Cap,494.0,Autumn,0
2022-11-21,P025,Clothing,Cap,631.0,Autumn,0
2022-11-28,P025,Clothing,Cap,410.0,Autumn,0
2022-12-05,P025,Clothing,Cap,507.0,Winter,0
2022-12-12,P025,Clothing,Cap,433.0,Winter,0
2022-12-19,P025,Clothing,Cap,409.0,Winter,0
2022-12-26,P025,Clothing,Cap,470.0,Winter,0
2023-01-02,P025,Clothing,Cap,499.0,Winter,0
2023-01-09,P025,Clothing,Cap,703.0,Winter,0
2023-01-16,P025,Clothing,Cap,475.0,Winter,0
2023-01-23,P025,Clothing,Cap,406.0,Winter,0
2023-01-30,P025,Clothing,Cap,509.0,Winter,0
2023-02-06,P025,Clothing,Cap,336.0,Winter,0
2023-02-13,P025,Clothing,Cap,482.0,Winter,0
2023-02-20,P025,Clothing,Cap,490.0,Winter,0
2023-02-27,P025,Clothing,Cap,547.0,Winter,0
2023-03-06,P025,Clothing,Cap,560.0,Summer,0
2023-03-13,P025,Clothing,Cap,452.0,Summer,0
2023-03-20,P025,Clothing,Cap,478.0,Summer,0
2023-03-27,P025,Clothing,Cap,433.0,Summer,0
2023-04-03,P025,Clothing,Cap,812.0,Summer,0
2023-04-10,P025,Clothing,Cap,1023.0,Summer,0
2023-04-17,P025,Clothing,Cap,791.0,Summer,0
2023-04-24,P025,Clothing,Cap,917.0,Summer,0
2023-05-01,P025,Clothing,Cap,832.0,Summer,0
2023-05-08,P025,Clothing,Cap,1059.0,Summer,0
2023-05-15,P025,Clothing,Cap,1242.0,Summer,0
2023-05-22,P025,Clothing,Cap,787.0,Summer,0
2023-05-29,P025,Clothing,Cap,706.0,Summer,0
2023-06-05,P025,Clothing,Cap,960.0,Summer,0
2023-06-12,P025,Clothing,Cap,980.0,Summer,0
2023-06-19,P025,Clothing,Cap,1010.0,Summer,0
2023-06-26,P025,Clothing,Cap,912.0,Summer,0
2023-07-03,P025,Clothing,Cap,474.0,Monsoon,0
2023-07-10,P025,Clothing,Cap,516.0,Monsoon,0
2023-07-17,P025,Clothing,Cap,565.0,Monsoon,0
2023-07-24,P025,Clothing,Cap,345.0,Monsoon,0
2023-07-31,P025,Clothing,Cap,462.0,Monsoon,0
2023-08-07,P025,Clothing,Cap,504.0,Monsoon,0
2023-08-14,P025,Clothing,Cap,421.0,Monsoon,0
2023-08-21,P025,Clothing,Cap,616.0,Monsoon,0
2023-08-28,P025,Clothing,Cap,442.0,Monsoon,0
2023-09-04,P025,Clothing,Cap,486.0,Monsoon,0
2023-09-11,P025,Clothing,Cap,530.0,Monsoon,0
2023-09-18,P025,Clothing,Cap,445.0,Monsoon,0
2023-09-25,P025,Clothing,Cap,353.0,Monsoon,0
2023-10-02,P025,Clothing,Cap,457.0,Autumn,0
2023-10-09,P025,Clothing,Cap,564.0,Autumn,0
2023-10-16,P025,Clothing,Cap,464.0,Autumn,0
2023-10-23,P025,Clothing,Cap,427.0,Autumn,0
2023-10-30,P025,Clothing,Cap,557.0,Autumn,0
2023-11-06,P025,Clothing,Cap,2286.0,Autumn,1
2023-11-13,P025,Clothing,Cap,451.0,Autumn,0
2023-11-20,P025,Clothing,Cap,500.0,Autumn,0
2023-11-27,P025,Clothing,Cap,545.0,Autumn,0
2023-12-04,P025,Clothing,Cap,664.0,Winter,0
2023-12-11,P025,Clothing,Cap,549.0,Winter,0
2023-12-18,P025,Clothing,Cap,574.0,Winter,0
2023-12-25,P025,Clothing,Cap,452.0,Winter,0
2024-01-01,P025,Clothing,Cap,429.0,Winter,0
2024-01-08,P025,Clothing,Cap,512.0,Winter,0
2024-01-15,P025,Clothing,Cap,515.0,Winter,0
2024-01-22,P025,Clothing,Cap,425.0,Winter,0
2024-01-29,P025,Clothing,Cap,494.0,Winter,0
2024-02-05,P025,Clothing,Cap,537.0,Winter,0
2024-02-12,P025,Clothing,Cap,534.0,Winter,0
2024-02-19,P025,Clothing,Cap,545.0,Winter,0
2024-02-26,P025,Clothing,Cap,529.0,Winter,0
2024-03-04,P025,Clothing,Cap,468.0,Summer,0
2024-03-11,P025,Clothing,Cap,468.0,Summer,0
2024-03-18,P025,Clothing,Cap,416.0,Summer,0
2024-03-25,P025,Clothing,Cap,643.0,Summer,0
2024-04-01,P025,Clothing,Cap,1016.0,Summer,0
2024-04-08,P025,Clothing,Cap,980.0,Summer,0
2024-04-15,P025,Clothing,Cap,873.0,Summer,0
2024-04-22,P025,Clothing,Cap,1461.0,Summer,0
2024-04-29,P025,Clothing,Cap,851.0,Summer,0
2024-05-06,P025,Clothing,Cap,949.0,Summer,0
2024-05-13,P025,Clothing,Cap,1078.0,Summer,0
2024-05-20,P025,Clothing,Cap,1106.0,Summer,0
2024-05-27,P025,Clothing,Cap,1160.0,Summer,0
2024-06-03,P025,Clothing,Cap,1289.0,Summer,0
2024-06-10,P025,Clothing,Cap,1091.0,Summer,0
2024-06-17,P025,Clothing,Cap,853.0,Summer,0
2024-06-24,P025,Clothing,Cap,975.0,Summer,0
2024-07-01,P025,Clothing,Cap,530.0,Monsoon,0
2024-07-08,P025,Clothing,Cap,664.0,Monsoon,0
2024-07-15,P025,Clothing,Cap,400.0,Monsoon,0
2024-07-22,P025,Clothing,Cap,598.0,Monsoon,0
2024-07-29,P025,Clothing,Cap,521.0,Monsoon,0
2024-08-05,P025,Clothing,Cap,571.0,Monsoon,0
2024-08-12,P025,Clothing,Cap,499.0,Monsoon,0
2024-08-19,P025,Clothing,Cap,443.0,Monsoon,0
2024-08-26,P025,Clothing,Cap,564.0,Monsoon,0
2024-09-02,P025,Clothing,Cap,557.0,Monsoon,0
2024-09-09,P025,Clothing,Cap,581.0,Monsoon,0
2024-09-16,P025,Clothing,Cap,506.0,Monsoon,0
2024-09-23,P025,Clothing,Cap,461.0,Monsoon,0
2024-09-30,P025,Clothing,Cap,388.0,Monsoon,0
2024-10-07,P025,Clothing,Cap,569.0,Autumn,0
2024-10-14,P025,Clothing,Cap,539.0,Autumn,0
2024-10-21,P025,Clothing,Cap,433.0,Autumn,0
2024-10-28,P025,Clothing,Cap,2181.0,Autumn,1
2024-11-04,P025,Clothing,Cap,471.0,Autumn,0
2024-11-11,P025,Clothing,Cap,394.0,Autumn,0
2024-11-18,P025,Clothing,Cap,445.0,Autumn,0
2024-11-25,P025,Clothing,Cap,421.0,Autumn,0
2024-12-02,P025,Clothing,Cap,475.0,Winter,0
2024-12-09,P025,Clothing,Cap,451.0,Winter,0
2024-12-16,P025,Clothing,Cap,383.0,Winter,0
2024-12-23,P025,Clothing,Cap,661.0,Winter,0
2021-01-04,P026,Clothing,Scarf,440.0,Winter,0
2021-01-11,P026,Clothing,Scarf,429.0,Winter,0
2021-01-18,P026,Clothing,Scarf,364.0,Winter,0
2021-01-25,P026,Clothing,Scarf,484.0,Winter,0
2021-02-01,P026,Clothing,Scarf,371.0,Winter,0
2021-02-08,P026,Clothing,Scarf,440.0,Winter,0
2021-02-15,P026,Clothing,Scarf,389.0,Winter,0
2021-02-22,P026,Clothing,Scarf,358.0,Winter,0
2021-03-01,P026,Clothing,Scarf,374.0,Summer,0
2021-03-08,P026,Clothing,Scarf,457.0,Summer,0
2021-03-15,P026,Clothing,Scarf,434.0,Summer,0
2021-03-22,P026,Clothing,Scarf,471.0,Summer,0
2021-03-29,P026,Clothing,Scarf,434.0,Summer,0
2021-04-05,P026,Clothing,Scarf,312.0,Summer,0
2021-04-12,P026,Clothing,Scarf,542.0,Summer,0
2021-04-19,P026,Clothing,Scarf,435.0,Summer,0
2021-04-26,P026,Clothing,Scarf,443.0,Summer,0
2021-05-03,P026,Clothing,Scarf,388.0,Summer,0
2021-05-10,P026,Clothing,Scarf,480.0,Summer,0
2021-05-17,P026,Clothing,Scarf,344.0,Summer,0
2021-05-24,P026,Clothing,Scarf,449.0,Summer,0
2021-05-31,P026,Clothing,Scarf,283.0,Summer,0
2021-06-07,P026,Clothing,Scarf,453.0,Summer,0
2021-06-14,P026,Clothing,Scarf,345.0,Summer,0
2021-06-21,P026,Clothing,Scarf,429.0,Summer,0
2021-06-28,P026,Clothing,Scarf,495.0,Summer,0
2021-07-05,P026,Clothing,Scarf,462.0,Monsoon,0
2021-07-12,P026,Clothing,Scarf,487.0,Monsoon,0
2021-07-19,P026,Clothing,Scarf,481.0,Monsoon,0
2021-07-26,P026,Clothing,Scarf,379.0,Monsoon,0
2021-08-02,P026,Clothing,Scarf,448.0,Monsoon,0
2021-08-09,P026,Clothing,Scarf,305.0,Monsoon,0
2021-08-16,P026,Clothing,Scarf,369.0,Monsoon,0
2021-08-23,P026,Clothing,Scarf,498.0,Monsoon,0
2021-08-30,P026,Clothing,Scarf,388.0,Monsoon,0
2021-09-06,P026,Clothing,Scarf,296.0,Monsoon,0
2021-09-13,P026,Clothing,Scarf,536.0,Monsoon,0
2021-09-20,P026,Clothing,Scarf,446.0,Monsoon,0
2021-09-27,P026,Clothing,Scarf,459.0,Monsoon,0
2021-10-04,P026,Clothing,Scarf,351.0,Autumn,0
2021-10-11,P026,Clothing,Scarf,429.0,Autumn,0
2021-10-18,P026,Clothing,Scarf,427.0,Autumn,0
2021-10-25,P026,Clothing,Scarf,361.0,Autumn,0
2021-11-01,P026,Clothing,Scarf,1716.0,Autumn,1
2021-11-08,P026,Clothing,Scarf,319.0,Autumn,0
2021-11-15,P026,Clothing,Scarf,390.0,Autumn,0
2021-11-22,P026,Clothing,Scarf,472.0,Autumn,0
2021-11-29,P026,Clothing,Scarf,365.0,Autumn,0
2021-12-06,P026,Clothing,Scarf,529.0,Winter,0
2021-12-13,P026,Clothing,Scarf,323.0,Winter,0
2021-12-20,P026,Clothing,Scarf,395.0,Winter,0
2021-12-27,P026,Clothing,Scarf,371.0,Winter,0
2022-01-03,P026,Clothing,Scarf,416.0,Winter,0
2022-01-10,P026,Clothing,Scarf,516.0,Winter,0
2022-01-17,P026,Clothing,Scarf,365.0,Winter,0
2022-01-24,P026,Clothing,Scarf,399.0,Winter,0
2022-01-31,P026,Clothing,Scarf,470.0,Winter,0
2022-02-07,P026,Clothing,Scarf,434.0,Winter,0
2022-02-14,P026,Clothing,Scarf,439.0,Winter,0
2022-02-21,P026,Clothing,Scarf,366.0,Winter,0
2022-02-28,P026,Clothing,Scarf,423.0,Winter,0
2022-03-07,P026,Clothing,Scarf,501.0,Summer,0
2022-03-14,P026,Clothing,Scarf,325.0,Summer,0
2022-03-21,P026,Clothing,Scarf,383.0,Summer,0
2022-03-28,P026,Clothing,Scarf,311.0,Summer,0
2022-04-04,P026,Clothing,Scarf,462.0,Summer,0
2022-04-11,P026,Clothing,Scarf,507.0,Summer,0
2022-04-18,P026,Clothing,Scarf,416.0,Summer,0
2022-04-25,P026,Clothing,Scarf,363.0,Summer,0
2022-05-02,P026,Clothing,Scarf,365.0,Summer,0
2022-05-09,P026,Clothing,Scarf,409.0,Summer,0
2022-05-16,P026,Clothing,Scarf,409.0,Summer,0
2022-05-23,P026,Clothing,Scarf,487.0,Summer,0
2022-05-30,P026,Clothing,Scarf,385.0,Summer,0
2022-06-06,P026,Clothing,Scarf,456.0,Summer,0
2022-06-13,P026,Clothing,Scarf,408.0,Summer,0
2022-06-20,P026,Clothing,Scarf,380.0,Summer,0
2022-06-27,P026,Clothing,Scarf,407.0,Summer,0
2022-07-04,P026,Clothing,Scarf,450.0,Monsoon,0
2022-07-11,P026,Clothing,Scarf,487.0,Monsoon,0
2022-07-18,P026,Clothing,Scarf,412.0,Monsoon,0
2022-07-25,P026,Clothing,Scarf,351.0,Monsoon,0
2022-08-01,P026,Clothing,Scarf,492.0,Monsoon,0
2022-08-08,P026,Clothing,Scarf,370.0,Monsoon,0
2022-08-15,P026,Clothing,Scarf,445.0,Monsoon,0
2022-08-22,P026,Clothing,Scarf,426.0,Monsoon,0
2022-08-29,P026,Clothing,Scarf,418.0,Monsoon,0
2022-09-05,P026,Clothing,Scarf,397.0,Monsoon,0
2022-09-12,P026,Clothing,Scarf,468.0,Monsoon,0
2022-09-19,P026,Clothing,Scarf,198.0,Monsoon,0
2022-09-26,P026,Clothing,Scarf,501.0,Monsoon,0
2022-10-03,P026,Clothing,Scarf,369.0,Autumn,0
2022-10-10,P026,Clothing,Scarf,454.0,Autumn,0
2022-10-17,P026,Clothing,Scarf,451.0,Autumn,0
2022-10-24,P026,Clothing,Scarf,2711.0,Autumn,1
2022-10-31,P026,Clothing,Scarf,441.0,Autumn,0
2022-11-07,P026,Clothing,Scarf,375.0,Autumn,0
2022-11-14,P026,Clothing,Scarf,325.0,Autumn,0
2022-11-21,P026,Clothing,Scarf,406.0,Autumn,0
2022-11-28,P026,Clothing,Scarf,302.0,Autumn,0
2022-12-05,P026,Clothing,Scarf,388.0,Winter,0
2022-12-12,P026,Clothing,Scarf,409.0,Winter,0
2022-12-19,P026,Clothing,Scarf,384.0,Winter,0
2022-12-26,P026,Clothing,Scarf,431.0,Winter,0
2023-01-02,P026,Clothing,Scarf,429.0,Winter,0
2023-01-09,P026,Clothing,Scarf,423.0,Winter,0
2023-01-16,P026,Clothing,Scarf,283.0,Winter,0
2023-01-23,P026,Clothing,Scarf,358.0,Winter,0
2023-01-30,P026,Clothing,Scarf,487.0,Winter,0
2023-02-06,P026,Clothing,Scarf,498.0,Winter,0
2023-02-13,P026,Clothing,Scarf,322.0,Winter,0
2023-02-20,P026,Clothing,Scarf,390.0,Winter,0
2023-02-27,P026,Clothing,Scarf,516.0,Winter,0
2023-03-06,P026,Clothing,Scarf,397.0,Summer,0
2023-03-13,P026,Clothing,Scarf,437.0,Summer,0
2023-03-20,P026,Clothing,Scarf,541.0,Summer,0
2023-03-27,P026,Clothing,Scarf,420.0,Summer,0
2023-04-03,P026,Clothing,Scarf,411.0,Summer,0
2023-04-10,P026,Clothing,Scarf,434.0,Summer,0
2023-04-17,P026,Clothing,Scarf,568.0,Summer,0
2023-04-24,P026,Clothing,Scarf,474.0,Summer,0
2023-05-01,P026,Clothing,Scarf,446.0,Summer,0
2023-05-08,P026,Clothing,Scarf,409.0,Summer,0
2023-05-15,P026,Clothing,Scarf,480.0,Summer,0
2023-05-22,P026,Clothing,Scarf,488.0,Summer,0
2023-05-29,P026,Clothing,Scarf,373.0,Summer,0
2023-06-05,P026,Clothing,Scarf,490.0,Summer,0
2023-06-12,P026,Clothing,Scarf,434.0,Summer,0
2023-06-19,P026,Clothing,Scarf,446.0,Summer,0
2023-06-26,P026,Clothing,Scarf,385.0,Summer,0
2023-07-03,P026,Clothing,Scarf,418.0,Monsoon,0
2023-07-10,P026,Clothing,Scarf,376.0,Monsoon,0
2023-07-17,P026,Clothing,Scarf,372.0,Monsoon,0
2023-07-24,P026,Clothing,Scarf,470.0,Monsoon,0
2023-07-31,P026,Clothing,Scarf,421.0,Monsoon,0
2023-08-07,P026,Clothing,Scarf,358.0,Monsoon,0
2023-08-14,P026,Clothing,Scarf,590.0,Monsoon,0
2023-08-21,P026,Clothing,Scarf,369.0,Monsoon,0
2023-08-28,P026,Clothing,Scarf,517.0,Monsoon,0
2023-09-04,P026,Clothing,Scarf,346.0,Monsoon,0
2023-09-11,P026,Clothing,Scarf,475.0,Monsoon,0
2023-09-18,P026,Clothing,Scarf,428.0,Monsoon,0
2023-09-25,P026,Clothing,Scarf,402.0,Monsoon,0
2023-10-02,P026,Clothing,Scarf,458.0,Autumn,0
2023-10-09,P026,Clothing,Scarf,449.0,Autumn,0
2023-10-16,P026,Clothing,Scarf,390.0,Autumn,0
2023-10-23,P026,Clothing,Scarf,387.0,Autumn,0
2023-10-30,P026,Clothing,Scarf,339.0,Autumn,0
2023-11-06,P026,Clothing,Scarf,2288.0,Autumn,1
2023-11-13,P026,Clothing,Scarf,361.0,Autumn,0
2023-11-20,P026,Clothing,Scarf,445.0,Autumn,0
2023-11-27,P026,Clothing,Scarf,484.0,Autumn,0
2023-12-04,P026,Clothing,Scarf,458.0,Winter,0
2023-12-11,P026,Clothing,Scarf,396.0,Winter,0
2023-12-18,P026,Clothing,Scarf,505.0,Winter,0
2023-12-25,P026,Clothing,Scarf,417.0,Winter,0
2024-01-01,P026,Clothing,Scarf,369.0,Winter,0
2024-01-08,P026,Clothing,Scarf,441.0,Winter,0
2024-01-15,P026,Clothing,Scarf,502.0,Winter,0
2024-01-22,P026,Clothing,Scarf,414.0,Winter,0
2024-01-29,P026,Clothing,Scarf,522.0,Winter,0
2024-02-05,P026,Clothing,Scarf,408.0,Winter,0
2024-02-12,P026,Clothing,Scarf,417.0,Winter,0
2024-02-19,P026,Clothing,Scarf,389.0,Winter,0
2024-02-26,P026,Clothing,Scarf,508.0,Winter,0
2024-03-04,P026,Clothing,Scarf,457.0,Summer,0
2024-03-11,P026,Clothing,Scarf,393.0,Summer,0
2024-03-18,P026,Clothing,Scarf,434.0,Summer,0
2024-03-25,P026,Clothing,Scarf,248.0,Summer,0
2024-04-01,P026,Clothing,Scarf,515.0,Summer,0
2024-04-08,P026,Clothing,Scarf,449.0,Summer,0
2024-04-15,P026,Clothing,Scarf,294.0,Summer,0
2024-04-22,P026,Clothing,Scarf,360.0,Summer,0
2024-04-29,P026,Clothing,Scarf,432.0,Summer,0
2024-05-06,P026,Clothing,Scarf,370.0,Summer,0
2024-05-13,P026,Clothing,Scarf,516.0,Summer,0
2024-05-20,P026,Clothing,Scarf,490.0,Summer,0
2024-05-27,P026,Clothing,Scarf,486.0,Summer,0
2024-06-03,P026,Clothing,Scarf,281.0,Summer,0
2024-06-10,P026,Clothing,Scarf,425.0,Summer,0
2024-06-17,P026,Clothing,Scarf,413.0,Summer,0
2024-06-24,P026,Clothing,Scarf,395.0,Summer,0
2024-07-01,P026,Clothing,Scarf,432.0,Monsoon,0
2024-07-08,P026,Clothing,Scarf,383.0,Monsoon,0
2024-07-15,P026,Clothing,Scarf,476.0,Monsoon,0
2024-07-22,P026,Clothing,Scarf,514.0,Monsoon,0
2024-07-29,P026,Clothing,Scarf,508.0,Monsoon,0
2024-08-05,P026,Clothing,Scarf,451.0,Monsoon,0
2024-08-12,P026,Clothing,Scarf,599.0,Monsoon,0
2024-08-19,P026,Clothing,Scarf,540.0,Monsoon,0
2024-08-26,P026,Clothing,Scarf,454.0,Monsoon,0
2024-09-02,P026,Clothing,Scarf,428.0,Monsoon,0
2024-09-09,P026,Clothing,Scarf,554.0,Monsoon,0
2024-09-16,P026,Clothing,Scarf,531.0,Monsoon,0
2024-09-23,P026,Clothing,Scarf,363.0,Monsoon,0
2024-09-30,P026,Clothing,Scarf,536.0,Monsoon,0
2024-10-07,P026,Clothing,Scarf,450.0,Autumn,0
2024-10-14,P026,Clothing,Scarf,401.0,Autumn,0
2024-10-21,P026,Clothing,Scarf,324.0,Autumn,0
2024-10-28,P026,Clothing,Scarf,2071.0,Autumn,1
2024-11-04,P026,Clothing,Scarf,460.0,Autumn,0
2024-11-11,P026,Clothing,Scarf,571.0,Autumn,0
2024-11-18,P026,Clothing,Scarf,527.0,Autumn,0
2024-11-25,P026,Clothing,Scarf,421.0,Autumn,0
2024-12-02,P026,Clothing,Scarf,488.0,Winter,0
2024-12-09,P026,Clothing,Scarf,518.0,Winter,0
2024-12-16,P026,Clothing,Scarf,467.0,Winter,0
2024-12-23,P026,Clothing,Scarf,420.0,Winter,0
2021-01-04,P027,Home Appliances,Washing Machine,41.0,Winter,0
2021-01-11,P027,Home Appliances,Washing Machine,47.0,Winter,0
2021-01-18,P027,Home Appliances,Washing Machine,57.0,Winter,0
2021-01-25,P027,Home Appliances,Washing Machine,42.0,Winter,0
2021-02-01,P027,Home Appliances,Washing Machine,38.0,Winter,0
2021-02-08,P027,Home Appliances,Washing Machine,63.0,Winter,0
2021-02-15,P027,Home Appliances,Washing Machine,40.0,Winter,0
2021-02-22,P027,Home Appliances,Washing Machine,34.0,Winter,0
2021-03-01,P027,Home Appliances,Washing Machine,56.0,Summer,0
2021-03-08,P027,Home Appliances,Washing Machine,93.0,Summer,0
2021-03-15,P027,Home Appliances,Washing Machine,76.0,Summer,0
2021-03-22,P027,Home Appliances,Washing Machine,113.0,Summer,0
2021-03-29,P027,Home Appliances,Washing Machine,90.0,Summer,0
2021-04-05,P027,Home Appliances,Washing Machine,107.0,Summer,0
2021-04-12,P027,Home Appliances,Washing Machine,88.0,Summer,0
2021-04-19,P027,Home Appliances,Washing Machine,106.0,Summer,0
2021-04-26,P027,Home Appliances,Washing Machine,128.0,Summer,0
2021-05-03,P027,Home Appliances,Washing Machine,134.0,Summer,0
2021-05-10,P027,Home Appliances,Washing Machine,98.0,Summer,0
2021-05-17,P027,Home Appliances,Washing Machine,119.0,Summer,0
2021-05-24,P027,Home Appliances,Washing Machine,108.0,Summer,0
2021-05-31,P027,Home Appliances,Washing Machine,96.0,Summer,0
2021-06-07,P027,Home Appliances,Washing Machine,77.0,Summer,0
2021-06-14,P027,Home Appliances,Washing Machine,82.0,Summer,0
2021-06-21,P027,Home Appliances,Washing Machine,93.0,Summer,0
2021-06-28,P027,Home Appliances,Washing Machine,116.0,Summer,0
2021-07-05,P027,Home Appliances,Washing Machine,83.0,Monsoon,0
2021-07-12,P027,Home Appliances,Washing Machine,102.0,Monsoon,0
2021-07-19,P027,Home Appliances,Washing Machine,91.0,Monsoon,0
2021-07-26,P027,Home Appliances,Washing Machine,62.0,Monsoon,0
2021-08-02,P027,Home Appliances,Washing Machine,97.0,Monsoon,0
2021-08-09,P027,Home Appliances,Washing Machine,109.0,Monsoon,0
2021-08-16,P027,Home Appliances,Washing Machine,97.0,Monsoon,0
2021-08-23,P027,Home Appliances,Washing Machine,107.0,Monsoon,0
2021-08-30,P027,Home Appliances,Washing Machine,118.0,Monsoon,0
2021-09-06,P027,Home Appliances,Washing Machine,105.0,Monsoon,0
2021-09-13,P027,Home Appliances,Washing Machine,77.0,Monsoon,0
2021-09-20,P027,Home Appliances,Washing Machine,70.0,Monsoon,0
2021-09-27,P027,Home Appliances,Washing Machine,129.0,Monsoon,0
2021-10-04,P027,Home Appliances,Washing Machine,185.0,Autumn,0
2021-10-11,P027,Home Appliances,Washing Machine,185.0,Autumn,0
2021-10-18,P027,Home Appliances,Washing Machine,137.0,Autumn,0
2021-10-25,P027,Home Appliances,Washing Machine,117.0,Autumn,0
2021-11-01,P027,Home Appliances,Washing Machine,727.0,Autumn,1
2021-11-08,P027,Home Appliances,Washing Machine,159.0,Autumn,0
2021-11-15,P027,Home Appliances,Washing Machine,226.0,Autumn,0
2021-11-22,P027,Home Appliances,Washing Machine,182.0,Autumn,0
2021-11-29,P027,Home Appliances,Washing Machine,156.0,Autumn,0
2021-12-06,P027,Home Appliances,Washing Machine,127.0,Winter,0
2021-12-13,P027,Home Appliances,Washing Machine,100.0,Winter,0
2021-12-20,P027,Home Appliances,Washing Machine,125.0,Winter,0
2021-12-27,P027,Home Appliances,Washing Machine,98.0,Winter,0
2022-01-03,P027,Home Appliances,Washing Machine,48.0,Winter,0
2022-01-10,P027,Home Appliances,Washing Machine,48.0,Winter,0
2022-01-17,P027,Home Appliances,Washing Machine,61.0,Winter,0
2022-01-24,P027,Home Appliances,Washing Machine,41.0,Winter,0
2022-01-31,P027,Home Appliances,Washing Machine,29.0,Winter,0
2022-02-07,P027,Home Appliances,Washing Machine,60.0,Winter,0
2022-02-14,P027,Home Appliances,Washing Machine,52.0,Winter,0
2022-02-21,P027,Home Appliances,Washing Machine,45.0,Winter,0
2022-02-28,P027,Home Appliances,Washing Machine,55.0,Winter,0
2022-03-07,P027,Home Appliances,Washing Machine,68.0,Summer,0
2022-03-14,P027,Home Appliances,Washing Machine,115.0,Summer,0
2022-03-21,P027,Home Appliances,Washing Machine,90.0,Summer,0
2022-03-28,P027,Home Appliances,Washing Machine,108.0,Summer,0
2022-04-04,P027,Home Appliances,Washing Machine,85.0,Summer,0
2022-04-11,P027,Home Appliances,Washing Machine,79.0,Summer,0
2022-04-18,P027,Home Appliances,Washing Machine,96.0,Summer,0
2022-04-25,P027,Home Appliances,Washing Machine,112.0,Summer,0
2022-05-02,P027,Home Appliances,Washing Machine,150.0,Summer,0
2022-05-09,P027,Home Appliances,Washing Machine,107.0,Summer,0
2022-05-16,P027,Home Appliances,Washing Machine,124.0,Summer,0
2022-05-23,P027,Home Appliances,Washing Machine,112.0,Summer,0
2022-05-30,P027,Home Appliances,Washing Machine,109.0,Summer,0
2022-06-06,P027,Home Appliances,Washing Machine,97.0,Summer,0
2022-06-13,P027,Home Appliances,Washing Machine,71.0,Summer,0
2022-06-20,P027,Home Appliances,Washing Machine,94.0,Summer,0
2022-06-27,P027,Home Appliances,Washing Machine,69.0,Summer,0
2022-07-04,P027,Home Appliances,Washing Machine,96.0,Monsoon,0
2022-07-11,P027,Home Appliances,Washing Machine,97.0,Monsoon,0
2022-07-18,P027,Home Appliances,Washing Machine,61.0,Monsoon,0
2022-07-25,P027,Home Appliances,Washing Machine,118.0,Monsoon,0
2022-08-01,P027,Home Appliances,Washing Machine,91.0,Monsoon,0
2022-08-08,P027,Home Appliances,Washing Machine,106.0,Monsoon,0
2022-08-15,P027,Home Appliances,Washing Machine,98.0,Monsoon,0
2022-08-22,P027,Home Appliances,Washing Machine,83.0,Monsoon,0
2022-08-29,P027,Home Appliances,Washing Machine,96.0,Monsoon,0
2022-09-05,P027,Home Appliances,Washing Machine,146.0,Monsoon,0
2022-09-12,P027,Home Appliances,Washing Machine,97.0,Monsoon,0
2022-09-19,P027,Home Appliances,Washing Machine,90.0,Monsoon,0
2022-09-26,P027,Home Appliances,Washing Machine,107.0,Monsoon,0
2022-10-03,P027,Home Appliances,Washing Machine,180.0,Autumn,0
2022-10-10,P027,Home Appliances,Washing Machine,176.0,Autumn,0
2022-10-17,P027,Home Appliances,Washing Machine,180.0,Autumn,0
2022-10-24,P027,Home Appliances,Washing Machine,1181.0,Autumn,1
2022-10-31,P027,Home Appliances,Washing Machine,162.0,Autumn,0
2022-11-07,P027,Home Appliances,Washing Machine,224.0,Autumn,0
2022-11-14,P027,Home Appliances,Washing Machine,222.0,Autumn,0
2022-11-21,P027,Home Appliances,Washing Machine,175.0,Autumn,0
2022-11-28,P027,Home Appliances,Washing Machine,130.0,Autumn,0
2022-12-05,P027,Home Appliances,Washing Machine,114.0,Winter,0
2022-12-12,P027,Home Appliances,Washing Machine,155.0,Winter,0
2022-12-19,P027,Home Appliances,Washing Machine,115.0,Winter,0
2022-12-26,P027,Home Appliances,Washing Machine,116.0,Winter,0
2023-01-02,P027,Home Appliances,Washing Machine,41.0,Winter,0
2023-01-09,P027,Home Appliances,Washing Machine,68.0,Winter,0
2023-01-16,P027,Home Appliances,Washing Machine,48.0,Winter,0
2023-01-23,P027,Home Appliances,Washing Machine,44.0,Winter,0
2023-01-30,P027,Home Appliances,Washing Machine,63.0,Winter,0
2023-02-06,P027,Home Appliances,Washing Machine,51.0,Winter,0
2023-02-13,P027,Home Appliances,Washing Machine,38.0,Winter,0
2023-02-20,P027,Home Appliances,Washing Machine,53.0,Winter,0
2023-02-27,P027,Home Appliances,Washing Machine,46.0,Winter,0
2023-03-06,P027,Home Appliances,Washing Machine,83.0,Summer,0
2023-03-13,P027,Home Appliances,Washing Machine,131.0,Summer,0
2023-03-20,P027,Home Appliances,Washing Machine,99.0,Summer,0
2023-03-27,P027,Home Appliances,Washing Machine,107.0,Summer,0
2023-04-03,P027,Home Appliances,Washing Machine,118.0,Summer,0
2023-04-10,P027,Home Appliances,Washing Machine,93.0,Summer,0
2023-04-17,P027,Home Appliances,Washing Machine,109.0,Summer,0
2023-04-24,P027,Home Appliances,Washing Machine,110.0,Summer,0
2023-05-01,P027,Home Appliances,Washing Machine,103.0,Summer,0
2023-05-08,P027,Home Appliances,Washing Machine,98.0,Summer,0
2023-05-15,P027,Home Appliances,Washing Machine,102.0,Summer,0
2023-05-22,P027,Home Appliances,Washing Machine,99.0,Summer,0
2023-05-29,P027,Home Appliances,Washing Machine,92.0,Summer,0
2023-06-05,P027,Home Appliances,Washing Machine,96.0,Summer,0
2023-06-12,P027,Home Appliances,Washing Machine,99.0,Summer,0
2023-06-19,P027,Home Appliances,Washing Machine,111.0,Summer,0
2023-06-26,P027,Home Appliances,Washing Machine,102.0,Summer,0
2023-07-03,P027,Home Appliances,Washing Machine,80.0,Monsoon,0
2023-07-10,P027,Home Appliances,Washing Machine,128.0,Monsoon,0
2023-07-17,P027,Home Appliances,Washing Machine,81.0,Monsoon,0
2023-07-24,P027,Home Appliances,Washing Machine,98.0,Monsoon,0
2023-07-31,P027,Home Appliances,Washing Machine,117.0,Monsoon,0
2023-08-07,P027,Home Appliances,Washing Machine,105.0,Monsoon,0
2023-08-14,P027,Home Appliances,Washing Machine,142.0,Monsoon,0
2023-08-21,P027,Home Appliances,Washing Machine,152.0,Monsoon,0
2023-08-28,P027,Home Appliances,Washing Machine,115.0,Monsoon,0
2023-09-04,P027,Home Appliances,Washing Machine,131.0,Monsoon,0
2023-09-11,P027,Home Appliances,Washing Machine,173.0,Monsoon,0
2023-09-18,P027,Home Appliances,Washing Machine,98.0,Monsoon,0
2023-09-25,P027,Home Appliances,Washing Machine,120.0,Monsoon,0
2023-10-02,P027,Home Appliances,Washing Machine,188.0,Autumn,0
2023-10-09,P027,Home Appliances,Washing Machine,220.0,Autumn,0
2023-10-16,P027,Home Appliances,Washing Machine,210.0,Autumn,0
2023-10-23,P027,Home Appliances,Washing Machine,169.0,Autumn,0
2023-10-30,P027,Home Appliances,Washing Machine,194.0,Autumn,0
2023-11-06,P027,Home Appliances,Washing Machine,1073.0,Autumn,1
2023-11-13,P027,Home Appliances,Washing Machine,170.0,Autumn,0
2023-11-20,P027,Home Appliances,Washing Machine,156.0,Autumn,0
2023-11-27,P027,Home Appliances,Washing Machine,180.0,Autumn,0
2023-12-04,P027,Home Appliances,Washing Machine,121.0,Winter,0
2023-12-11,P027,Home Appliances,Washing Machine,143.0,Winter,0
2023-12-18,P027,Home Appliances,Washing Machine,75.0,Winter,0
2023-12-25,P027,Home Appliances,Washing Machine,99.0,Winter,0
2024-01-01,P027,Home Appliances,Washing Machine,42.0,Winter,0
2024-01-08,P027,Home Appliances,Washing Machine,53.0,Winter,0
2024-01-15,P027,Home Appliances,Washing Machine,42.0,Winter,0
2024-01-22,P027,Home Appliances,Washing Machine,54.0,Winter,0
2024-01-29,P027,Home Appliances,Washing Machine,57.0,Winter,0
2024-02-05,P027,Home Appliances,Washing Machine,59.0,Winter,0
2024-02-12,P027,Home Appliances,Washing Machine,70.0,Winter,0
2024-02-19,P027,Home Appliances,Washing Machine,43.0,Winter,0
2024-02-26,P027,Home Appliances,Washing Machine,43.0,Winter,0
2024-03-04,P027,Home Appliances,Washing Machine,109.0,Summer,0
2024-03-11,P027,Home Appliances,Washing Machine,93.0,Summer,0
2024-03-18,P027,Home Appliances,Washing Machine,105.0,Summer,0
2024-03-25,P027,Home Appliances,Washing Machine,116.0,Summer,0
2024-04-01,P027,Home Appliances,Washing Machine,111.0,Summer,0
2024-04-08,P027,Home Appliances,Washing Machine,102.0,Summer,0
2024-04-15,P027,Home Appliances,Washing Machine,112.0,Summer,0
2024-04-22,P027,Home Appliances,Washing Machine,124.0,Summer,0
2024-04-29,P027,Home Appliances,Washing Machine,128.0,Summer,0
2024-05-06,P027,Home Appliances,Washing Machine,86.0,Summer,0
2024-05-13,P027,Home Appliances,Washing Machine,104.0,Summer,0
2024-05-20,P027,Home Appliances,Washing Machine,109.0,Summer,0
2024-05-27,P027,Home Appliances,Washing Machine,106.0,Summer,0
2024-06-03,P027,Home Appliances,Washing Machine,55.0,Summer,0
2024-06-10,P027,Home Appliances,Washing Machine,61.0,Summer,0
2024-06-17,P027,Home Appliances,Washing Machine,79.0,Summer,0
2024-06-24,P027,Home Appliances,Washing Machine,102.0,Summer,0
2024-07-01,P027,Home Appliances,Washing Machine,94.0,Monsoon,0
2024-07-08,P027,Home Appliances,Washing Machine,94.0,Monsoon,0
2024-07-15,P027,Home Appliances,Washing Machine,117.0,Monsoon,0
2024-07-22,P027,Home Appliances,Washing Machine,131.0,Monsoon,0
2024-07-29,P027,Home Appliances,Washing Machine,105.0,Monsoon,0
2024-08-05,P027,Home Appliances,Washing Machine,123.0,Monsoon,0
2024-08-12,P027,Home Appliances,Washing Machine,75.0,Monsoon,0
2024-08-19,P027,Home Appliances,Washing Machine,108.0,Monsoon,0
2024-08-26,P027,Home Appliances,Washing Machine,90.0,Monsoon,0
2024-09-02,P027,Home Appliances,Washing Machine,121.0,Monsoon,0
2024-09-09,P027,Home Appliances,Washing Machine,111.0,Monsoon,0
2024-09-16,P027,Home Appliances,Washing Machine,154.0,Monsoon,0
2024-09-23,P027,Home Appliances,Washing Machine,112.0,Monsoon,0
2024-09-30,P027,Home Appliances,Washing Machine,101.0,Monsoon,0
2024-10-07,P027,Home Appliances,Washing Machine,125.0,Autumn,0
2024-10-14,P027,Home Appliances,Washing Machine,209.0,Autumn,0
2024-10-21,P027,Home Appliances,Washing Machine,159.0,Autumn,0
2024-10-28,P027,Home Appliances,Washing Machine,1173.0,Autumn,1
2024-11-04,P027,Home Appliances,Washing Machine,252.0,Autumn,0
2024-11-11,P027,Home Appliances,Washing Machine,252.0,Autumn,0
2024-11-18,P027,Home Appliances,Washing Machine,242.0,Autumn,0
2024-11-25,P027,Home Appliances,Washing Machine,169.0,Autumn,0
2024-12-02,P027,Home Appliances,Washing Machine,158.0,Winter,0
2024-12-09,P027,Home Appliances,Washing Machine,77.0,Winter,0
2024-12-16,P027,Home Appliances,Washing Machine,133.0,Winter,0
2024-12-23,P027,Home Appliances,Washing Machine,145.0,Winter,0
2021-01-04,P028,Home Appliances,Mixer Grinder,70.0,Winter,0
2021-01-11,P028,Home Appliances,Mixer Grinder,46.0,Winter,0
2021-01-18,P028,Home Appliances,Mixer Grinder,67.0,Winter,0
2021-01-25,P028,Home Appliances,Mixer Grinder,59.0,Winter,0
2021-02-01,P028,Home Appliances,Mixer Grinder,54.0,Winter,0
2021-02-08,P028,Home Appliances,Mixer Grinder,55.0,Winter,0
2021-02-15,P028,Home Appliances,Mixer Grinder,60.0,Winter,0
2021-02-22,P028,Home Appliances,Mixer Grinder,67.0,Winter,0
2021-03-01,P028,Home Appliances,Mixer Grinder,149.0,Summer,0
2021-03-08,P028,Home Appliances,Mixer Grinder,141.0,Summer,0
2021-03-15,P028,Home Appliances,Mixer Grinder,144.0,Summer,0
2021-03-22,P028,Home Appliances,Mixer Grinder,79.0,Summer,0
2021-03-29,P028,Home Appliances,Mixer Grinder,110.0,Summer,0
2021-04-05,P028,Home Appliances,Mixer Grinder,121.0,Summer,0
2021-04-12,P028,Home Appliances,Mixer Grinder,170.0,Summer,0
2021-04-19,P028,Home Appliances,Mixer Grinder,114.0,Summer,0
2021-04-26,P028,Home Appliances,Mixer Grinder,146.0,Summer,0
2021-05-03,P028,Home Appliances,Mixer Grinder,159.0,Summer,0
2021-05-10,P028,Home Appliances,Mixer Grinder,108.0,Summer,0
2021-05-17,P028,Home Appliances,Mixer Grinder,128.0,Summer,0
2021-05-24,P028,Home Appliances,Mixer Grinder,182.0,Summer,0
2021-05-31,P028,Home Appliances,Mixer Grinder,140.0,Summer,0
2021-06-07,P028,Home Appliances,Mixer Grinder,93.0,Summer,0
2021-06-14,P028,Home Appliances,Mixer Grinder,110.0,Summer,0
2021-06-21,P028,Home Appliances,Mixer Grinder,128.0,Summer,0
2021-06-28,P028,Home Appliances,Mixer Grinder,127.0,Summer,0
2021-07-05,P028,Home Appliances,Mixer Grinder,129.0,Monsoon,0
2021-07-12,P028,Home Appliances,Mixer Grinder,129.0,Monsoon,0
2021-07-19,P028,Home Appliances,Mixer Grinder,144.0,Monsoon,0
2021-07-26,P028,Home Appliances,Mixer Grinder,133.0,Monsoon,0
2021-08-02,P028,Home Appliances,Mixer Grinder,134.0,Monsoon,0
2021-08-09,P028,Home Appliances,Mixer Grinder,120.0,Monsoon,0
2021-08-16,P028,Home Appliances,Mixer Grinder,165.0,Monsoon,0
2021-08-23,P028,Home Appliances,Mixer Grinder,132.0,Monsoon,0
2021-08-30,P028,Home Appliances,Mixer Grinder,150.0,Monsoon,0
2021-09-06,P028,Home Appliances,Mixer Grinder,170.0,Monsoon,0
2021-09-13,P028,Home Appliances,Mixer Grinder,134.0,Monsoon,0
2021-09-20,P028,Home Appliances,Mixer Grinder,160.0,Monsoon,0
2021-09-27,P028,Home Appliances,Mixer Grinder,122.0,Monsoon,0
2021-10-04,P028,Home Appliances,Mixer Grinder,275.0,Autumn,0
2021-10-11,P028,Home Appliances,Mixer Grinder,215.0,Autumn,0
2021-10-18,P028,Home Appliances,Mixer Grinder,272.0,Autumn,0
2021-10-25,P028,Home Appliances,Mixer Grinder,254.0,Autumn,0
2021-11-01,P028,Home Appliances,Mixer Grinder,1030.0,Autumn,1
2021-11-08,P028,Home Appliances,Mixer Grinder,323.0,Autumn,0
2021-11-15,P028,Home Appliances,Mixer Grinder,302.0,Autumn,0
2021-11-22,P028,Home Appliances,Mixer Grinder,223.0,Autumn,0
2021-11-29,P028,Home Appliances,Mixer Grinder,312.0,Autumn,0
2021-12-06,P028,Home Appliances,Mixer Grinder,128.0,Winter,0
2021-12-13,P028,Home Appliances,Mixer Grinder,150.0,Winter,0
2021-12-20,P028,Home Appliances,Mixer Grinder,173.0,Winter,0
2021-12-27,P028,Home Appliances,Mixer Grinder,119.0,Winter,0
2022-01-03,P028,Home Appliances,Mixer Grinder,64.0,Winter,0
2022-01-10,P028,Home Appliances,Mixer Grinder,65.0,Winter,0
2022-01-17,P028,Home Appliances,Mixer Grinder,62.0,Winter,0
2022-01-24,P028,Home Appliances,Mixer Grinder,77.0,Winter,0
2022-01-31,P028,Home Appliances,Mixer Grinder,58.0,Winter,0
2022-02-07,P028,Home Appliances,Mixer Grinder,65.0,Winter,0
2022-02-14,P028,Home Appliances,Mixer Grinder,85.0,Winter,0
2022-02-21,P028,Home Appliances,Mixer Grinder,68.0,Winter,0
2022-02-28,P028,Home Appliances,Mixer Grinder,59.0,Winter,0
2022-03-07,P028,Home Appliances,Mixer Grinder,132.0,Summer,0
2022-03-14,P028,Home Appliances,Mixer Grinder,154.0,Summer,0
2022-03-21,P028,Home Appliances,Mixer Grinder,120.0,Summer,0
2022-03-28,P028,Home Appliances,Mixer Grinder,147.0,Summer,0
2022-04-04,P028,Home Appliances,Mixer Grinder,116.0,Summer,0
2022-04-11,P028,Home Appliances,Mixer Grinder,131.0,Summer,0
2022-04-18,P028,Home Appliances,Mixer Grinder,135.0,Summer,0
2022-04-25,P028,Home Appliances,Mixer Grinder,161.0,Summer,0
2022-05-02,P028,Home Appliances,Mixer Grinder,188.0,Summer,0
2022-05-09,P028,Home Appliances,Mixer Grinder,127.0,Summer,0
2022-05-16,P028,Home Appliances,Mixer Grinder,164.0,Summer,0
2022-05-23,P028,Home Appliances,Mixer Grinder,152.0,Summer,0
2022-05-30,P028,Home Appliances,Mixer Grinder,129.0,Summer,0
2022-06-06,P028,Home Appliances,Mixer Grinder,96.0,Summer,0
2022-06-13,P028,Home Appliances,Mixer Grinder,137.0,Summer,0
2022-06-20,P028,Home Appliances,Mixer Grinder,148.0,Summer,0
2022-06-27,P028,Home Appliances,Mixer Grinder,132.0,Summer,0
2022-07-04,P028,Home Appliances,Mixer Grinder,114.0,Monsoon,0
2022-07-11,P028,Home Appliances,Mixer Grinder,97.0,Monsoon,0
2022-07-18,P028,Home Appliances,Mixer Grinder,174.0,Monsoon,0
2022-07-25,P028,Home Appliances,Mixer Grinder,150.0,Monsoon,0
2022-08-01,P028,Home Appliances,Mixer Grinder,155.0,Monsoon,0
2022-08-08,P028,Home Appliances,Mixer Grinder,194.0,Monsoon,0
2022-08-15,P028,Home Appliances,Mixer Grinder,149.0,Monsoon,0
2022-08-22,P028,Home Appliances,Mixer Grinder,121.0,Monsoon,0
2022-08-29,P028,Home Appliances,Mixer Grinder,145.0,Monsoon,0
2022-09-05,P028,Home Appliances,Mixer Grinder,130.0,Monsoon,0
2022-09-12,P028,Home Appliances,Mixer Grinder,122.0,Monsoon,0
2022-09-19,P028,Home Appliances,Mixer Grinder,155.0,Monsoon,0
2022-09-26,P028,Home Appliances,Mixer Grinder,174.0,Monsoon,0
2022-10-03,P028,Home Appliances,Mixer Grinder,205.0,Autumn,0
2022-10-10,P028,Home Appliances,Mixer Grinder,212.0,Autumn,0
2022-10-17,P028,Home Appliances,Mixer Grinder,262.0,Autumn,0
2022-10-24,P028,Home Appliances,Mixer Grinder,1207.0,Autumn,1
2022-10-31,P028,Home Appliances,Mixer Grinder,251.0,Autumn,0
2022-11-07,P028,Home Appliances,Mixer Grinder,266.0,Autumn,0
2022-11-14,P028,Home Appliances,Mixer Grinder,343.0,Autumn,0
2022-11-21,P028,Home Appliances,Mixer Grinder,303.0,Autumn,0
2022-11-28,P028,Home Appliances,Mixer Grinder,257.0,Autumn,0
2022-12-05,P028,Home Appliances,Mixer Grinder,106.0,Winter,0
2022-12-12,P028,Home Appliances,Mixer Grinder,170.0,Winter,0
2022-12-19,P028,Home Appliances,Mixer Grinder,125.0,Winter,0
2022-12-26,P028,Home Appliances,Mixer Grinder,133.0,Winter,0
2023-01-02,P028,Home Appliances,Mixer Grinder,60.0,Winter,0
2023-01-09,P028,Home Appliances,Mixer Grinder,72.0,Winter,0
2023-01-16,P028,Home Appliances,Mixer Grinder,51.0,Winter,0
2023-01-23,P028,Home Appliances,Mixer Grinder,52.0,Winter,0
2023-01-30,P028,Home Appliances,Mixer Grinder,87.0,Winter,0
2023-02-06,P028,Home Appliances,Mixer Grinder,92.0,Winter,0
2023-02-13,P028,Home Appliances,Mixer Grinder,85.0,Winter,0
2023-02-20,P028,Home Appliances,Mixer Grinder,71.0,Winter,0
2023-02-27,P028,Home Appliances,Mixer Grinder,68.0,Winter,0
2023-03-06,P028,Home Appliances,Mixer Grinder,156.0,Summer,0
2023-03-13,P028,Home Appliances,Mixer Grinder,112.0,Summer,0
2023-03-20,P028,Home Appliances,Mixer Grinder,142.0,Summer,0
2023-03-27,P028,Home Appliances,Mixer Grinder,169.0,Summer,0
2023-04-03,P028,Home Appliances,Mixer Grinder,132.0,Summer,0
2023-04-10,P028,Home Appliances,Mixer Grinder,184.0,Summer,0
2023-04-17,P028,Home Appliances,Mixer Grinder,184.0,Summer,0
2023-04-24,P028,Home Appliances,Mixer Grinder,159.0,Summer,0
2023-05-01,P028,Home Appliances,Mixer Grinder,149.0,Summer,0
2023-05-08,P028,Home Appliances,Mixer Grinder,128.0,Summer,0
2023-05-15,P028,Home Appliances,Mixer Grinder,204.0,Summer,0
2023-05-22,P028,Home Appliances,Mixer Grinder,125.0,Summer,0
2023-05-29,P028,Home Appliances,Mixer Grinder,159.0,Summer,0
2023-06-05,P028,Home Appliances,Mixer Grinder,152.0,Summer,0
2023-06-12,P028,Home Appliances,Mixer Grinder,70.0,Summer,0
2023-06-19,P028,Home Appliances,Mixer Grinder,151.0,Summer,0
2023-06-26,P028,Home Appliances,Mixer Grinder,170.0,Summer,0
2023-07-03,P028,Home Appliances,Mixer Grinder,115.0,Monsoon,0
2023-07-10,P028,Home Appliances,Mixer Grinder,126.0,Monsoon,0
2023-07-17,P028,Home Appliances,Mixer Grinder,101.0,Monsoon,0
2023-07-24,P028,Home Appliances,Mixer Grinder,120.0,Monsoon,0
2023-07-31,P028,Home Appliances,Mixer Grinder,90.0,Monsoon,0
2023-08-07,P028,Home Appliances,Mixer Grinder,146.0,Monsoon,0
2023-08-14,P028,Home Appliances,Mixer Grinder,164.0,Monsoon,0
2023-08-21,P028,Home Appliances,Mixer Grinder,147.0,Monsoon,0
2023-08-28,P028,Home Appliances,Mixer Grinder,135.0,Monsoon,0
2023-09-04,P028,Home Appliances,Mixer Grinder,142.0,Monsoon,0
2023-09-11,P028,Home Appliances,Mixer Grinder,147.0,Monsoon,0
2023-09-18,P028,Home Appliances,Mixer Grinder,121.0,Monsoon,0
2023-09-25,P028,Home Appliances,Mixer Grinder,132.0,Monsoon,0
2023-10-02,P028,Home Appliances,Mixer Grinder,228.0,Autumn,0
2023-10-09,P028,Home Appliances,Mixer Grinder,236.0,Autumn,0
2023-10-16,P028,Home Appliances,Mixer Grinder,295.0,Autumn,0
2023-10-23,P028,Home Appliances,Mixer Grinder,295.0,Autumn,0
2023-10-30,P028,Home Appliances,Mixer Grinder,399.0,Autumn,0
2023-11-06,P028,Home Appliances,Mixer Grinder,1273.0,Autumn,1
2023-11-13,P028,Home Appliances,Mixer Grinder,320.0,Autumn,0
2023-11-20,P028,Home Appliances,Mixer Grinder,259.0,Autumn,0
2023-11-27,P028,Home Appliances,Mixer Grinder,260.0,Autumn,0
2023-12-04,P028,Home Appliances,Mixer Grinder,176.0,Winter,0
2023-12-11,P028,Home Appliances,Mixer Grinder,143.0,Winter,0
2023-12-18,P028,Home Appliances,Mixer Grinder,185.0,Winter,0
2023-12-25,P028,Home Appliances,Mixer Grinder,211.0,Winter,0
2024-01-01,P028,Home Appliances,Mixer Grinder,71.0,Winter,0
2024-01-08,P028,Home Appliances,Mixer Grinder,92.0,Winter,0
2024-01-15,P028,Home Appliances,Mixer Grinder,81.0,Winter,0
2024-01-22,P028,Home Appliances,Mixer Grinder,73.0,Winter,0
2024-01-29,P028,Home Appliances,Mixer Grinder,63.0,Winter,0
2024-02-05,P028,Home Appliances,Mixer Grinder,71.0,Winter,0
2024-02-12,P028,Home Appliances,Mixer Grinder,69.0,Winter,0
2024-02-19,P028,Home Appliances,Mixer Grinder,87.0,Winter,0
2024-02-26,P028,Home Appliances,Mixer Grinder,69.0,Winter,0
2024-03-04,P028,Home Appliances,Mixer Grinder,169.0,Summer,0
2024-03-11,P028,Home Appliances,Mixer Grinder,137.0,Summer,0
2024-03-18,P028,Home Appliances,Mixer Grinder,159.0,Summer,0
2024-03-25,P028,Home Appliances,Mixer Grinder,119.0,Summer,0
2024-04-01,P028,Home Appliances,Mixer Grinder,150.0,Summer,0
2024-04-08,P028,Home Appliances,Mixer Grinder,166.0,Summer,0
2024-04-15,P028,Home Appliances,Mixer Grinder,178.0,Summer,0
2024-04-22,P028,Home Appliances,Mixer Grinder,172.0,Summer,0
2024-04-29,P028,Home Appliances,Mixer Grinder,158.0,Summer,0
2024-05-06,P028,Home Appliances,Mixer Grinder,188.0,Summer,0
2024-05-13,P028,Home Appliances,Mixer Grinder,196.0,Summer,0
2024-05-20,P028,Home Appliances,Mixer Grinder,157.0,Summer,0
2024-05-27,P028,Home Appliances,Mixer Grinder,198.0,Summer,0
2024-06-03,P028,Home Appliances,Mixer Grinder,112.0,Summer,0
2024-06-10,P028,Home Appliances,Mixer Grinder,118.0,Summer,0
2024-06-17,P028,Home Appliances,Mixer Grinder,147.0,Summer,0
2024-06-24,P028,Home Appliances,Mixer Grinder,138.0,Summer,0
2024-07-01,P028,Home Appliances,Mixer Grinder,180.0,Monsoon,0
2024-07-08,P028,Home Appliances,Mixer Grinder,182.0,Monsoon,0
2024-07-15,P028,Home Appliances,Mixer Grinder,147.0,Monsoon,0
2024-07-22,P028,Home Appliances,Mixer Grinder,142.0,Monsoon,0
2024-07-29,P028,Home Appliances,Mixer Grinder,161.0,Monsoon,0
2024-08-05,P028,Home Appliances,Mixer Grinder,149.0,Monsoon,0
2024-08-12,P028,Home Appliances,Mixer Grinder,176.0,Monsoon,0
2024-08-19,P028,Home Appliances,Mixer Grinder,162.0,Monsoon,0
2024-08-26,P028,Home Appliances,Mixer Grinder,157.0,Monsoon,0
2024-09-02,P028,Home Appliances,Mixer Grinder,176.0,Monsoon,0
2024-09-09,P028,Home Appliances,Mixer Grinder,190.0,Monsoon,0
2024-09-16,P028,Home Appliances,Mixer Grinder,218.0,Monsoon,0
2024-09-23,P028,Home Appliances,Mixer Grinder,146.0,Monsoon,0
2024-09-30,P028,Home Appliances,Mixer Grinder,140.0,Monsoon,0
2024-10-07,P028,Home Appliances,Mixer Grinder,250.0,Autumn,0
2024-10-14,P028,Home Appliances,Mixer Grinder,233.0,Autumn,0
2024-10-21,P028,Home Appliances,Mixer Grinder,335.0,Autumn,0
2024-10-28,P028,Home Appliances,Mixer Grinder,1247.0,Autumn,1
2024-11-04,P028,Home Appliances,Mixer Grinder,288.0,Autumn,0
2024-11-11,P028,Home Appliances,Mixer Grinder,286.0,Autumn,0
2024-11-18,P028,Home Appliances,Mixer Grinder,348.0,Autumn,0
2024-11-25,P028,Home Appliances,Mixer Grinder,283.0,Autumn,0
2024-12-02,P028,Home Appliances,Mixer Grinder,238.0,Winter,0
2024-12-09,P028,Home Appliances,Mixer Grinder,149.0,Winter,0
2024-12-16,P028,Home Appliances,Mixer Grinder,175.0,Winter,0
2024-12-23,P028,Home Appliances,Mixer Grinder,136.0,Winter,0
2021-01-04,P029,Home Appliances,Water Purifier,59.0,Winter,0
2021-01-11,P029,Home Appliances,Water Purifier,46.0,Winter,0
2021-01-18,P029,Home Appliances,Water Purifier,58.0,Winter,0
2021-01-25,P029,Home Appliances,Water Purifier,54.0,Winter,0
2021-02-01,P029,Home Appliances,Water Purifier,55.0,Winter,0
2021-02-08,P029,Home Appliances,Water Purifier,78.0,Winter,0
2021-02-15,P029,Home Appliances,Water Purifier,73.0,Winter,0
2021-02-22,P029,Home Appliances,Water Purifier,56.0,Winter,0
2021-03-01,P029,Home Appliances,Water Purifier,125.0,Summer,0
2021-03-08,P029,Home Appliances,Water Purifier,113.0,Summer,0
2021-03-15,P029,Home Appliances,Water Purifier,202.0,Summer,0
2021-03-22,P029,Home Appliances,Water Purifier,115.0,Summer,0
2021-03-29,P029,Home Appliances,Water Purifier,100.0,Summer,0
2021-04-05,P029,Home Appliances,Water Purifier,171.0,Summer,0
2021-04-12,P029,Home Appliances,Water Purifier,133.0,Summer,0
2021-04-19,P029,Home Appliances,Water Purifier,178.0,Summer,0
2021-04-26,P029,Home Appliances,Water Purifier,172.0,Summer,0
2021-05-03,P029,Home Appliances,Water Purifier,143.0,Summer,0
2021-05-10,P029,Home Appliances,Water Purifier,117.0,Summer,0
2021-05-17,P029,Home Appliances,Water Purifier,128.0,Summer,0
2021-05-24,P029,Home Appliances,Water Purifier,108.0,Summer,0
2021-05-31,P029,Home Appliances,Water Purifier,126.0,Summer,0
2021-06-07,P029,Home Appliances,Water Purifier,146.0,Summer,0
2021-06-14,P029,Home Appliances,Water Purifier,113.0,Summer,0
2021-06-21,P029,Home Appliances,Water Purifier,149.0,Summer,0
2021-06-28,P029,Home Appliances,Water Purifier,145.0,Summer,0
2021-07-05,P029,Home Appliances,Water Purifier,111.0,Monsoon,0
2021-07-12,P029,Home Appliances,Water Purifier,91.0,Monsoon,0
2021-07-19,P029,Home Appliances,Water Purifier,80.0,Monsoon,0
2021-07-26,P029,Home Appliances,Water Purifier,107.0,Monsoon,0
2021-08-02,P029,Home Appliances,Water Purifier,127.0,Monsoon,0
2021-08-09,P029,Home Appliances,Water Purifier,106.0,Monsoon,0
2021-08-16,P029,Home Appliances,Water Purifier,138.0,Monsoon,0
2021-08-23,P029,Home Appliances,Water Purifier,132.0,Monsoon,0
2021-08-30,P029,Home Appliances,Water Purifier,114.0,Monsoon,0
2021-09-06,P029,Home Appliances,Water Purifier,158.0,Monsoon,0
2021-09-13,P029,Home Appliances,Water Purifier,184.0,Monsoon,0
2021-09-20,P029,Home Appliances,Water Purifier,118.0,Monsoon,0
2021-09-27,P029,Home Appliances,Water Purifier,171.0,Monsoon,0
2021-10-04,P029,Home Appliances,Water Purifier,196.0,Autumn,0
2021-10-11,P029,Home Appliances,Water Purifier,161.0,Autumn,0
2021-10-18,P029,Home Appliances,Water Purifier,254.0,Autumn,0
2021-10-25,P029,Home Appliances,Water Purifier,386.0,Autumn,0
2021-11-01,P029,Home Appliances,Water Purifier,1064.0,Autumn,1
2021-11-08,P029,Home Appliances,Water Purifier,255.0,Autumn,0
2021-11-15,P029,Home Appliances,Water Purifier,284.0,Autumn,0
2021-11-22,P029,Home Appliances,Water Purifier,211.0,Autumn,0
2021-11-29,P029,Home Appliances,Water Purifier,217.0,Autumn,0
2021-12-06,P029,Home Appliances,Water Purifier,133.0,Winter,0
2021-12-13,P029,Home Appliances,Water Purifier,206.0,Winter,0
2021-12-20,P029,Home Appliances,Water Purifier,131.0,Winter,0
2021-12-27,P029,Home Appliances,Water Purifier,130.0,Winter,0
2022-01-03,P029,Home Appliances,Water Purifier,45.0,Winter,0
2022-01-10,P029,Home Appliances,Water Purifier,65.0,Winter,0
2022-01-17,P029,Home Appliances,Water Purifier,64.0,Winter,0
2022-01-24,P029,Home Appliances,Water Purifier,46.0,Winter,0
2022-01-31,P029,Home Appliances,Water Purifier,58.0,Winter,0
2022-02-07,P029,Home Appliances,Water Purifier,74.0,Winter,0
2022-02-14,P029,Home Appliances,Water Purifier,65.0,Winter,0
2022-02-21,P029,Home Appliances,Water Purifier,79.0,Winter,0
2022-02-28,P029,Home Appliances,Water Purifier,54.0,Winter,0
2022-03-07,P029,Home Appliances,Water Purifier,106.0,Summer,0
2022-03-14,P029,Home Appliances,Water Purifier,112.0,Summer,0
2022-03-21,P029,Home Appliances,Water Purifier,162.0,Summer,0
2022-03-28,P029,Home Appliances,Water Purifier,120.0,Summer,0
2022-04-04,P029,Home Appliances,Water Purifier,187.0,Summer,0
2022-04-11,P029,Home Appliances,Water Purifier,167.0,Summer,0
2022-04-18,P029,Home Appliances,Water Purifier,143.0,Summer,0
2022-04-25,P029,Home Appliances,Water Purifier,145.0,Summer,0
2022-05-02,P029,Home Appliances,Water Purifier,120.0,Summer,0
2022-05-09,P029,Home Appliances,Water Purifier,145.0,Summer,0
2022-05-16,P029,Home Appliances,Water Purifier,112.0,Summer,0
2022-05-23,P029,Home Appliances,Water Purifier,132.0,Summer,0
2022-05-30,P029,Home Appliances,Water Purifier,180.0,Summer,0
2022-06-06,P029,Home Appliances,Water Purifier,109.0,Summer,0
2022-06-13,P029,Home Appliances,Water Purifier,126.0,Summer,0
2022-06-20,P029,Home Appliances,Water Purifier,76.0,Summer,0
2022-06-27,P029,Home Appliances,Water Purifier,125.0,Summer,0
2022-07-04,P029,Home Appliances,Water Purifier,118.0,Monsoon,0
2022-07-11,P029,Home Appliances,Water Purifier,89.0,Monsoon,0
2022-07-18,P029,Home Appliances,Water Purifier,101.0,Monsoon,0
2022-07-25,P029,Home Appliances,Water Purifier,106.0,Monsoon,0
2022-08-01,P029,Home Appliances,Water Purifier,94.0,Monsoon,0
2022-08-08,P029,Home Appliances,Water Purifier,121.0,Monsoon,0
2022-08-15,P029,Home Appliances,Water Purifier,154.0,Monsoon,0
2022-08-22,P029,Home Appliances,Water Purifier,124.0,Monsoon,0
2022-08-29,P029,Home Appliances,Water Purifier,104.0,Monsoon,0
2022-09-05,P029,Home Appliances,Water Purifier,138.0,Monsoon,0
2022-09-12,P029,Home Appliances,Water Purifier,151.0,Monsoon,0
2022-09-19,P029,Home Appliances,Water Purifier,195.0,Monsoon,0
2022-09-26,P029,Home Appliances,Water Purifier,144.0,Monsoon,0
2022-10-03,P029,Home Appliances,Water Purifier,250.0,Autumn,0
2022-10-10,P029,Home Appliances,Water Purifier,277.0,Autumn,0
2022-10-17,P029,Home Appliances,Water Purifier,238.0,Autumn,0
2022-10-24,P029,Home Appliances,Water Purifier,1288.0,Autumn,1
2022-10-31,P029,Home Appliances,Water Purifier,292.0,Autumn,0
2022-11-07,P029,Home Appliances,Water Purifier,196.0,Autumn,0
2022-11-14,P029,Home Appliances,Water Purifier,307.0,Autumn,0
2022-11-21,P029,Home Appliances,Water Purifier,255.0,Autumn,0
2022-11-28,P029,Home Appliances,Water Purifier,254.0,Autumn,0
2022-12-05,P029,Home Appliances,Water Purifier,144.0,Winter,0
2022-12-12,P029,Home Appliances,Water Purifier,127.0,Winter,0
2022-12-19,P029,Home Appliances,Water Purifier,156.0,Winter,0
2022-12-26,P029,Home Appliances,Water Purifier,140.0,Winter,0
2023-01-02,P029,Home Appliances,Water Purifier,51.0,Winter,0
2023-01-09,P029,Home Appliances,Water Purifier,47.0,Winter,0
2023-01-16,P029,Home Appliances,Water Purifier,54.0,Winter,0
2023-01-23,P029,Home Appliances,Water Purifier,56.0,Winter,0
2023-01-30,P029,Home Appliances,Water Purifier,62.0,Winter,0
2023-02-06,P029,Home Appliances,Water Purifier,89.0,Winter,0
2023-02-13,P029,Home Appliances,Water Purifier,57.0,Winter,0
2023-02-20,P029,Home Appliances,Water Purifier,61.0,Winter,0
2023-02-27,P029,Home Appliances,Water Purifier,59.0,Winter,0
2023-03-06,P029,Home Appliances,Water Purifier,122.0,Summer,0
2023-03-13,P029,Home Appliances,Water Purifier,142.0,Summer,0
2023-03-20,P029,Home Appliances,Water Purifier,133.0,Summer,0
2023-03-27,P029,Home Appliances,Water Purifier,148.0,Summer,0
2023-04-03,P029,Home Appliances,Water Purifier,169.0,Summer,0
2023-04-10,P029,Home Appliances,Water Purifier,117.0,Summer,0
2023-04-17,P029,Home Appliances,Water Purifier,195.0,Summer,0
2023-04-24,P029,Home Appliances,Water Purifier,114.0,Summer,0
2023-05-01,P029,Home Appliances,Water Purifier,167.0,Summer,0
2023-05-08,P029,Home Appliances,Water Purifier,209.0,Summer,0
2023-05-15,P029,Home Appliances,Water Purifier,174.0,Summer,0
2023-05-22,P029,Home Appliances,Water Purifier,82.0,Summer,0
2023-05-29,P029,Home Appliances,Water Purifier,162.0,Summer,0
2023-06-05,P029,Home Appliances,Water Purifier,168.0,Summer,0
2023-06-12,P029,Home Appliances,Water Purifier,98.0,Summer,0
2023-06-19,P029,Home Appliances,Water Purifier,140.0,Summer,0
2023-06-26,P029,Home Appliances,Water Purifier,121.0,Summer,0
2023-07-03,P029,Home Appliances,Water Purifier,158.0,Monsoon,0
2023-07-10,P029,Home Appliances,Water Purifier,129.0,Monsoon,0
2023-07-17,P029,Home Appliances,Water Purifier,159.0,Monsoon,0
2023-07-24,P029,Home Appliances,Water Purifier,168.0,Monsoon,0
2023-07-31,P029,Home Appliances,Water Purifier,166.0,Monsoon,0
2023-08-07,P029,Home Appliances,Water Purifier,169.0,Monsoon,0
2023-08-14,P029,Home Appliances,Water Purifier,171.0,Monsoon,0
2023-08-21,P029,Home Appliances,Water Purifier,118.0,Monsoon,0
2023-08-28,P029,Home Appliances,Water Purifier,176.0,Monsoon,0
2023-09-04,P029,Home Appliances,Water Purifier,181.0,Monsoon,0
2023-09-11,P029,Home Appliances,Water Purifier,130.0,Monsoon,0
2023-09-18,P029,Home Appliances,Water Purifier,149.0,Monsoon,0
2023-09-25,P029,Home Appliances,Water Purifier,187.0,Monsoon,0
2023-10-02,P029,Home Appliances,Water Purifier,274.0,Autumn,0
2023-10-09,P029,Home Appliances,Water Purifier,227.0,Autumn,0
2023-10-16,P029,Home Appliances,Water Purifier,211.0,Autumn,0
2023-10-23,P029,Home Appliances,Water Purifier,244.0,Autumn,0
2023-10-30,P029,Home Appliances,Water Purifier,244.0,Autumn,0
2023-11-06,P029,Home Appliances,Water Purifier,1388.0,Autumn,1
2023-11-13,P029,Home Appliances,Water Purifier,242.0,Autumn,0
2023-11-20,P029,Home Appliances,Water Purifier,230.0,Autumn,0
2023-11-27,P029,Home Appliances,Water Purifier,346.0,Autumn,0
2023-12-04,P029,Home Appliances,Water Purifier,115.0,Winter,0
2023-12-11,P029,Home Appliances,Water Purifier,211.0,Winter,0
2023-12-18,P029,Home Appliances,Water Purifier,172.0,Winter,0
2023-12-25,P029,Home Appliances,Water Purifier,182.0,Winter,0
2024-01-01,P029,Home Appliances,Water Purifier,64.0,Winter,0
2024-01-08,P029,Home Appliances,Water Purifier,59.0,Winter,0
2024-01-15,P029,Home Appliances,Water Purifier,66.0,Winter,0
2024-01-22,P029,Home Appliances,Water Purifier,57.0,Winter,0
2024-01-29,P029,Home Appliances,Water Purifier,76.0,Winter,0
2024-02-05,P029,Home Appliances,Water Purifier,79.0,Winter,0
2024-02-12,P029,Home Appliances,Water Purifier,56.0,Winter,0
2024-02-19,P029,Home Appliances,Water Purifier,64.0,Winter,0
2024-02-26,P029,Home Appliances,Water Purifier,64.0,Winter,0
2024-03-04,P029,Home Appliances,Water Purifier,120.0,Summer,0
2024-03-11,P029,Home Appliances,Water Purifier,116.0,Summer,0
2024-03-18,P029,Home Appliances,Water Purifier,136.0,Summer,0
2024-03-25,P029,Home Appliances,Water Purifier,134.0,Summer,0
2024-04-01,P029,Home Appliances,Water Purifier,146.0,Summer,0
2024-04-08,P029,Home Appliances,Water Purifier,160.0,Summer,0
2024-04-15,P029,Home Appliances,Water Purifier,152.0,Summer,0
2024-04-22,P029,Home Appliances,Water Purifier,128.0,Summer,0
2024-04-29,P029,Home Appliances,Water Purifier,141.0,Summer,0
2024-05-06,P029,Home Appliances,Water Purifier,229.0,Summer,0
2024-05-13,P029,Home Appliances,Water Purifier,238.0,Summer,0
2024-05-20,P029,Home Appliances,Water Purifier,178.0,Summer,0
2024-05-27,P029,Home Appliances,Water Purifier,147.0,Summer,0
2024-06-03,P029,Home Appliances,Water Purifier,149.0,Summer,0
2024-06-10,P029,Home Appliances,Water Purifier,115.0,Summer,0
2024-06-17,P029,Home Appliances,Water Purifier,131.0,Summer,0
2024-06-24,P029,Home Appliances,Water Purifier,119.0,Summer,0
2024-07-01,P029,Home Appliances,Water Purifier,165.0,Monsoon,0
2024-07-08,P029,Home Appliances,Water Purifier,112.0,Monsoon,0
2024-07-15,P029,Home Appliances,Water Purifier,118.0,Monsoon,0
2024-07-22,P029,Home Appliances,Water Purifier,102.0,Monsoon,0
2024-07-29,P029,Home Appliances,Water Purifier,116.0,Monsoon,0
2024-08-05,P029,Home Appliances,Water Purifier,161.0,Monsoon,0
2024-08-12,P029,Home Appliances,Water Purifier,129.0,Monsoon,0
2024-08-19,P029,Home Appliances,Water Purifier,157.0,Monsoon,0
2024-08-26,P029,Home Appliances,Water Purifier,126.0,Monsoon,0
2024-09-02,P029,Home Appliances,Water Purifier,148.0,Monsoon,0
2024-09-09,P029,Home Appliances,Water Purifier,133.0,Monsoon,0
2024-09-16,P029,Home Appliances,Water Purifier,168.0,Monsoon,0
2024-09-23,P029,Home Appliances,Water Purifier,114.0,Monsoon,0
2024-09-30,P029,Home Appliances,Water Purifier,170.0,Monsoon,0
2024-10-07,P029,Home Appliances,Water Purifier,191.0,Autumn,0
2024-10-14,P029,Home Appliances,Water Purifier,281.0,Autumn,0
2024-10-21,P029,Home Appliances,Water Purifier,257.0,Autumn,0
2024-10-28,P029,Home Appliances,Water Purifier,937.0,Autumn,1
2024-11-04,P029,Home Appliances,Water Purifier,253.0,Autumn,0
2024-11-11,P029,Home Appliances,Water Purifier,218.0,Autumn,0
2024-11-18,P029,Home Appliances,Water Purifier,334.0,Autumn,0
2024-11-25,P029,Home Appliances,Water Purifier,313.0,Autumn,0
2024-12-02,P029,Home Appliances,Water Purifier,125.0,Winter,0
2024-12-09,P029,Home Appliances,Water Purifier,170.0,Winter,0
2024-12-16,P029,Home Appliances,Water Purifier,130.0,Winter,0
2024-12-23,P029,Home Appliances,Water Purifier,171.0,Winter,0
2021-01-04,P030,Stationery,Notebooks,494.0,Winter,0
2021-01-11,P030,Stationery,Notebooks,388.0,Winter,0
2021-01-18,P030,Stationery,Notebooks,339.0,Winter,0
2021-01-25,P030,Stationery,Notebooks,319.0,Winter,0
2021-02-01,P030,Stationery,Notebooks,449.0,Winter,0
2021-02-08,P030,Stationery,Notebooks,352.0,Winter,0
2021-02-15,P030,Stationery,Notebooks,388.0,Winter,0
2021-02-22,P030,Stationery,Notebooks,441.0,Winter,0
2021-03-01,P030,Stationery,Notebooks,357.0,Summer,0
2021-03-08,P030,Stationery,Notebooks,383.0,Summer,0
2021-03-15,P030,Stationery,Notebooks,385.0,Summer,0
2021-03-22,P030,Stationery,Notebooks,425.0,Summer,0
2021-03-29,P030,Stationery,Notebooks,420.0,Summer,0
2021-04-05,P030,Stationery,Notebooks,373.0,Summer,0
2021-04-12,P030,Stationery,Notebooks,389.0,Summer,0
2021-04-19,P030,Stationery,Notebooks,364.0,Summer,0
2021-04-26,P030,Stationery,Notebooks,300.0,Summer,0
2021-05-03,P030,Stationery,Notebooks,400.0,Summer,0
2021-05-10,P030,Stationery,Notebooks,495.0,Summer,0
2021-05-17,P030,Stationery,Notebooks,334.0,Summer,0
2021-05-24,P030,Stationery,Notebooks,341.0,Summer,0
2021-05-31,P030,Stationery,Notebooks,335.0,Summer,0
2021-06-07,P030,Stationery,Notebooks,1497.0,Summer,0
2021-06-14,P030,Stationery,Notebooks,1441.0,Summer,0
2021-06-21,P030,Stationery,Notebooks,1318.0,Summer,0
2021-06-28,P030,Stationery,Notebooks,1164.0,Summer,0
2021-07-05,P030,Stationery,Notebooks,391.0,Monsoon,0
2021-07-12,P030,Stationery,Notebooks,295.0,Monsoon,0
2021-07-19,P030,Stationery,Notebooks,394.0,Monsoon,0
2021-07-26,P030,Stationery,Notebooks,436.0,Monsoon,0
2021-08-02,P030,Stationery,Notebooks,313.0,Monsoon,0
2021-08-09,P030,Stationery,Notebooks,297.0,Monsoon,0
2021-08-16,P030,Stationery,Notebooks,477.0,Monsoon,0
2021-08-23,P030,Stationery,Notebooks,350.0,Monsoon,0
2021-08-30,P030,Stationery,Notebooks,451.0,Monsoon,0
2021-09-06,P030,Stationery,Notebooks,377.0,Monsoon,0
2021-09-13,P030,Stationery,Notebooks,376.0,Monsoon,0
2021-09-20,P030,Stationery,Notebooks,411.0,Monsoon,0
2021-09-27,P030,Stationery,Notebooks,334.0,Monsoon,0
2021-10-04,P030,Stationery,Notebooks,393.0,Autumn,0
2021-10-11,P030,Stationery,Notebooks,363.0,Autumn,0
2021-10-18,P030,Stationery,Notebooks,309.0,Autumn,0
2021-10-25,P030,Stationery,Notebooks,405.0,Autumn,0
2021-11-01,P030,Stationery,Notebooks,1584.0,Autumn,1
2021-11-08,P030,Stationery,Notebooks,376.0,Autumn,0
2021-11-15,P030,Stationery,Notebooks,315.0,Autumn,0
2021-11-22,P030,Stationery,Notebooks,478.0,Autumn,0
2021-11-29,P030,Stationery,Notebooks,436.0,Autumn,0
2021-12-06,P030,Stationery,Notebooks,441.0,Winter,0
2021-12-13,P030,Stationery,Notebooks,368.0,Winter,0
2021-12-20,P030,Stationery,Notebooks,285.0,Winter,0
2021-12-27,P030,Stationery,Notebooks,499.0,Winter,0
2022-01-03,P030,Stationery,Notebooks,397.0,Winter,0
2022-01-10,P030,Stationery,Notebooks,356.0,Winter,0
2022-01-17,P030,Stationery,Notebooks,426.0,Winter,0
2022-01-24,P030,Stationery,Notebooks,471.0,Winter,0
2022-01-31,P030,Stationery,Notebooks,400.0,Winter,0
2022-02-07,P030,Stationery,Notebooks,478.0,Winter,0
2022-02-14,P030,Stationery,Notebooks,466.0,Winter,0
2022-02-21,P030,Stationery,Notebooks,336.0,Winter,0
2022-02-28,P030,Stationery,Notebooks,360.0,Winter,0
2022-03-07,P030,Stationery,Notebooks,459.0,Summer,0
2022-03-14,P030,Stationery,Notebooks,238.0,Summer,0
2022-03-21,P030,Stationery,Notebooks,392.0,Summer,0
2022-03-28,P030,Stationery,Notebooks,315.0,Summer,0
2022-04-04,P030,Stationery,Notebooks,372.0,Summer,0
2022-04-11,P030,Stationery,Notebooks,383.0,Summer,0
2022-04-18,P030,Stationery,Notebooks,379.0,Summer,0
2022-04-25,P030,Stationery,Notebooks,368.0,Summer,0
2022-05-02,P030,Stationery,Notebooks,335.0,Summer,0
2022-05-09,P030,Stationery,Notebooks,539.0,Summer,0
2022-05-16,P030,Stationery,Notebooks,513.0,Summer,0
2022-05-23,P030,Stationery,Notebooks,331.0,Summer,0
2022-05-30,P030,Stationery,Notebooks,496.0,Summer,0
2022-06-06,P030,Stationery,Notebooks,1320.0,Summer,0
2022-06-13,P030,Stationery,Notebooks,1432.0,Summer,0
2022-06-20,P030,Stationery,Notebooks,1391.0,Summer,0
2022-06-27,P030,Stationery,Notebooks,1265.0,Summer,0
2022-07-04,P030,Stationery,Notebooks,460.0,Monsoon,0
2022-07-11,P030,Stationery,Notebooks,409.0,Monsoon,0
2022-07-18,P030,Stationery,Notebooks,372.0,Monsoon,0
2022-07-25,P030,Stationery,Notebooks,322.0,Monsoon,0
2022-08-01,P030,Stationery,Notebooks,347.0,Monsoon,0
2022-08-08,P030,Stationery,Notebooks,302.0,Monsoon,0
2022-08-15,P030,Stationery,Notebooks,402.0,Monsoon,0
2022-08-22,P030,Stationery,Notebooks,329.0,Monsoon,0
2022-08-29,P030,Stationery,Notebooks,385.0,Monsoon,0
2022-09-05,P030,Stationery,Notebooks,483.0,Monsoon,0
2022-09-12,P030,Stationery,Notebooks,473.0,Monsoon,0
2022-09-19,P030,Stationery,Notebooks,399.0,Monsoon,0
2022-09-26,P030,Stationery,Notebooks,396.0,Monsoon,0
2022-10-03,P030,Stationery,Notebooks,514.0,Autumn,0
2022-10-10,P030,Stationery,Notebooks,432.0,Autumn,0
2022-10-17,P030,Stationery,Notebooks,381.0,Autumn,0
2022-10-24,P030,Stationery,Notebooks,1676.0,Autumn,1
2022-10-31,P030,Stationery,Notebooks,425.0,Autumn,0
2022-11-07,P030,Stationery,Notebooks,451.0,Autumn,0
2022-11-14,P030,Stationery,Notebooks,363.0,Autumn,0
2022-11-21,P030,Stationery,Notebooks,418.0,Autumn,0
2022-11-28,P030,Stationery,Notebooks,379.0,Autumn,0
2022-12-05,P030,Stationery,Notebooks,390.0,Winter,0
2022-12-12,P030,Stationery,Notebooks,251.0,Winter,0
2022-12-19,P030,Stationery,Notebooks,388.0,Winter,0
2022-12-26,P030,Stationery,Notebooks,459.0,Winter,0
2023-01-02,P030,Stationery,Notebooks,377.0,Winter,0
2023-01-09,P030,Stationery,Notebooks,420.0,Winter,0
2023-01-16,P030,Stationery,Notebooks,369.0,Winter,0
2023-01-23,P030,Stationery,Notebooks,439.0,Winter,0
2023-01-30,P030,Stationery,Notebooks,403.0,Winter,0
2023-02-06,P030,Stationery,Notebooks,358.0,Winter,0
2023-02-13,P030,Stationery,Notebooks,500.0,Winter,0
2023-02-20,P030,Stationery,Notebooks,474.0,Winter,0
2023-02-27,P030,Stationery,Notebooks,379.0,Winter,0
2023-03-06,P030,Stationery,Notebooks,448.0,Summer,0
2023-03-13,P030,Stationery,Notebooks,450.0,Summer,0
2023-03-20,P030,Stationery,Notebooks,457.0,Summer,0
2023-03-27,P030,Stationery,Notebooks,310.0,Summer,0
2023-04-03,P030,Stationery,Notebooks,479.0,Summer,0
2023-04-10,P030,Stationery,Notebooks,381.0,Summer,0
2023-04-17,P030,Stationery,Notebooks,394.0,Summer,0
2023-04-24,P030,Stationery,Notebooks,581.0,Summer,0
2023-05-01,P030,Stationery,Notebooks,435.0,Summer,0
2023-05-08,P030,Stationery,Notebooks,392.0,Summer,0
2023-05-15,P030,Stationery,Notebooks,278.0,Summer,0
2023-05-22,P030,Stationery,Notebooks,503.0,Summer,0
2023-05-29,P030,Stationery,Notebooks,332.0,Summer,0
2023-06-05,P030,Stationery,Notebooks,1239.0,Summer,0
2023-06-12,P030,Stationery,Notebooks,1386.0,Summer,0
2023-06-19,P030,Stationery,Notebooks,1769.0,Summer,0
2023-06-26,P030,Stationery,Notebooks,1628.0,Summer,0
2023-07-03,P030,Stationery,Notebooks,407.0,Monsoon,0
2023-07-10,P030,Stationery,Notebooks,436.0,Monsoon,0
2023-07-17,P030,Stationery,Notebooks,379.0,Monsoon,0
2023-07-24,P030,Stationery,Notebooks,425.0,Monsoon,0
2023-07-31,P030,Stationery,Notebooks,421.0,Monsoon,0
2023-08-07,P030,Stationery,Notebooks,477.0,Monsoon,0
2023-08-14,P030,Stationery,Notebooks,477.0,Monsoon,0
2023-08-21,P030,Stationery,Notebooks,447.0,Monsoon,0
2023-08-28,P030,Stationery,Notebooks,394.0,Monsoon,0
2023-09-04,P030,Stationery,Notebooks,463.0,Monsoon,0
2023-09-11,P030,Stationery,Notebooks,411.0,Monsoon,0
2023-09-18,P030,Stationery,Notebooks,349.0,Monsoon,0
2023-09-25,P030,Stationery,Notebooks,391.0,Monsoon,0
2023-10-02,P030,Stationery,Notebooks,422.0,Autumn,0
2023-10-09,P030,Stationery,Notebooks,473.0,Autumn,0
2023-10-16,P030,Stationery,Notebooks,405.0,Autumn,0
2023-10-23,P030,Stationery,Notebooks,341.0,Autumn,0
2023-10-30,P030,Stationery,Notebooks,420.0,Autumn,0
2023-11-06,P030,Stationery,Notebooks,2084.0,Autumn,1
2023-11-13,P030,Stationery,Notebooks,428.0,Autumn,0
2023-11-20,P030,Stationery,Notebooks,474.0,Autumn,0
2023-11-27,P030,Stationery,Notebooks,480.0,Autumn,0
2023-12-04,P030,Stationery,Notebooks,379.0,Winter,0
2023-12-11,P030,Stationery,Notebooks,378.0,Winter,0
2023-12-18,P030,Stationery,Notebooks,351.0,Winter,0
2023-12-25,P030,Stationery,Notebooks,460.0,Winter,0
2024-01-01,P030,Stationery,Notebooks,526.0,Winter,0
2024-01-08,P030,Stationery,Notebooks,411.0,Winter,0
2024-01-15,P030,Stationery,Notebooks,416.0,Winter,0
2024-01-22,P030,Stationery,Notebooks,527.0,Winter,0
2024-01-29,P030,Stationery,Notebooks,465.0,Winter,0
2024-02-05,P030,Stationery,Notebooks,460.0,Winter,0
2024-02-12,P030,Stationery,Notebooks,355.0,Winter,0
2024-02-19,P030,Stationery,Notebooks,476.0,Winter,0
2024-02-26,P030,Stationery,Notebooks,372.0,Winter,0
2024-03-04,P030,Stationery,Notebooks,358.0,Summer,0
2024-03-11,P030,Stationery,Notebooks,409.0,Summer,0
2024-03-18,P030,Stationery,Notebooks,394.0,Summer,0
2024-03-25,P030,Stationery,Notebooks,417.0,Summer,0
2024-04-01,P030,Stationery,Notebooks,338.0,Summer,0
2024-04-08,P030,Stationery,Notebooks,494.0,Summer,0
2024-04-15,P030,Stationery,Notebooks,505.0,Summer,0
2024-04-22,P030,Stationery,Notebooks,306.0,Summer,0
2024-04-29,P030,Stationery,Notebooks,495.0,Summer,0
2024-05-06,P030,Stationery,Notebooks,379.0,Summer,0
2024-05-13,P030,Stationery,Notebooks,487.0,Summer,0
2024-05-20,P030,Stationery,Notebooks,427.0,Summer,0
2024-05-27,P030,Stationery,Notebooks,434.0,Summer,0
2024-06-03,P030,Stationery,Notebooks,1471.0,Summer,0
2024-06-10,P030,Stationery,Notebooks,1788.0,Summer,0
2024-06-17,P030,Stationery,Notebooks,1231.0,Summer,0
2024-06-24,P030,Stationery,Notebooks,1651.0,Summer,0
2024-07-01,P030,Stationery,Notebooks,503.0,Monsoon,0
2024-07-08,P030,Stationery,Notebooks,478.0,Monsoon,0
2024-07-15,P030,Stationery,Notebooks,583.0,Monsoon,0
2024-07-22,P030,Stationery,Notebooks,398.0,Monsoon,0
2024-07-29,P030,Stationery,Notebooks,494.0,Monsoon,0
2024-08-05,P030,Stationery,Notebooks,425.0,Monsoon,0
2024-08-12,P030,Stationery,Notebooks,512.0,Monsoon,0
2024-08-19,P030,Stationery,Notebooks,431.0,Monsoon,0
2024-08-26,P030,Stationery,Notebooks,407.0,Monsoon,0
2024-09-02,P030,Stationery,Notebooks,517.0,Monsoon,0
2024-09-09,P030,Stationery,Notebooks,400.0,Monsoon,0
2024-09-16,P030,Stationery,Notebooks,340.0,Monsoon,0
2024-09-23,P030,Stationery,Notebooks,398.0,Monsoon,0
2024-09-30,P030,Stationery,Notebooks,472.0,Monsoon,0
2024-10-07,P030,Stationery,Notebooks,522.0,Autumn,0
2024-10-14,P030,Stationery,Notebooks,439.0,Autumn,0
2024-10-21,P030,Stationery,Notebooks,517.0,Autumn,0
2024-10-28,P030,Stationery,Notebooks,1610.0,Autumn,1
2024-11-04,P030,Stationery,Notebooks,403.0,Autumn,0
2024-11-11,P030,Stationery,Notebooks,413.0,Autumn,0
2024-11-18,P030,Stationery,Notebooks,424.0,Autumn,0
2024-11-25,P030,Stationery,Notebooks,437.0,Autumn,0
2024-12-02,P030,Stationery,Notebooks,477.0,Winter,0
2024-12-09,P030,Stationery,Notebooks,403.0,Winter,0
2024-12-16,P030,Stationery,Notebooks,441.0,Winter,0
2024-12-23,P030,Stationery,Notebooks,429.0,Winter,0
2021-01-04,P031,Stationery,School Bags,489.0,Winter,0
2021-01-11,P031,Stationery,School Bags,439.0,Winter,0
2021-01-18,P031,Stationery,School Bags,495.0,Winter,0
2021-01-25,P031,Stationery,School Bags,485.0,Winter,0
2021-02-01,P031,Stationery,School Bags,429.0,Winter,0
2021-02-08,P031,Stationery,School Bags,327.0,Winter,0
2021-02-15,P031,Stationery,School Bags,410.0,Winter,0
2021-02-22,P031,Stationery,School Bags,560.0,Winter,0
2021-03-01,P031,Stationery,School Bags,466.0,Summer,0
2021-03-08,P031,Stationery,School Bags,401.0,Summer,0
2021-03-15,P031,Stationery,School Bags,460.0,Summer,0
2021-03-22,P031,Stationery,School Bags,489.0,Summer,0
2021-03-29,P031,Stationery,School Bags,401.0,Summer,0
2021-04-05,P031,Stationery,School Bags,526.0,Summer,0
2021-04-12,P031,Stationery,School Bags,477.0,Summer,0
2021-04-19,P031,Stationery,School Bags,370.0,Summer,0
2021-04-26,P031,Stationery,School Bags,501.0,Summer,0
2021-05-03,P031,Stationery,School Bags,416.0,Summer,0
2021-05-10,P031,Stationery,School Bags,432.0,Summer,0
2021-05-17,P031,Stationery,School Bags,376.0,Summer,0
2021-05-24,P031,Stationery,School Bags,486.0,Summer,0
2021-05-31,P031,Stationery,School Bags,434.0,Summer,0
2021-06-07,P031,Stationery,School Bags,1711.0,Summer,0
2021-06-14,P031,Stationery,School Bags,1425.0,Summer,0
2021-06-21,P031,Stationery,School Bags,1398.0,Summer,0
2021-06-28,P031,Stationery,School Bags,1380.0,Summer,0
2021-07-05,P031,Stationery,School Bags,470.0,Monsoon,0
2021-07-12,P031,Stationery,School Bags,398.0,Monsoon,0
2021-07-19,P031,Stationery,School Bags,430.0,Monsoon,0
2021-07-26,P031,Stationery,School Bags,409.0,Monsoon,0
2021-08-02,P031,Stationery,School Bags,473.0,Monsoon,0
2021-08-09,P031,Stationery,School Bags,328.0,Monsoon,0
2021-08-16,P031,Stationery,School Bags,460.0,Monsoon,0
2021-08-23,P031,Stationery,School Bags,559.0,Monsoon,0
2021-08-30,P031,Stationery,School Bags,526.0,Monsoon,0
2021-09-06,P031,Stationery,School Bags,402.0,Monsoon,0
2021-09-13,P031,Stationery,School Bags,476.0,Monsoon,0
2021-09-20,P031,Stationery,School Bags,464.0,Monsoon,0
2021-09-27,P031,Stationery,School Bags,541.0,Monsoon,0
2021-10-04,P031,Stationery,School Bags,276.0,Autumn,0
2021-10-11,P031,Stationery,School Bags,518.0,Autumn,0
2021-10-18,P031,Stationery,School Bags,426.0,Autumn,0
2021-10-25,P031,Stationery,School Bags,394.0,Autumn,0
2021-11-01,P031,Stationery,School Bags,1678.0,Autumn,1
2021-11-08,P031,Stationery,School Bags,357.0,Autumn,0
2021-11-15,P031,Stationery,School Bags,403.0,Autumn,0
2021-11-22,P031,Stationery,School Bags,372.0,Autumn,0
2021-11-29,P031,Stationery,School Bags,456.0,Autumn,0
2021-12-06,P031,Stationery,School Bags,483.0,Winter,0
2021-12-13,P031,Stationery,School Bags,426.0,Winter,0
2021-12-20,P031,Stationery,School Bags,543.0,Winter,0
2021-12-27,P031,Stationery,School Bags,407.0,Winter,0
2022-01-03,P031,Stationery,School Bags,440.0,Winter,0
2022-01-10,P031,Stationery,School Bags,429.0,Winter,0
2022-01-17,P031,Stationery,School Bags,503.0,Winter,0
2022-01-24,P031,Stationery,School Bags,510.0,Winter,0
2022-01-31,P031,Stationery,School Bags,496.0,Winter,0
2022-02-07,P031,Stationery,School Bags,453.0,Winter,0
2022-02-14,P031,Stationery,School Bags,368.0,Winter,0
2022-02-21,P031,Stationery,School Bags,439.0,Winter,0
2022-02-28,P031,Stationery,School Bags,564.0,Winter,0
2022-03-07,P031,Stationery,School Bags,531.0,Summer,0
2022-03-14,P031,Stationery,School Bags,482.0,Summer,0
2022-03-21,P031,Stationery,School Bags,435.0,Summer,0
2022-03-28,P031,Stationery,School Bags,460.0,Summer,0
2022-04-04,P031,Stationery,School Bags,435.0,Summer,0
2022-04-11,P031,Stationery,School Bags,544.0,Summer,0
2022-04-18,P031,Stationery,School Bags,403.0,Summer,0
2022-04-25,P031,Stationery,School Bags,525.0,Summer,0
2022-05-02,P031,Stationery,School Bags,425.0,Summer,0
2022-05-09,P031,Stationery,School Bags,553.0,Summer,0
2022-05-16,P031,Stationery,School Bags,491.0,Summer,0
2022-05-23,P031,Stationery,School Bags,409.0,Summer,0
2022-05-30,P031,Stationery,School Bags,440.0,Summer,0
2022-06-06,P031,Stationery,School Bags,1788.0,Summer,0
2022-06-13,P031,Stationery,School Bags,1495.0,Summer,0
2022-06-20,P031,Stationery,School Bags,1621.0,Summer,0
2022-06-27,P031,Stationery,School Bags,1491.0,Summer,0
2022-07-04,P031,Stationery,School Bags,583.0,Monsoon,0
2022-07-11,P031,Stationery,School Bags,595.0,Monsoon,0
2022-07-18,P031,Stationery,School Bags,563.0,Monsoon,0
2022-07-25,P031,Stationery,School Bags,453.0,Monsoon,0
2022-08-01,P031,Stationery,School Bags,433.0,Monsoon,0
2022-08-08,P031,Stationery,School Bags,407.0,Monsoon,0
2022-08-15,P031,Stationery,School Bags,568.0,Monsoon,0
2022-08-22,P031,Stationery,School Bags,526.0,Monsoon,0
2022-08-29,P031,Stationery,School Bags,529.0,Monsoon,0
2022-09-05,P031,Stationery,School Bags,444.0,Monsoon,0
2022-09-12,P031,Stationery,School Bags,340.0,Monsoon,0
2022-09-19,P031,Stationery,School Bags,355.0,Monsoon,0
2022-09-26,P031,Stationery,School Bags,465.0,Monsoon,0
2022-10-03,P031,Stationery,School Bags,425.0,Autumn,0
2022-10-10,P031,Stationery,School Bags,417.0,Autumn,0
2022-10-17,P031,Stationery,School Bags,485.0,Autumn,0
2022-10-24,P031,Stationery,School Bags,2825.0,Autumn,1
2022-10-31,P031,Stationery,School Bags,413.0,Autumn,0
2022-11-07,P031,Stationery,School Bags,371.0,Autumn,0
2022-11-14,P031,Stationery,School Bags,414.0,Autumn,0
2022-11-21,P031,Stationery,School Bags,389.0,Autumn,0
2022-11-28,P031,Stationery,School Bags,502.0,Autumn,0
2022-12-05,P031,Stationery,School Bags,461.0,Winter,0
2022-12-12,P031,Stationery,School Bags,592.0,Winter,0
2022-12-19,P031,Stationery,School Bags,512.0,Winter,0
2022-12-26,P031,Stationery,School Bags,587.0,Winter,0
2023-01-02,P031,Stationery,School Bags,378.0,Winter,0
2023-01-09,P031,Stationery,School Bags,245.0,Winter,0
2023-01-16,P031,Stationery,School Bags,496.0,Winter,0
2023-01-23,P031,Stationery,School Bags,488.0,Winter,0
2023-01-30,P031,Stationery,School Bags,470.0,Winter,0
2023-02-06,P031,Stationery,School Bags,486.0,Winter,0
2023-02-13,P031,Stationery,School Bags,398.0,Winter,0
2023-02-20,P031,Stationery,School Bags,520.0,Winter,0
2023-02-27,P031,Stationery,School Bags,532.0,Winter,0
2023-03-06,P031,Stationery,School Bags,393.0,Summer,0
2023-03-13,P031,Stationery,School Bags,454.0,Summer,0
2023-03-20,P031,Stationery,School Bags,458.0,Summer,0
2023-03-27,P031,Stationery,School Bags,431.0,Summer,0
2023-04-03,P031,Stationery,School Bags,396.0,Summer,0
2023-04-10,P031,Stationery,School Bags,480.0,Summer,0
2023-04-17,P031,Stationery,School Bags,498.0,Summer,0
2023-04-24,P031,Stationery,School Bags,435.0,Summer,0
2023-05-01,P031,Stationery,School Bags,401.0,Summer,0
2023-05-08,P031,Stationery,School Bags,509.0,Summer,0
2023-05-15,P031,Stationery,School Bags,424.0,Summer,0
2023-05-22,P031,Stationery,School Bags,457.0,Summer,0
2023-05-29,P031,Stationery,School Bags,448.0,Summer,0
2023-06-05,P031,Stationery,School Bags,1991.0,Summer,0
2023-06-12,P031,Stationery,School Bags,1496.0,Summer,0
2023-06-19,P031,Stationery,School Bags,2112.0,Summer,0
2023-06-26,P031,Stationery,School Bags,1867.0,Summer,0
2023-07-03,P031,Stationery,School Bags,610.0,Monsoon,0
2023-07-10,P031,Stationery,School Bags,527.0,Monsoon,0
2023-07-17,P031,Stationery,School Bags,463.0,Monsoon,0
2023-07-24,P031,Stationery,School Bags,413.0,Monsoon,0
2023-07-31,P031,Stationery,School Bags,453.0,Monsoon,0
2023-08-07,P031,Stationery,School Bags,586.0,Monsoon,0
2023-08-14,P031,Stationery,School Bags,476.0,Monsoon,0
2023-08-21,P031,Stationery,School Bags,527.0,Monsoon,0
2023-08-28,P031,Stationery,School Bags,494.0,Monsoon,0
2023-09-04,P031,Stationery,School Bags,497.0,Monsoon,0
2023-09-11,P031,Stationery,School Bags,500.0,Monsoon,0
2023-09-18,P031,Stationery,School Bags,515.0,Monsoon,0
2023-09-25,P031,Stationery,School Bags,420.0,Monsoon,0
2023-10-02,P031,Stationery,School Bags,459.0,Autumn,0
2023-10-09,P031,Stationery,School Bags,501.0,Autumn,0
2023-10-16,P031,Stationery,School Bags,491.0,Autumn,0
2023-10-23,P031,Stationery,School Bags,446.0,Autumn,0
2023-10-30,P031,Stationery,School Bags,509.0,Autumn,0
2023-11-06,P031,Stationery,School Bags,2085.0,Autumn,1
2023-11-13,P031,Stationery,School Bags,391.0,Autumn,0
2023-11-20,P031,Stationery,School Bags,500.0,Autumn,0
2023-11-27,P031,Stationery,School Bags,393.0,Autumn,0
2023-12-04,P031,Stationery,School Bags,499.0,Winter,0
2023-12-11,P031,Stationery,School Bags,338.0,Winter,0
2023-12-18,P031,Stationery,School Bags,427.0,Winter,0
2023-12-25,P031,Stationery,School Bags,455.0,Winter,0
2024-01-01,P031,Stationery,School Bags,377.0,Winter,0
2024-01-08,P031,Stationery,School Bags,469.0,Winter,0
2024-01-15,P031,Stationery,School Bags,585.0,Winter,0
2024-01-22,P031,Stationery,School Bags,402.0,Winter,0
2024-01-29,P031,Stationery,School Bags,471.0,Winter,0
2024-02-05,P031,Stationery,School Bags,624.0,Winter,0
2024-02-12,P031,Stationery,School Bags,418.0,Winter,0
2024-02-19,P031,Stationery,School Bags,601.0,Winter,0
2024-02-26,P031,Stationery,School Bags,476.0,Winter,0
2024-03-04,P031,Stationery,School Bags,504.0,Summer,0
2024-03-11,P031,Stationery,School Bags,593.0,Summer,0
2024-03-18,P031,Stationery,School Bags,461.0,Summer,0
2024-03-25,P031,Stationery,School Bags,544.0,Summer,0
2024-04-01,P031,Stationery,School Bags,563.0,Summer,0
2024-04-08,P031,Stationery,School Bags,448.0,Summer,0
2024-04-15,P031,Stationery,School Bags,440.0,Summer,0
2024-04-22,P031,Stationery,School Bags,480.0,Summer,0
2024-04-29,P031,Stationery,School Bags,482.0,Summer,0
2024-05-06,P031,Stationery,School Bags,416.0,Summer,0
2024-05-13,P031,Stationery,School Bags,449.0,Summer,0
2024-05-20,P031,Stationery,School Bags,238.0,Summer,0
2024-05-27,P031,Stationery,School Bags,472.0,Summer,0
2024-06-03,P031,Stationery,School Bags,1973.0,Summer,0
2024-06-10,P031,Stationery,School Bags,1305.0,Summer,0
2024-06-17,P031,Stationery,School Bags,1619.0,Summer,0
2024-06-24,P031,Stationery,School Bags,2378.0,Summer,0
2024-07-01,P031,Stationery,School Bags,495.0,Monsoon,0
2024-07-08,P031,Stationery,School Bags,598.0,Monsoon,0
2024-07-15,P031,Stationery,School Bags,421.0,Monsoon,0
2024-07-22,P031,Stationery,School Bags,530.0,Monsoon,0
2024-07-29,P031,Stationery,School Bags,409.0,Monsoon,0
2024-08-05,P031,Stationery,School Bags,527.0,Monsoon,0
2024-08-12,P031,Stationery,School Bags,560.0,Monsoon,0
2024-08-19,P031,Stationery,School Bags,542.0,Monsoon,0
2024-08-26,P031,Stationery,School Bags,471.0,Monsoon,0
2024-09-02,P031,Stationery,School Bags,517.0,Monsoon,0
2024-09-09,P031,Stationery,School Bags,518.0,Monsoon,0
2024-09-16,P031,Stationery,School Bags,546.0,Monsoon,0
2024-09-23,P031,Stationery,School Bags,488.0,Monsoon,0
2024-09-30,P031,Stationery,School Bags,566.0,Monsoon,0
2024-10-07,P031,Stationery,School Bags,604.0,Autumn,0
2024-10-14,P031,Stationery,School Bags,473.0,Autumn,0
2024-10-21,P031,Stationery,School Bags,500.0,Autumn,0
2024-10-28,P031,Stationery,School Bags,2010.0,Autumn,1
2024-11-04,P031,Stationery,School Bags,522.0,Autumn,0
2024-11-11,P031,Stationery,School Bags,523.0,Autumn,0
2024-11-18,P031,Stationery,School Bags,501.0,Autumn,0
2024-11-25,P031,Stationery,School Bags,507.0,Autumn,0
2024-12-02,P031,Stationery,School Bags,640.0,Winter,0
2024-12-09,P031,Stationery,School Bags,281.0,Winter,0
2024-12-16,P031,Stationery,School Bags,460.0,Winter,0
2024-12-23,P031,Stationery,School Bags,471.0,Winter,0
2021-01-04,P032,Stationery,Stationery Kits,511.0,Winter,0
2021-01-11,P032,Stationery,Stationery Kits,514.0,Winter,0
2021-01-18,P032,Stationery,Stationery Kits,480.0,Winter,0
2021-01-25,P032,Stationery,Stationery Kits,406.0,Winter,0
2021-02-01,P032,Stationery,Stationery Kits,284.0,Winter,0
2021-02-08,P032,Stationery,Stationery Kits,655.0,Winter,0
2021-02-15,P032,Stationery,Stationery Kits,426.0,Winter,0
2021-02-22,P032,Stationery,Stationery Kits,686.0,Winter,0
2021-03-01,P032,Stationery,Stationery Kits,617.0,Summer,0
2021-03-08,P032,Stationery,Stationery Kits,522.0,Summer,0
2021-03-15,P032,Stationery,Stationery Kits,607.0,Summer,0
2021-03-22,P032,Stationery,Stationery Kits,591.0,Summer,0
2021-03-29,P032,Stationery,Stationery Kits,464.0,Summer,0
2021-04-05,P032,Stationery,Stationery Kits,554.0,Summer,0
2021-04-12,P032,Stationery,Stationery Kits,474.0,Summer,0
2021-04-19,P032,Stationery,Stationery Kits,610.0,Summer,0
2021-04-26,P032,Stationery,Stationery Kits,496.0,Summer,0
2021-05-03,P032,Stationery,Stationery Kits,547.0,Summer,0
2021-05-10,P032,Stationery,Stationery Kits,544.0,Summer,0
2021-05-17,P032,Stationery,Stationery Kits,566.0,Summer,0
2021-05-24,P032,Stationery,Stationery Kits,694.0,Summer,0
2021-05-31,P032,Stationery,Stationery Kits,535.0,Summer,0
2021-06-07,P032,Stationery,Stationery Kits,2301.0,Summer,0
2021-06-14,P032,Stationery,Stationery Kits,2086.0,Summer,0
2021-06-21,P032,Stationery,Stationery Kits,2360.0,Summer,0
2021-06-28,P032,Stationery,Stationery Kits,1847.0,Summer,0
2021-07-05,P032,Stationery,Stationery Kits,614.0,Monsoon,0
2021-07-12,P032,Stationery,Stationery Kits,551.0,Monsoon,0
2021-07-19,P032,Stationery,Stationery Kits,306.0,Monsoon,0
2021-07-26,P032,Stationery,Stationery Kits,465.0,Monsoon,0
2021-08-02,P032,Stationery,Stationery Kits,604.0,Monsoon,0
2021-08-09,P032,Stationery,Stationery Kits,599.0,Monsoon,0
2021-08-16,P032,Stationery,Stationery Kits,447.0,Monsoon,0
2021-08-23,P032,Stationery,Stationery Kits,574.0,Monsoon,0
2021-08-30,P032,Stationery,Stationery Kits,597.0,Monsoon,0
2021-09-06,P032,Stationery,Stationery Kits,553.0,Monsoon,0
2021-09-13,P032,Stationery,Stationery Kits,616.0,Monsoon,0
2021-09-20,P032,Stationery,Stationery Kits,605.0,Monsoon,0
2021-09-27,P032,Stationery,Stationery Kits,553.0,Monsoon,0
2021-10-04,P032,Stationery,Stationery Kits,513.0,Autumn,0
2021-10-11,P032,Stationery,Stationery Kits,642.0,Autumn,0
2021-10-18,P032,Stationery,Stationery Kits,594.0,Autumn,0
2021-10-25,P032,Stationery,Stationery Kits,440.0,Autumn,0
2021-11-01,P032,Stationery,Stationery Kits,2455.0,Autumn,1
2021-11-08,P032,Stationery,Stationery Kits,460.0,Autumn,0
2021-11-15,P032,Stationery,Stationery Kits,475.0,Autumn,0
2021-11-22,P032,Stationery,Stationery Kits,501.0,Autumn,0
2021-11-29,P032,Stationery,Stationery Kits,559.0,Autumn,0
2021-12-06,P032,Stationery,Stationery Kits,587.0,Winter,0
2021-12-13,P032,Stationery,Stationery Kits,521.0,Winter,0
2021-12-20,P032,Stationery,Stationery Kits,525.0,Winter,0
2021-12-27,P032,Stationery,Stationery Kits,514.0,Winter,0
2022-01-03,P032,Stationery,Stationery Kits,669.0,Winter,0
2022-01-10,P032,Stationery,Stationery Kits,330.0,Winter,0
2022-01-17,P032,Stationery,Stationery Kits,551.0,Winter,0
2022-01-24,P032,Stationery,Stationery Kits,712.0,Winter,0
2022-01-31,P032,Stationery,Stationery Kits,623.0,Winter,0
2022-02-07,P032,Stationery,Stationery Kits,688.0,Winter,0
2022-02-14,P032,Stationery,Stationery Kits,401.0,Winter,0
2022-02-21,P032,Stationery,Stationery Kits,470.0,Winter,0
2022-02-28,P032,Stationery,Stationery Kits,622.0,Winter,0
2022-03-07,P032,Stationery,Stationery Kits,712.0,Summer,0
2022-03-14,P032,Stationery,Stationery Kits,479.0,Summer,0
2022-03-21,P032,Stationery,Stationery Kits,544.0,Summer,0
2022-03-28,P032,Stationery,Stationery Kits,613.0,Summer,0
2022-04-04,P032,Stationery,Stationery Kits,452.0,Summer,0
2022-04-11,P032,Stationery,Stationery Kits,623.0,Summer,0
2022-04-18,P032,Stationery,Stationery Kits,346.0,Summer,0
2022-04-25,P032,Stationery,Stationery Kits,620.0,Summer,0
2022-05-02,P032,Stationery,Stationery Kits,491.0,Summer,0
2022-05-09,P032,Stationery,Stationery Kits,539.0,Summer,0
2022-05-16,P032,Stationery,Stationery Kits,634.0,Summer,0
2022-05-23,P032,Stationery,Stationery Kits,617.0,Summer,0
2022-05-30,P032,Stationery,Stationery Kits,577.0,Summer,0
2022-06-06,P032,Stationery,Stationery Kits,2318.0,Summer,0
2022-06-13,P032,Stationery,Stationery Kits,1507.0,Summer,0
2022-06-20,P032,Stationery,Stationery Kits,2085.0,Summer,0
2022-06-27,P032,Stationery,Stationery Kits,1783.0,Summer,0
2022-07-04,P032,Stationery,Stationery Kits,657.0,Monsoon,0
2022-07-11,P032,Stationery,Stationery Kits,637.0,Monsoon,0
2022-07-18,P032,Stationery,Stationery Kits,640.0,Monsoon,0
2022-07-25,P032,Stationery,Stationery Kits,720.0,Monsoon,0
2022-08-01,P032,Stationery,Stationery Kits,675.0,Monsoon,0
2022-08-08,P032,Stationery,Stationery Kits,564.0,Monsoon,0
2022-08-15,P032,Stationery,Stationery Kits,578.0,Monsoon,0
2022-08-22,P032,Stationery,Stationery Kits,630.0,Monsoon,0
2022-08-29,P032,Stationery,Stationery Kits,590.0,Monsoon,0
2022-09-05,P032,Stationery,Stationery Kits,639.0,Monsoon,0
2022-09-12,P032,Stationery,Stationery Kits,384.0,Monsoon,0
2022-09-19,P032,Stationery,Stationery Kits,741.0,Monsoon,0
2022-09-26,P032,Stationery,Stationery Kits,583.0,Monsoon,0
2022-10-03,P032,Stationery,Stationery Kits,437.0,Autumn,0
2022-10-10,P032,Stationery,Stationery Kits,498.0,Autumn,0
2022-10-17,P032,Stationery,Stationery Kits,393.0,Autumn,0
2022-10-24,P032,Stationery,Stationery Kits,2568.0,Autumn,1
2022-10-31,P032,Stationery,Stationery Kits,565.0,Autumn,0
2022-11-07,P032,Stationery,Stationery Kits,709.0,Autumn,0
2022-11-14,P032,Stationery,Stationery Kits,613.0,Autumn,0
2022-11-21,P032,Stationery,Stationery Kits,598.0,Autumn,0
2022-11-28,P032,Stationery,Stationery Kits,479.0,Autumn,0
2022-12-05,P032,Stationery,Stationery Kits,506.0,Winter,0
2022-12-12,P032,Stationery,Stationery Kits,513.0,Winter,0
2022-12-19,P032,Stationery,Stationery Kits,516.0,Winter,0
2022-12-26,P032,Stationery,Stationery Kits,547.0,Winter,0
2023-01-02,P032,Stationery,Stationery Kits,575.0,Winter,0
2023-01-09,P032,Stationery,Stationery Kits,569.0,Winter,0
2023-01-16,P032,Stationery,Stationery Kits,540.0,Winter,0
2023-01-23,P032,Stationery,Stationery Kits,612.0,Winter,0
2023-01-30,P032,Stationery,Stationery Kits,572.0,Winter,0
2023-02-06,P032,Stationery,Stationery Kits,456.0,Winter,0
2023-02-13,P032,Stationery,Stationery Kits,603.0,Winter,0
2023-02-20,P032,Stationery,Stationery Kits,589.0,Winter,0
2023-02-27,P032,Stationery,Stationery Kits,458.0,Winter,0
2023-03-06,P032,Stationery,Stationery Kits,547.0,Summer,0
2023-03-13,P032,Stationery,Stationery Kits,654.0,Summer,0
2023-03-20,P032,Stationery,Stationery Kits,498.0,Summer,0
2023-03-27,P032,Stationery,Stationery Kits,488.0,Summer,0
2023-04-03,P032,Stationery,Stationery Kits,571.0,Summer,0
2023-04-10,P032,Stationery,Stationery Kits,656.0,Summer,0
2023-04-17,P032,Stationery,Stationery Kits,763.0,Summer,0
2023-04-24,P032,Stationery,Stationery Kits,659.0,Summer,0
2023-05-01,P032,Stationery,Stationery Kits,698.0,Summer,0
2023-05-08,P032,Stationery,Stationery Kits,631.0,Summer,0
2023-05-15,P032,Stationery,Stationery Kits,538.0,Summer,0
2023-05-22,P032,Stationery,Stationery Kits,659.0,Summer,0
2023-05-29,P032,Stationery,Stationery Kits,592.0,Summer,0
2023-06-05,P032,Stationery,Stationery Kits,2220.0,Summer,0
2023-06-12,P032,Stationery,Stationery Kits,1803.0,Summer,0
2023-06-19,P032,Stationery,Stationery Kits,2248.0,Summer,0
2023-06-26,P032,Stationery,Stationery Kits,2063.0,Summer,0
2023-07-03,P032,Stationery,Stationery Kits,621.0,Monsoon,0
2023-07-10,P032,Stationery,Stationery Kits,592.0,Monsoon,0
2023-07-17,P032,Stationery,Stationery Kits,575.0,Monsoon,0
2023-07-24,P032,Stationery,Stationery Kits,644.0,Monsoon,0
2023-07-31,P032,Stationery,Stationery Kits,563.0,Monsoon,0
2023-08-07,P032,Stationery,Stationery Kits,457.0,Monsoon,0
2023-08-14,P032,Stationery,Stationery Kits,431.0,Monsoon,0
2023-08-21,P032,Stationery,Stationery Kits,617.0,Monsoon,0
2023-08-28,P032,Stationery,Stationery Kits,560.0,Monsoon,0
2023-09-04,P032,Stationery,Stationery Kits,444.0,Monsoon,0
2023-09-11,P032,Stationery,Stationery Kits,610.0,Monsoon,0
2023-09-18,P032,Stationery,Stationery Kits,592.0,Monsoon,0
2023-09-25,P032,Stationery,Stationery Kits,555.0,Monsoon,0
2023-10-02,P032,Stationery,Stationery Kits,622.0,Autumn,0
2023-10-09,P032,Stationery,Stationery Kits,718.0,Autumn,0
2023-10-16,P032,Stationery,Stationery Kits,716.0,Autumn,0
2023-10-23,P032,Stationery,Stationery Kits,613.0,Autumn,0
2023-10-30,P032,Stationery,Stationery Kits,592.0,Autumn,0
2023-11-06,P032,Stationery,Stationery Kits,3022.0,Autumn,1
2023-11-13,P032,Stationery,Stationery Kits,628.0,Autumn,0
2023-11-20,P032,Stationery,Stationery Kits,576.0,Autumn,0
2023-11-27,P032,Stationery,Stationery Kits,616.0,Autumn,0
2023-12-04,P032,Stationery,Stationery Kits,458.0,Winter,0
2023-12-11,P032,Stationery,Stationery Kits,607.0,Winter,0
2023-12-18,P032,Stationery,Stationery Kits,643.0,Winter,0
2023-12-25,P032,Stationery,Stationery Kits,556.0,Winter,0
2024-01-01,P032,Stationery,Stationery Kits,613.0,Winter,0
2024-01-08,P032,Stationery,Stationery Kits,518.0,Winter,0
2024-01-15,P032,Stationery,Stationery Kits,505.0,Winter,0
2024-01-22,P032,Stationery,Stationery Kits,642.0,Winter,0
2024-01-29,P032,Stationery,Stationery Kits,554.0,Winter,0
2024-02-05,P032,Stationery,Stationery Kits,456.0,Winter,0
2024-02-12,P032,Stationery,Stationery Kits,518.0,Winter,0
2024-02-19,P032,Stationery,Stationery Kits,532.0,Winter,0
2024-02-26,P032,Stationery,Stationery Kits,695.0,Winter,0
2024-03-04,P032,Stationery,Stationery Kits,639.0,Summer,0
2024-03-11,P032,Stationery,Stationery Kits,541.0,Summer,0
2024-03-18,P032,Stationery,Stationery Kits,567.0,Summer,0
2024-03-25,P032,Stationery,Stationery Kits,745.0,Summer,0
2024-04-01,P032,Stationery,Stationery Kits,710.0,Summer,0
2024-04-08,P032,Stationery,Stationery Kits,518.0,Summer,0
2024-04-15,P032,Stationery,Stationery Kits,731.0,Summer,0
2024-04-22,P032,Stationery,Stationery Kits,615.0,Summer,0
2024-04-29,P032,Stationery,Stationery Kits,697.0,Summer,0
2024-05-06,P032,Stationery,Stationery Kits,607.0,Summer,0
2024-05-13,P032,Stationery,Stationery Kits,733.0,Summer,0
2024-05-20,P032,Stationery,Stationery Kits,514.0,Summer,0
2024-05-27,P032,Stationery,Stationery Kits,598.0,Summer,0
2024-06-03,P032,Stationery,Stationery Kits,2577.0,Summer,0
2024-06-10,P032,Stationery,Stationery Kits,1397.0,Summer,0
2024-06-17,P032,Stationery,Stationery Kits,2164.0,Summer,0
2024-06-24,P032,Stationery,Stationery Kits,2050.0,Summer,0
2024-07-01,P032,Stationery,Stationery Kits,686.0,Monsoon,0
2024-07-08,P032,Stationery,Stationery Kits,722.0,Monsoon,0
2024-07-15,P032,Stationery,Stationery Kits,690.0,Monsoon,0
2024-07-22,P032,Stationery,Stationery Kits,645.0,Monsoon,0
2024-07-29,P032,Stationery,Stationery Kits,626.0,Monsoon,0
2024-08-05,P032,Stationery,Stationery Kits,590.0,Monsoon,0
2024-08-12,P032,Stationery,Stationery Kits,642.0,Monsoon,0
2024-08-19,P032,Stationery,Stationery Kits,759.0,Monsoon,0
2024-08-26,P032,Stationery,Stationery Kits,545.0,Monsoon,0
2024-09-02,P032,Stationery,Stationery Kits,585.0,Monsoon,0
2024-09-09,P032,Stationery,Stationery Kits,615.0,Monsoon,0
2024-09-16,P032,Stationery,Stationery Kits,716.0,Monsoon,0
2024-09-23,P032,Stationery,Stationery Kits,643.0,Monsoon,0
2024-09-30,P032,Stationery,Stationery Kits,714.0,Monsoon,0
2024-10-07,P032,Stationery,Stationery Kits,719.0,Autumn,0
2024-10-14,P032,Stationery,Stationery Kits,678.0,Autumn,0
2024-10-21,P032,Stationery,Stationery Kits,523.0,Autumn,0
2024-10-28,P032,Stationery,Stationery Kits,3638.0,Autumn,1
2024-11-04,P032,Stationery,Stationery Kits,754.0,Autumn,0
2024-11-11,P032,Stationery,Stationery Kits,628.0,Autumn,0
2024-11-18,P032,Stationery,Stationery Kits,493.0,Autumn,0
2024-11-25,P032,Stationery,Stationery Kits,476.0,Autumn,0
2024-12-02,P032,Stationery,Stationery Kits,646.0,Winter,0
2024-12-09,P032,Stationery,Stationery Kits,557.0,Winter,0
2024-12-16,P032,Stationery,Stationery Kits,462.0,Winter,0
2024-12-23,P032,Stationery,Stationery Kits,475.0,Winter,0
2021-01-04,P033,Other,Lunch Box,218.0,Winter,0
2021-01-11,P033,Other,Lunch Box,277.0,Winter,0
2021-01-18,P033,Other,Lunch Box,206.0,Winter,0
2021-01-25,P033,Other,Lunch Box,271.0,Winter,0
2021-02-01,P033,Other,Lunch Box,255.0,Winter,0
2021-02-08,P033,Other,Lunch Box,338.0,Winter,0
2021-02-15,P033,Other,Lunch Box,299.0,Winter,0
2021-02-22,P033,Other,Lunch Box,355.0,Winter,0
2021-03-01,P033,Other,Lunch Box,351.0,Summer,0
2021-03-08,P033,Other,Lunch Box,322.0,Summer,0
2021-03-15,P033,Other,Lunch Box,262.0,Summer,0
2021-03-22,P033,Other,Lunch Box,272.0,Summer,0
2021-03-29,P033,Other,Lunch Box,385.0,Summer,0
2021-04-05,P033,Other,Lunch Box,370.0,Summer,0
2021-04-12,P033,Other,Lunch Box,322.0,Summer,0
2021-04-19,P033,Other,Lunch Box,325.0,Summer,0
2021-04-26,P033,Other,Lunch Box,389.0,Summer,0
2021-05-03,P033,Other,Lunch Box,361.0,Summer,0
2021-05-10,P033,Other,Lunch Box,368.0,Summer,0
2021-05-17,P033,Other,Lunch Box,493.0,Summer,0
2021-05-24,P033,Other,Lunch Box,370.0,Summer,0
2021-05-31,P033,Other,Lunch Box,414.0,Summer,0
2021-06-07,P033,Other,Lunch Box,1273.0,Summer,0
2021-06-14,P033,Other,Lunch Box,1404.0,Summer,0
2021-06-21,P033,Other,Lunch Box,1806.0,Summer,0
2021-06-28,P033,Other,Lunch Box,1336.0,Summer,0
2021-07-05,P033,Other,Lunch Box,486.0,Monsoon,0
2021-07-12,P033,Other,Lunch Box,575.0,Monsoon,0
2021-07-19,P033,Other,Lunch Box,403.0,Monsoon,0
2021-07-26,P033,Other,Lunch Box,378.0,Monsoon,0
2021-08-02,P033,Other,Lunch Box,520.0,Monsoon,0
2021-08-09,P033,Other,Lunch Box,571.0,Monsoon,0
2021-08-16,P033,Other,Lunch Box,412.0,Monsoon,0
2021-08-23,P033,Other,Lunch Box,375.0,Monsoon,0
2021-08-30,P033,Other,Lunch Box,514.0,Monsoon,0
2021-09-06,P033,Other,Lunch Box,501.0,Monsoon,0
2021-09-13,P033,Other,Lunch Box,619.0,Monsoon,0
2021-09-20,P033,Other,Lunch Box,509.0,Monsoon,0
2021-09-27,P033,Other,Lunch Box,458.0,Monsoon,0
2021-10-04,P033,Other,Lunch Box,781.0,Autumn,0
2021-10-11,P033,Other,Lunch Box,715.0,Autumn,0
2021-10-18,P033,Other,Lunch Box,805.0,Autumn,0
2021-10-25,P033,Other,Lunch Box,721.0,Autumn,0
2021-11-01,P033,Other,Lunch Box,3557.0,Autumn,1
2021-11-08,P033,Other,Lunch Box,703.0,Autumn,0
2021-11-15,P033,Other,Lunch Box,782.0,Autumn,0
2021-11-22,P033,Other,Lunch Box,1047.0,Autumn,0
2021-11-29,P033,Other,Lunch Box,655.0,Autumn,0
2021-12-06,P033,Other,Lunch Box,723.0,Winter,0
2021-12-13,P033,Other,Lunch Box,700.0,Winter,0
2021-12-20,P033,Other,Lunch Box,925.0,Winter,0
2021-12-27,P033,Other,Lunch Box,672.0,Winter,0
2022-01-03,P033,Other,Lunch Box,281.0,Winter,0
2022-01-10,P033,Other,Lunch Box,264.0,Winter,0
2022-01-17,P033,Other,Lunch Box,314.0,Winter,0
2022-01-24,P033,Other,Lunch Box,321.0,Winter,0
2022-01-31,P033,Other,Lunch Box,238.0,Winter,0
2022-02-07,P033,Other,Lunch Box,357.0,Winter,0
2022-02-14,P033,Other,Lunch Box,316.0,Winter,0
2022-02-21,P033,Other,Lunch Box,251.0,Winter,0
2022-02-28,P033,Other,Lunch Box,232.0,Winter,0
2022-03-07,P033,Other,Lunch Box,396.0,Summer,0
2022-03-14,P033,Other,Lunch Box,420.0,Summer,0
2022-03-21,P033,Other,Lunch Box,412.0,Summer,0
2022-03-28,P033,Other,Lunch Box,316.0,Summer,0
2022-04-04,P033,Other,Lunch Box,433.0,Summer,0
2022-04-11,P033,Other,Lunch Box,376.0,Summer,0
2022-04-18,P033,Other,Lunch Box,448.0,Summer,0
2022-04-25,P033,Other,Lunch Box,349.0,Summer,0
2022-05-02,P033,Other,Lunch Box,388.0,Summer,0
2022-05-09,P033,Other,Lunch Box,535.0,Summer,0
2022-05-16,P033,Other,Lunch Box,283.0,Summer,0
2022-05-23,P033,Other,Lunch Box,411.0,Summer,0
2022-05-30,P033,Other,Lunch Box,609.0,Summer,0
2022-06-06,P033,Other,Lunch Box,1937.0,Summer,0
2022-06-13,P033,Other,Lunch Box,1721.0,Summer,0
2022-06-20,P033,Other,Lunch Box,1268.0,Summer,0
2022-06-27,P033,Other,Lunch Box,1968.0,Summer,0
2022-07-04,P033,Other,Lunch Box,715.0,Monsoon,0
2022-07-11,P033,Other,Lunch Box,591.0,Monsoon,0
2022-07-18,P033,Other,Lunch Box,436.0,Monsoon,0
2022-07-25,P033,Other,Lunch Box,520.0,Monsoon,0
2022-08-01,P033,Other,Lunch Box,546.0,Monsoon,0
2022-08-08,P033,Other,Lunch Box,414.0,Monsoon,0
2022-08-15,P033,Other,Lunch Box,610.0,Monsoon,0
2022-08-22,P033,Other,Lunch Box,555.0,Monsoon,0
2022-08-29,P033,Other,Lunch Box,408.0,Monsoon,0
2022-09-05,P033,Other,Lunch Box,545.0,Monsoon,0
2022-09-12,P033,Other,Lunch Box,595.0,Monsoon,0
2022-09-19,P033,Other,Lunch Box,540.0,Monsoon,0
2022-09-26,P033,Other,Lunch Box,564.0,Monsoon,0
2022-10-03,P033,Other,Lunch Box,913.0,Autumn,0
2022-10-10,P033,Other,Lunch Box,1262.0,Autumn,0
2022-10-17,P033,Other,Lunch Box,938.0,Autumn,0
2022-10-24,P033,Other,Lunch Box,6696.0,Autumn,1
2022-10-31,P033,Other,Lunch Box,865.0,Autumn,0
2022-11-07,P033,Other,Lunch Box,858.0,Autumn,0
2022-11-14,P033,Other,Lunch Box,688.0,Autumn,0
2022-11-21,P033,Other,Lunch Box,996.0,Autumn,0
2022-11-28,P033,Other,Lunch Box,709.0,Autumn,0
2022-12-05,P033,Other,Lunch Box,936.0,Winter,0
2022-12-12,P033,Other,Lunch Box,606.0,Winter,0
2022-12-19,P033,Other,Lunch Box,718.0,Winter,0
2022-12-26,P033,Other,Lunch Box,575.0,Winter,0
2023-01-02,P033,Other,Lunch Box,322.0,Winter,0
2023-01-09,P033,Other,Lunch Box,297.0,Winter,0
2023-01-16,P033,Other,Lunch Box,244.0,Winter,0
2023-01-23,P033,Other,Lunch Box,286.0,Winter,0
2023-01-30,P033,Other,Lunch Box,324.0,Winter,0
2023-02-06,P033,Other,Lunch Box,389.0,Winter,0
2023-02-13,P033,Other,Lunch Box,211.0,Winter,0
2023-02-20,P033,Other,Lunch Box,340.0,Winter,0
2023-02-27,P033,Other,Lunch Box,437.0,Winter,0
2023-03-06,P033,Other,Lunch Box,381.0,Summer,0
2023-03-13,P033,Other,Lunch Box,419.0,Summer,0
2023-03-20,P033,Other,Lunch Box,396.0,Summer,0
2023-03-27,P033,Other,Lunch Box,300.0,Summer,0
2023-04-03,P033,Other,Lunch Box,491.0,Summer,0
2023-04-10,P033,Other,Lunch Box,436.0,Summer,0
2023-04-17,P033,Other,Lunch Box,596.0,Summer,0
2023-04-24,P033,Other,Lunch Box,490.0,Summer,0
2023-05-01,P033,Other,Lunch Box,560.0,Summer,0
2023-05-08,P033,Other,Lunch Box,460.0,Summer,0
2023-05-15,P033,Other,Lunch Box,504.0,Summer,0
2023-05-22,P033,Other,Lunch Box,402.0,Summer,0
2023-05-29,P033,Other,Lunch Box,392.0,Summer,0
2023-06-05,P033,Other,Lunch Box,1875.0,Summer,0
2023-06-12,P033,Other,Lunch Box,2061.0,Summer,0
2023-06-19,P033,Other,Lunch Box,2006.0,Summer,0
2023-06-26,P033,Other,Lunch Box,1901.0,Summer,0
2023-07-03,P033,Other,Lunch Box,616.0,Monsoon,0
2023-07-10,P033,Other,Lunch Box,672.0,Monsoon,0
2023-07-17,P033,Other,Lunch Box,551.0,Monsoon,0
2023-07-24,P033,Other,Lunch Box,490.0,Monsoon,0
2023-07-31,P033,Other,Lunch Box,457.0,Monsoon,0
2023-08-07,P033,Other,Lunch Box,539.0,Monsoon,0
2023-08-14,P033,Other,Lunch Box,491.0,Monsoon,0
2023-08-21,P033,Other,Lunch Box,701.0,Monsoon,0
2023-08-28,P033,Other,Lunch Box,302.0,Monsoon,0
2023-09-04,P033,Other,Lunch Box,444.0,Monsoon,0
2023-09-11,P033,Other,Lunch Box,587.0,Monsoon,0
2023-09-18,P033,Other,Lunch Box,439.0,Monsoon,0
2023-09-25,P033,Other,Lunch Box,481.0,Monsoon,0
2023-10-02,P033,Other,Lunch Box,828.0,Autumn,0
2023-10-09,P033,Other,Lunch Box,905.0,Autumn,0
2023-10-16,P033,Other,Lunch Box,749.0,Autumn,0
2023-10-23,P033,Other,Lunch Box,1040.0,Autumn,0
2023-10-30,P033,Other,Lunch Box,1038.0,Autumn,0
2023-11-06,P033,Other,Lunch Box,4712.0,Autumn,1
2023-11-13,P033,Other,Lunch Box,981.0,Autumn,0
2023-11-20,P033,Other,Lunch Box,1202.0,Autumn,0
2023-11-27,P033,Other,Lunch Box,1047.0,Autumn,0
2023-12-04,P033,Other,Lunch Box,882.0,Winter,0
2023-12-11,P033,Other,Lunch Box,688.0,Winter,0
2023-12-18,P033,Other,Lunch Box,657.0,Winter,0
2023-12-25,P033,Other,Lunch Box,852.0,Winter,0
2024-01-01,P033,Other,Lunch Box,288.0,Winter,0
2024-01-08,P033,Other,Lunch Box,258.0,Winter,0
2024-01-15,P033,Other,Lunch Box,300.0,Winter,0
2024-01-22,P033,Other,Lunch Box,417.0,Winter,0
2024-01-29,P033,Other,Lunch Box,309.0,Winter,0
2024-02-05,P033,Other,Lunch Box,291.0,Winter,0
2024-02-12,P033,Other,Lunch Box,310.0,Winter,0
2024-02-19,P033,Other,Lunch Box,337.0,Winter,0
2024-02-26,P033,Other,Lunch Box,363.0,Winter,0
2024-03-04,P033,Other,Lunch Box,297.0,Summer,0
2024-03-11,P033,Other,Lunch Box,434.0,Summer,0
2024-03-18,P033,Other,Lunch Box,289.0,Summer,0
2024-03-25,P033,Other,Lunch Box,362.0,Summer,0
2024-04-01,P033,Other,Lunch Box,457.0,Summer,0
2024-04-08,P033,Other,Lunch Box,604.0,Summer,0
2024-04-15,P033,Other,Lunch Box,446.0,Summer,0
2024-04-22,P033,Other,Lunch Box,383.0,Summer,0
2024-04-29,P033,Other,Lunch Box,410.0,Summer,0
2024-05-06,P033,Other,Lunch Box,515.0,Summer,0
2024-05-13,P033,Other,Lunch Box,394.0,Summer,0
2024-05-20,P033,Other,Lunch Box,451.0,Summer,0
2024-05-27,P033,Other,Lunch Box,399.0,Summer,0
2024-06-03,P033,Other,Lunch Box,1339.0,Summer,0
2024-06-10,P033,Other,Lunch Box,1846.0,Summer,0
2024-06-17,P033,Other,Lunch Box,1392.0,Summer,0
2024-06-24,P033,Other,Lunch Box,1208.0,Summer,0
2024-07-01,P033,Other,Lunch Box,500.0,Monsoon,0
2024-07-08,P033,Other,Lunch Box,533.0,Monsoon,0
2024-07-15,P033,Other,Lunch Box,520.0,Monsoon,0
2024-07-22,P033,Other,Lunch Box,538.0,Monsoon,0
2024-07-29,P033,Other,Lunch Box,740.0,Monsoon,0
2024-08-05,P033,Other,Lunch Box,535.0,Monsoon,0
2024-08-12,P033,Other,Lunch Box,413.0,Monsoon,0
2024-08-19,P033,Other,Lunch Box,501.0,Monsoon,0
2024-08-26,P033,Other,Lunch Box,557.0,Monsoon,0
2024-09-02,P033,Other,Lunch Box,528.0,Monsoon,0
2024-09-09,P033,Other,Lunch Box,476.0,Monsoon,0
2024-09-16,P033,Other,Lunch Box,549.0,Monsoon,0
2024-09-23,P033,Other,Lunch Box,595.0,Monsoon,0
2024-09-30,P033,Other,Lunch Box,797.0,Monsoon,0
2024-10-07,P033,Other,Lunch Box,799.0,Autumn,0
2024-10-14,P033,Other,Lunch Box,1037.0,Autumn,0
2024-10-21,P033,Other,Lunch Box,1192.0,Autumn,0
2024-10-28,P033,Other,Lunch Box,4654.0,Autumn,1
2024-11-04,P033,Other,Lunch Box,789.0,Autumn,0
2024-11-11,P033,Other,Lunch Box,864.0,Autumn,0
2024-11-18,P033,Other,Lunch Box,757.0,Autumn,0
2024-11-25,P033,Other,Lunch Box,827.0,Autumn,0
2024-12-02,P033,Other,Lunch Box,964.0,Winter,0
2024-12-09,P033,Other,Lunch Box,925.0,Winter,0
2024-12-16,P033,Other,Lunch Box,566.0,Winter,0
2024-12-23,P033,Other,Lunch Box,891.0,Winter,0
2021-01-04,P034,Other,Toys,96.0,Winter,0
2021-01-11,P034,Other,Toys,143.0,Winter,0
2021-01-18,P034,Other,Toys,91.0,Winter,0
2021-01-25,P034,Other,Toys,151.0,Winter,0
2021-02-01,P034,Other,Toys,123.0,Winter,0
2021-02-08,P034,Other,Toys,152.0,Winter,0
2021-02-15,P034,Other,Toys,93.0,Winter,0
2021-02-22,P034,Other,Toys,142.0,Winter,0
2021-03-01,P034,Other,Toys,123.0,Summer,0
2021-03-08,P034,Other,Toys,122.0,Summer,0
2021-03-15,P034,Other,Toys,131.0,Summer,0
2021-03-22,P034,Other,Toys,110.0,Summer,0
2021-03-29,P034,Other,Toys,149.0,Summer,0
2021-04-05,P034,Other,Toys,199.0,Summer,0
2021-04-12,P034,Other,Toys,253.0,Summer,0
2021-04-19,P034,Other,Toys,194.0,Summer,0
2021-04-26,P034,Other,Toys,201.0,Summer,0
2021-05-03,P034,Other,Toys,196.0,Summer,0
2021-05-10,P034,Other,Toys,188.0,Summer,0
2021-05-17,P034,Other,Toys,159.0,Summer,0
2021-05-24,P034,Other,Toys,189.0,Summer,0
2021-05-31,P034,Other,Toys,184.0,Summer,0
2021-06-07,P034,Other,Toys,158.0,Summer,0
2021-06-14,P034,Other,Toys,213.0,Summer,0
2021-06-21,P034,Other,Toys,214.0,Summer,0
2021-06-28,P034,Other,Toys,211.0,Summer,0
2021-07-05,P034,Other,Toys,179.0,Monsoon,0
2021-07-12,P034,Other,Toys,225.0,Monsoon,0
2021-07-19,P034,Other,Toys,275.0,Monsoon,0
2021-07-26,P034,Other,Toys,223.0,Monsoon,0
2021-08-02,P034,Other,Toys,258.0,Monsoon,0
2021-08-09,P034,Other,Toys,243.0,Monsoon,0
2021-08-16,P034,Other,Toys,234.0,Monsoon,0
2021-08-23,P034,Other,Toys,263.0,Monsoon,0
2021-08-30,P034,Other,Toys,277.0,Monsoon,0
2021-09-06,P034,Other,Toys,155.0,Monsoon,0
2021-09-13,P034,Other,Toys,179.0,Monsoon,0
2021-09-20,P034,Other,Toys,290.0,Monsoon,0
2021-09-27,P034,Other,Toys,240.0,Monsoon,0
2021-10-04,P034,Other,Toys,354.0,Autumn,0
2021-10-11,P034,Other,Toys,275.0,Autumn,0
2021-10-18,P034,Other,Toys,344.0,Autumn,0
2021-10-25,P034,Other,Toys,314.0,Autumn,0
2021-11-01,P034,Other,Toys,2003.0,Autumn,1
2021-11-08,P034,Other,Toys,431.0,Autumn,0
2021-11-15,P034,Other,Toys,433.0,Autumn,0
2021-11-22,P034,Other,Toys,508.0,Autumn,0
2021-11-29,P034,Other,Toys,451.0,Autumn,0
2021-12-06,P034,Other,Toys,352.0,Winter,0
2021-12-13,P034,Other,Toys,376.0,Winter,0
2021-12-20,P034,Other,Toys,292.0,Winter,0
2021-12-27,P034,Other,Toys,315.0,Winter,0
2022-01-03,P034,Other,Toys,156.0,Winter,0
2022-01-10,P034,Other,Toys,119.0,Winter,0
2022-01-17,P034,Other,Toys,144.0,Winter,0
2022-01-24,P034,Other,Toys,127.0,Winter,0
2022-01-31,P034,Other,Toys,147.0,Winter,0
2022-02-07,P034,Other,Toys,115.0,Winter,0
2022-02-14,P034,Other,Toys,139.0,Winter,0
2022-02-21,P034,Other,Toys,127.0,Winter,0
2022-02-28,P034,Other,Toys,163.0,Winter,0
2022-03-07,P034,Other,Toys,181.0,Summer,0
2022-03-14,P034,Other,Toys,182.0,Summer,0
2022-03-21,P034,Other,Toys,183.0,Summer,0
2022-03-28,P034,Other,Toys,171.0,Summer,0
2022-04-04,P034,Other,Toys,229.0,Summer,0
2022-04-11,P034,Other,Toys,179.0,Summer,0
2022-04-18,P034,Other,Toys,201.0,Summer,0
2022-04-25,P034,Other,Toys,199.0,Summer,0
2022-05-02,P034,Other,Toys,210.0,Summer,0
2022-05-09,P034,Other,Toys,179.0,Summer,0
2022-05-16,P034,Other,Toys,200.0,Summer,0
2022-05-23,P034,Other,Toys,193.0,Summer,0
2022-05-30,P034,Other,Toys,202.0,Summer,0
2022-06-06,P034,Other,Toys,244.0,Summer,0
2022-06-13,P034,Other,Toys,207.0,Summer,0
2022-06-20,P034,Other,Toys,276.0,Summer,0
2022-06-27,P034,Other,Toys,172.0,Summer,0
2022-07-04,P034,Other,Toys,178.0,Monsoon,0
2022-07-11,P034,Other,Toys,228.0,Monsoon,0
2022-07-18,P034,Other,Toys,239.0,Monsoon,0
2022-07-25,P034,Other,Toys,242.0,Monsoon,0
2022-08-01,P034,Other,Toys,228.0,Monsoon,0
2022-08-08,P034,Other,Toys,154.0,Monsoon,0
2022-08-15,P034,Other,Toys,194.0,Monsoon,0
2022-08-22,P034,Other,Toys,246.0,Monsoon,0
2022-08-29,P034,Other,Toys,172.0,Monsoon,0
2022-09-05,P034,Other,Toys,213.0,Monsoon,0
2022-09-12,P034,Other,Toys,235.0,Monsoon,0
2022-09-19,P034,Other,Toys,221.0,Monsoon,0
2022-09-26,P034,Other,Toys,326.0,Monsoon,0
2022-10-03,P034,Other,Toys,417.0,Autumn,0
2022-10-10,P034,Other,Toys,276.0,Autumn,0
2022-10-17,P034,Other,Toys,324.0,Autumn,0
2022-10-24,P034,Other,Toys,1564.0,Autumn,1
2022-10-31,P034,Other,Toys,349.0,Autumn,0
2022-11-07,P034,Other,Toys,413.0,Autumn,0
2022-11-14,P034,Other,Toys,385.0,Autumn,0
2022-11-21,P034,Other,Toys,381.0,Autumn,0
2022-11-28,P034,Other,Toys,327.0,Autumn,0
2022-12-05,P034,Other,Toys,400.0,Winter,0
2022-12-12,P034,Other,Toys,328.0,Winter,0
2022-12-19,P034,Other,Toys,335.0,Winter,0
2022-12-26,P034,Other,Toys,296.0,Winter,0
2023-01-02,P034,Other,Toys,98.0,Winter,0
2023-01-09,P034,Other,Toys,99.0,Winter,0
2023-01-16,P034,Other,Toys,121.0,Winter,0
2023-01-23,P034,Other,Toys,152.0,Winter,0
2023-01-30,P034,Other,Toys,156.0,Winter,0
2023-02-06,P034,Other,Toys,163.0,Winter,0
2023-02-13,P034,Other,Toys,165.0,Winter,0
2023-02-20,P034,Other,Toys,108.0,Winter,0
2023-02-27,P034,Other,Toys,141.0,Winter,0
2023-03-06,P034,Other,Toys,156.0,Summer,0
2023-03-13,P034,Other,Toys,205.0,Summer,0
2023-03-20,P034,Other,Toys,191.0,Summer,0
2023-03-27,P034,Other,Toys,198.0,Summer,0
2023-04-03,P034,Other,Toys,192.0,Summer,0
2023-04-10,P034,Other,Toys,162.0,Summer,0
2023-04-17,P034,Other,Toys,198.0,Summer,0
2023-04-24,P034,Other,Toys,177.0,Summer,0
2023-05-01,P034,Other,Toys,170.0,Summer,0
2023-05-08,P034,Other,Toys,191.0,Summer,0
2023-05-15,P034,Other,Toys,211.0,Summer,0
2023-05-22,P034,Other,Toys,243.0,Summer,0
2023-05-29,P034,Other,Toys,129.0,Summer,0
2023-06-05,P034,Other,Toys,248.0,Summer,0
2023-06-12,P034,Other,Toys,202.0,Summer,0
2023-06-19,P034,Other,Toys,200.0,Summer,0
2023-06-26,P034,Other,Toys,229.0,Summer,0
2023-07-03,P034,Other,Toys,230.0,Monsoon,0
2023-07-10,P034,Other,Toys,266.0,Monsoon,0
2023-07-17,P034,Other,Toys,257.0,Monsoon,0
2023-07-24,P034,Other,Toys,316.0,Monsoon,0
2023-07-31,P034,Other,Toys,228.0,Monsoon,0
2023-08-07,P034,Other,Toys,211.0,Monsoon,0
2023-08-14,P034,Other,Toys,251.0,Monsoon,0
2023-08-21,P034,Other,Toys,274.0,Monsoon,0
2023-08-28,P034,Other,Toys,224.0,Monsoon,0
2023-09-04,P034,Other,Toys,238.0,Monsoon,0
2023-09-11,P034,Other,Toys,254.0,Monsoon,0
2023-09-18,P034,Other,Toys,172.0,Monsoon,0
2023-09-25,P034,Other,Toys,309.0,Monsoon,0
2023-10-02,P034,Other,Toys,261.0,Autumn,0
2023-10-09,P034,Other,Toys,414.0,Autumn,0
2023-10-16,P034,Other,Toys,399.0,Autumn,0
2023-10-23,P034,Other,Toys,333.0,Autumn,0
2023-10-30,P034,Other,Toys,468.0,Autumn,0
2023-11-06,P034,Other,Toys,1815.0,Autumn,1
2023-11-13,P034,Other,Toys,503.0,Autumn,0
2023-11-20,P034,Other,Toys,439.0,Autumn,0
2023-11-27,P034,Other,Toys,319.0,Autumn,0
2023-12-04,P034,Other,Toys,462.0,Winter,0
2023-12-11,P034,Other,Toys,311.0,Winter,0
2023-12-18,P034,Other,Toys,252.0,Winter,0
2023-12-25,P034,Other,Toys,287.0,Winter,0
2024-01-01,P034,Other,Toys,139.0,Winter,0
2024-01-08,P034,Other,Toys,162.0,Winter,0
2024-01-15,P034,Other,Toys,154.0,Winter,0
2024-01-22,P034,Other,Toys,140.0,Winter,0
2024-01-29,P034,Other,Toys,149.0,Winter,0
2024-02-05,P034,Other,Toys,129.0,Winter,0
2024-02-12,P034,Other,Toys,105.0,Winter,0
2024-02-19,P034,Other,Toys,134.0,Winter,0
2024-02-26,P034,Other,Toys,102.0,Winter,0
2024-03-04,P034,Other,Toys,202.0,Summer,0
2024-03-11,P034,Other,Toys,141.0,Summer,0
2024-03-18,P034,Other,Toys,186.0,Summer,0
2024-03-25,P034,Other,Toys,192.0,Summer,0
2024-04-01,P034,Other,Toys,158.0,Summer,0
2024-04-08,P034,Other,Toys,204.0,Summer,0
2024-04-15,P034,Other,Toys,145.0,Summer,0
2024-04-22,P034,Other,Toys,238.0,Summer,0
2024-04-29,P034,Other,Toys,179.0,Summer,0
2024-05-06,P034,Other,Toys,196.0,Summer,0
2024-05-13,P034,Other,Toys,243.0,Summer,0
2024-05-20,P034,Other,Toys,206.0,Summer,0
2024-05-27,P034,Other,Toys,167.0,Summer,0
2024-06-03,P034,Other,Toys,217.0,Summer,0
2024-06-10,P034,Other,Toys,254.0,Summer,0
2024-06-17,P034,Other,Toys,280.0,Summer,0
2024-06-24,P034,Other,Toys,184.0,Summer,0
2024-07-01,P034,Other,Toys,274.0,Monsoon,0
2024-07-08,P034,Other,Toys,253.0,Monsoon,0
2024-07-15,P034,Other,Toys,228.0,Monsoon,0
2024-07-22,P034,Other,Toys,265.0,Monsoon,0
2024-07-29,P034,Other,Toys,205.0,Monsoon,0
2024-08-05,P034,Other,Toys,229.0,Monsoon,0
2024-08-12,P034,Other,Toys,293.0,Monsoon,0
2024-08-19,P034,Other,Toys,205.0,Monsoon,0
2024-08-26,P034,Other,Toys,212.0,Monsoon,0
2024-09-02,P034,Other,Toys,281.0,Monsoon,0
2024-09-09,P034,Other,Toys,221.0,Monsoon,0
2024-09-16,P034,Other,Toys,229.0,Monsoon,0
2024-09-23,P034,Other,Toys,233.0,Monsoon,0
2024-09-30,P034,Other,Toys,311.0,Monsoon,0
2024-10-07,P034,Other,Toys,197.0,Autumn,0
2024-10-14,P034,Other,Toys,403.0,Autumn,0
2024-10-21,P034,Other,Toys,441.0,Autumn,0
2024-10-28,P034,Other,Toys,1549.0,Autumn,1
2024-11-04,P034,Other,Toys,404.0,Autumn,0
2024-11-11,P034,Other,Toys,361.0,Autumn,0
2024-11-18,P034,Other,Toys,512.0,Autumn,0
2024-11-25,P034,Other,Toys,233.0,Autumn,0
2024-12-02,P034,Other,Toys,417.0,Winter,0
2024-12-09,P034,Other,Toys,264.0,Winter,0
2024-12-16,P034,Other,Toys,413.0,Winter,0
2024-12-23,P034,Other,Toys,454.0,Winter,0
2021-01-04,P035,Other,Sports Shoes,169.0,Winter,0
2021-01-11,P035,Other,Sports Shoes,152.0,Winter,0
2021-01-18,P035,Other,Sports Shoes,124.0,Winter,0
2021-01-25,P035,Other,Sports Shoes,184.0,Winter,0
2021-02-01,P035,Other,Sports Shoes,181.0,Winter,0
2021-02-08,P035,Other,Sports Shoes,248.0,Winter,0
2021-02-15,P035,Other,Sports Shoes,178.0,Winter,0
2021-02-22,P035,Other,Sports Shoes,170.0,Winter,0
2021-03-01,P035,Other,Sports Shoes,173.0,Summer,0
2021-03-08,P035,Other,Sports Shoes,262.0,Summer,0
2021-03-15,P035,Other,Sports Shoes,219.0,Summer,0
2021-03-22,P035,Other,Sports Shoes,180.0,Summer,0
2021-03-29,P035,Other,Sports Shoes,246.0,Summer,0
2021-04-05,P035,Other,Sports Shoes,293.0,Summer,0
2021-04-12,P035,Other,Sports Shoes,237.0,Summer,0
2021-04-19,P035,Other,Sports Shoes,257.0,Summer,0
2021-04-26,P035,Other,Sports Shoes,295.0,Summer,0
2021-05-03,P035,Other,Sports Shoes,185.0,Summer,0
2021-05-10,P035,Other,Sports Shoes,219.0,Summer,0
2021-05-17,P035,Other,Sports Shoes,325.0,Summer,0
2021-05-24,P035,Other,Sports Shoes,237.0,Summer,0
2021-05-31,P035,Other,Sports Shoes,293.0,Summer,0
2021-06-07,P035,Other,Sports Shoes,252.0,Summer,0
2021-06-14,P035,Other,Sports Shoes,245.0,Summer,0
2021-06-21,P035,Other,Sports Shoes,293.0,Summer,0
2021-06-28,P035,Other,Sports Shoes,341.0,Summer,0
2021-07-05,P035,Other,Sports Shoes,301.0,Monsoon,0
2021-07-12,P035,Other,Sports Shoes,312.0,Monsoon,0
2021-07-19,P035,Other,Sports Shoes,457.0,Monsoon,0
2021-07-26,P035,Other,Sports Shoes,373.0,Monsoon,0
2021-08-02,P035,Other,Sports Shoes,218.0,Monsoon,0
2021-08-09,P035,Other,Sports Shoes,303.0,Monsoon,0
2021-08-16,P035,Other,Sports Shoes,419.0,Monsoon,0
2021-08-23,P035,Other,Sports Shoes,311.0,Monsoon,0
2021-08-30,P035,Other,Sports Shoes,414.0,Monsoon,0
2021-09-06,P035,Other,Sports Shoes,301.0,Monsoon,0
2021-09-13,P035,Other,Sports Shoes,347.0,Monsoon,0
2021-09-20,P035,Other,Sports Shoes,352.0,Monsoon,0
2021-09-27,P035,Other,Sports Shoes,393.0,Monsoon,0
2021-10-04,P035,Other,Sports Shoes,642.0,Autumn,0
2021-10-11,P035,Other,Sports Shoes,683.0,Autumn,0
2021-10-18,P035,Other,Sports Shoes,609.0,Autumn,0
2021-10-25,P035,Other,Sports Shoes,558.0,Autumn,0
2021-11-01,P035,Other,Sports Shoes,2899.0,Autumn,1
2021-11-08,P035,Other,Sports Shoes,653.0,Autumn,0
2021-11-15,P035,Other,Sports Shoes,463.0,Autumn,0
2021-11-22,P035,Other,Sports Shoes,761.0,Autumn,0
2021-11-29,P035,Other,Sports Shoes,660.0,Autumn,0
2021-12-06,P035,Other,Sports Shoes,415.0,Winter,0
2021-12-13,P035,Other,Sports Shoes,293.0,Winter,0
2021-12-20,P035,Other,Sports Shoes,316.0,Winter,0
2021-12-27,P035,Other,Sports Shoes,619.0,Winter,0
2022-01-03,P035,Other,Sports Shoes,231.0,Winter,0
2022-01-10,P035,Other,Sports Shoes,191.0,Winter,0
2022-01-17,P035,Other,Sports Shoes,143.0,Winter,0
2022-01-24,P035,Other,Sports Shoes,164.0,Winter,0
2022-01-31,P035,Other,Sports Shoes,153.0,Winter,0
2022-02-07,P035,Other,Sports Shoes,148.0,Winter,0
2022-02-14,P035,Other,Sports Shoes,242.0,Winter,0
2022-02-21,P035,Other,Sports Shoes,239.0,Winter,0
2022-02-28,P035,Other,Sports Shoes,161.0,Winter,0
2022-03-07,P035,Other,Sports Shoes,212.0,Summer,0
2022-03-14,P035,Other,Sports Shoes,180.0,Summer,0
2022-03-21,P035,Other,Sports Shoes,253.0,Summer,0
2022-03-28,P035,Other,Sports Shoes,277.0,Summer,0
2022-04-04,P035,Other,Sports Shoes,288.0,Summer,0
2022-04-11,P035,Other,Sports Shoes,285.0,Summer,0
2022-04-18,P035,Other,Sports Shoes,239.0,Summer,0
2022-04-25,P035,Other,Sports Shoes,302.0,Summer,0
2022-05-02,P035,Other,Sports Shoes,321.0,Summer,0
2022-05-09,P035,Other,Sports Shoes,319.0,Summer,0
2022-05-16,P035,Other,Sports Shoes,298.0,Summer,0
2022-05-23,P035,Other,Sports Shoes,343.0,Summer,0
2022-05-30,P035,Other,Sports Shoes,305.0,Summer,0
2022-06-06,P035,Other,Sports Shoes,332.0,Summer,0
2022-06-13,P035,Other,Sports Shoes,254.0,Summer,0
2022-06-20,P035,Other,Sports Shoes,303.0,Summer,0
2022-06-27,P035,Other,Sports Shoes,255.0,Summer,0
2022-07-04,P035,Other,Sports Shoes,303.0,Monsoon,0
2022-07-11,P035,Other,Sports Shoes,299.0,Monsoon,0
2022-07-18,P035,Other,Sports Shoes,284.0,Monsoon,0
2022-07-25,P035,Other,Sports Shoes,288.0,Monsoon,0
2022-08-01,P035,Other,Sports Shoes,330.0,Monsoon,0
2022-08-08,P035,Other,Sports Shoes,426.0,Monsoon,0
2022-08-15,P035,Other,Sports Shoes,316.0,Monsoon,0
2022-08-22,P035,Other,Sports Shoes,344.0,Monsoon,0
2022-08-29,P035,Other,Sports Shoes,319.0,Monsoon,0
2022-09-05,P035,Other,Sports Shoes,335.0,Monsoon,0
2022-09-12,P035,Other,Sports Shoes,448.0,Monsoon,0
2022-09-19,P035,Other,Sports Shoes,431.0,Monsoon,0
2022-09-26,P035,Other,Sports Shoes,482.0,Monsoon,0
2022-10-03,P035,Other,Sports Shoes,603.0,Autumn,0
2022-10-10,P035,Other,Sports Shoes,624.0,Autumn,0
2022-10-17,P035,Other,Sports Shoes,509.0,Autumn,0
2022-10-24,P035,Other,Sports Shoes,2920.0,Autumn,1
2022-10-31,P035,Other,Sports Shoes,530.0,Autumn,0
2022-11-07,P035,Other,Sports Shoes,660.0,Autumn,0
2022-11-14,P035,Other,Sports Shoes,546.0,Autumn,0
2022-11-21,P035,Other,Sports Shoes,683.0,Autumn,0
2022-11-28,P035,Other,Sports Shoes,591.0,Autumn,0
2022-12-05,P035,Other,Sports Shoes,531.0,Winter,0
2022-12-12,P035,Other,Sports Shoes,381.0,Winter,0
2022-12-19,P035,Other,Sports Shoes,581.0,Winter,0
2022-12-26,P035,Other,Sports Shoes,416.0,Winter,0
2023-01-02,P035,Other,Sports Shoes,197.0,Winter,0
2023-01-09,P035,Other,Sports Shoes,160.0,Winter,0
2023-01-16,P035,Other,Sports Shoes,220.0,Winter,0
2023-01-23,P035,Other,Sports Shoes,243.0,Winter,0
2023-01-30,P035,Other,Sports Shoes,218.0,Winter,0
2023-02-06,P035,Other,Sports Shoes,241.0,Winter,0
2023-02-13,P035,Other,Sports Shoes,219.0,Winter,0
2023-02-20,P035,Other,Sports Shoes,204.0,Winter,0
2023-02-27,P035,Other,Sports Shoes,216.0,Winter,0
2023-03-06,P035,Other,Sports Shoes,154.0,Summer,0
2023-03-13,P035,Other,Sports Shoes,249.0,Summer,0
2023-03-20,P035,Other,Sports Shoes,335.0,Summer,0
2023-03-27,P035,Other,Sports Shoes,255.0,Summer,0
2023-04-03,P035,Other,Sports Shoes,241.0,Summer,0
2023-04-10,P035,Other,Sports Shoes,226.0,Summer,0
2023-04-17,P035,Other,Sports Shoes,295.0,Summer,0
2023-04-24,P035,Other,Sports Shoes,245.0,Summer,0
2023-05-01,P035,Other,Sports Shoes,324.0,Summer,0
2023-05-08,P035,Other,Sports Shoes,290.0,Summer,0
2023-05-15,P035,Other,Sports Shoes,292.0,Summer,0
2023-05-22,P035,Other,Sports Shoes,320.0,Summer,0
2023-05-29,P035,Other,Sports Shoes,328.0,Summer,0
2023-06-05,P035,Other,Sports Shoes,301.0,Summer,0
2023-06-12,P035,Other,Sports Shoes,252.0,Summer,0
2023-06-19,P035,Other,Sports Shoes,281.0,Summer,0
2023-06-26,P035,Other,Sports Shoes,326.0,Summer,0
2023-07-03,P035,Other,Sports Shoes,261.0,Monsoon,0
2023-07-10,P035,Other,Sports Shoes,430.0,Monsoon,0
2023-07-17,P035,Other,Sports Shoes,389.0,Monsoon,0
2023-07-24,P035,Other,Sports Shoes,370.0,Monsoon,0
2023-07-31,P035,Other,Sports Shoes,347.0,Monsoon,0
2023-08-07,P035,Other,Sports Shoes,358.0,Monsoon,0
2023-08-14,P035,Other,Sports Shoes,303.0,Monsoon,0
2023-08-21,P035,Other,Sports Shoes,374.0,Monsoon,0
2023-08-28,P035,Other,Sports Shoes,243.0,Monsoon,0
2023-09-04,P035,Other,Sports Shoes,341.0,Monsoon,0
2023-09-11,P035,Other,Sports Shoes,387.0,Monsoon,0
2023-09-18,P035,Other,Sports Shoes,372.0,Monsoon,0
2023-09-25,P035,Other,Sports Shoes,328.0,Monsoon,0
2023-10-02,P035,Other,Sports Shoes,642.0,Autumn,0
2023-10-09,P035,Other,Sports Shoes,713.0,Autumn,0
2023-10-16,P035,Other,Sports Shoes,507.0,Autumn,0
2023-10-23,P035,Other,Sports Shoes,450.0,Autumn,0
2023-10-30,P035,Other,Sports Shoes,567.0,Autumn,0
2023-11-06,P035,Other,Sports Shoes,3037.0,Autumn,1
2023-11-13,P035,Other,Sports Shoes,568.0,Autumn,0
2023-11-20,P035,Other,Sports Shoes,633.0,Autumn,0
2023-11-27,P035,Other,Sports Shoes,543.0,Autumn,0
2023-12-04,P035,Other,Sports Shoes,561.0,Winter,0
2023-12-11,P035,Other,Sports Shoes,522.0,Winter,0
2023-12-18,P035,Other,Sports Shoes,515.0,Winter,0
2023-12-25,P035,Other,Sports Shoes,546.0,Winter,0
2024-01-01,P035,Other,Sports Shoes,213.0,Winter,0
2024-01-08,P035,Other,Sports Shoes,216.0,Winter,0
2024-01-15,P035,Other,Sports Shoes,166.0,Winter,0
2024-01-22,P035,Other,Sports Shoes,201.0,Winter,0
2024-01-29,P035,Other,Sports Shoes,189.0,Winter,0
2024-02-05,P035,Other,Sports Shoes,186.0,Winter,0
2024-02-12,P035,Other,Sports Shoes,269.0,Winter,0
2024-02-19,P035,Other,Sports Shoes,246.0,Winter,0
2024-02-26,P035,Other,Sports Shoes,271.0,Winter,0
2024-03-04,P035,Other,Sports Shoes,188.0,Summer,0
2024-03-11,P035,Other,Sports Shoes,186.0,Summer,0
2024-03-18,P035,Other,Sports Shoes,202.0,Summer,0
2024-03-25,P035,Other,Sports Shoes,260.0,Summer,0
2024-04-01,P035,Other,Sports Shoes,306.0,Summer,0
2024-04-08,P035,Other,Sports Shoes,297.0,Summer,0
2024-04-15,P035,Other,Sports Shoes,247.0,Summer,0
2024-04-22,P035,Other,Sports Shoes,299.0,Summer,0
2024-04-29,P035,Other,Sports Shoes,256.0,Summer,0
2024-05-06,P035,Other,Sports Shoes,334.0,Summer,0
2024-05-13,P035,Other,Sports Shoes,382.0,Summer,0
2024-05-20,P035,Other,Sports Shoes,261.0,Summer,0
2024-05-27,P035,Other,Sports Shoes,363.0,Summer,0
2024-06-03,P035,Other,Sports Shoes,378.0,Summer,0
2024-06-10,P035,Other,Sports Shoes,265.0,Summer,0
2024-06-17,P035,Other,Sports Shoes,449.0,Summer,0
2024-06-24,P035,Other,Sports Shoes,355.0,Summer,0
2024-07-01,P035,Other,Sports Shoes,423.0,Monsoon,0
2024-07-08,P035,Other,Sports Shoes,343.0,Monsoon,0
2024-07-15,P035,Other,Sports Shoes,309.0,Monsoon,0
2024-07-22,P035,Other,Sports Shoes,315.0,Monsoon,0
2024-07-29,P035,Other,Sports Shoes,357.0,Monsoon,0
2024-08-05,P035,Other,Sports Shoes,386.0,Monsoon,0
2024-08-12,P035,Other,Sports Shoes,435.0,Monsoon,0
2024-08-19,P035,Other,Sports Shoes,337.0,Monsoon,0
2024-08-26,P035,Other,Sports Shoes,330.0,Monsoon,0
2024-09-02,P035,Other,Sports Shoes,381.0,Monsoon,0
2024-09-09,P035,Other,Sports Shoes,345.0,Monsoon,0
2024-09-16,P035,Other,Sports Shoes,367.0,Monsoon,0
2024-09-23,P035,Other,Sports Shoes,322.0,Monsoon,0
2024-09-30,P035,Other,Sports Shoes,312.0,Monsoon,0
2024-10-07,P035,Other,Sports Shoes,589.0,Autumn,0
2024-10-14,P035,Other,Sports Shoes,570.0,Autumn,0
2024-10-21,P035,Other,Sports Shoes,696.0,Autumn,0
2024-10-28,P035,Other,Sports Shoes,1908.0,Autumn,1
2024-11-04,P035,Other,Sports Shoes,747.0,Autumn,0
2024-11-11,P035,Other,Sports Shoes,568.0,Autumn,0
2024-11-18,P035,Other,Sports Shoes,683.0,Autumn,0
2024-11-25,P035,Other,Sports Shoes,720.0,Autumn,0
2024-12-02,P035,Other,Sports Shoes,472.0,Winter,0
2024-12-09,P035,Other,Sports Shoes,554.0,Winter,0
2024-12-16,P035,Other,Sports Shoes,413.0,Winter,0
2024-12-23,P035,Other,Sports Shoes,384.0,Winter,0
2021-01-04,P036,Other,Cricket Bat,145.0,Winter,0
2021-01-11,P036,Other,Cricket Bat,137.0,Winter,0
2021-01-18,P036,Other,Cricket Bat,192.0,Winter,0
2021-01-25,P036,Other,Cricket Bat,214.0,Winter,0
2021-02-01,P036,Other,Cricket Bat,175.0,Winter,0
2021-02-08,P036,Other,Cricket Bat,175.0,Winter,0
2021-02-15,P036,Other,Cricket Bat,187.0,Winter,0
2021-02-22,P036,Other,Cricket Bat,198.0,Winter,0
2021-03-01,P036,Other,Cricket Bat,266.0,Summer,0
2021-03-08,P036,Other,Cricket Bat,197.0,Summer,0
2021-03-15,P036,Other,Cricket Bat,217.0,Summer,0
2021-03-22,P036,Other,Cricket Bat,162.0,Summer,0
2021-03-29,P036,Other,Cricket Bat,197.0,Summer,0
2021-04-05,P036,Other,Cricket Bat,241.0,Summer,0
2021-04-12,P036,Other,Cricket Bat,180.0,Summer,0
2021-04-19,P036,Other,Cricket Bat,200.0,Summer,0
2021-04-26,P036,Other,Cricket Bat,284.0,Summer,0
2021-05-03,P036,Other,Cricket Bat,251.0,Summer,0
2021-05-10,P036,Other,Cricket Bat,176.0,Summer,0
2021-05-17,P036,Other,Cricket Bat,192.0,Summer,0
2021-05-24,P036,Other,Cricket Bat,303.0,Summer,0
2021-05-31,P036,Other,Cricket Bat,162.0,Summer,0
2021-06-07,P036,Other,Cricket Bat,303.0,Summer,0
2021-06-14,P036,Other,Cricket Bat,231.0,Summer,0
2021-06-21,P036,Other,Cricket Bat,327.0,Summer,0
2021-06-28,P036,Other,Cricket Bat,281.0,Summer,0
2021-07-05,P036,Other,Cricket Bat,342.0,Monsoon,0
2021-07-12,P036,Other,Cricket Bat,291.0,Monsoon,0
2021-07-19,P036,Other,Cricket Bat,294.0,Monsoon,0
2021-07-26,P036,Other,Cricket Bat,244.0,Monsoon,0
2021-08-02,P036,Other,Cricket Bat,316.0,Monsoon,0
2021-08-09,P036,Other,Cricket Bat,306.0,Monsoon,0
2021-08-16,P036,Other,Cricket Bat,403.0,Monsoon,0
2021-08-23,P036,Other,Cricket Bat,316.0,Monsoon,0
2021-08-30,P036,Other,Cricket Bat,288.0,Monsoon,0
2021-09-06,P036,Other,Cricket Bat,316.0,Monsoon,0
2021-09-13,P036,Other,Cricket Bat,372.0,Monsoon,0
2021-09-20,P036,Other,Cricket Bat,258.0,Monsoon,0
2021-09-27,P036,Other,Cricket Bat,462.0,Monsoon,0
2021-10-04,P036,Other,Cricket Bat,439.0,Autumn,0
2021-10-11,P036,Other,Cricket Bat,445.0,Autumn,0
2021-10-18,P036,Other,Cricket Bat,583.0,Autumn,0
2021-10-25,P036,Other,Cricket Bat,668.0,Autumn,0
2021-11-01,P036,Other,Cricket Bat,2670.0,Autumn,1
2021-11-08,P036,Other,Cricket Bat,519.0,Autumn,0
2021-11-15,P036,Other,Cricket Bat,491.0,Autumn,0
2021-11-22,P036,Other,Cricket Bat,487.0,Autumn,0
2021-11-29,P036,Other,Cricket Bat,533.0,Autumn,0
2021-12-06,P036,Other,Cricket Bat,375.0,Winter,0
2021-12-13,P036,Other,Cricket Bat,464.0,Winter,0
2021-12-20,P036,Other,Cricket Bat,436.0,Winter,0
2021-12-27,P036,Other,Cricket Bat,382.0,Winter,0
2022-01-03,P036,Other,Cricket Bat,175.0,Winter,0
2022-01-10,P036,Other,Cricket Bat,210.0,Winter,0
2022-01-17,P036,Other,Cricket Bat,158.0,Winter,0
2022-01-24,P036,Other,Cricket Bat,192.0,Winter,0
2022-01-31,P036,Other,Cricket Bat,154.0,Winter,0
2022-02-07,P036,Other,Cricket Bat,223.0,Winter,0
2022-02-14,P036,Other,Cricket Bat,193.0,Winter,0
2022-02-21,P036,Other,Cricket Bat,155.0,Winter,0
2022-02-28,P036,Other,Cricket Bat,181.0,Winter,0
2022-03-07,P036,Other,Cricket Bat,202.0,Summer,0
2022-03-14,P036,Other,Cricket Bat,215.0,Summer,0
2022-03-21,P036,Other,Cricket Bat,199.0,Summer,0
2022-03-28,P036,Other,Cricket Bat,212.0,Summer,0
2022-04-04,P036,Other,Cricket Bat,183.0,Summer,0
2022-04-11,P036,Other,Cricket Bat,246.0,Summer,0
2022-04-18,P036,Other,Cricket Bat,277.0,Summer,0
2022-04-25,P036,Other,Cricket Bat,235.0,Summer,0
2022-05-02,P036,Other,Cricket Bat,214.0,Summer,0
2022-05-09,P036,Other,Cricket Bat,359.0,Summer,0
2022-05-16,P036,Other,Cricket Bat,305.0,Summer,0
2022-05-23,P036,Other,Cricket Bat,274.0,Summer,0
2022-05-30,P036,Other,Cricket Bat,281.0,Summer,0
2022-06-06,P036,Other,Cricket Bat,206.0,Summer,0
2022-06-13,P036,Other,Cricket Bat,343.0,Summer,0
2022-06-20,P036,Other,Cricket Bat,276.0,Summer,0
2022-06-27,P036,Other,Cricket Bat,339.0,Summer,0
2022-07-04,P036,Other,Cricket Bat,284.0,Monsoon,0
2022-07-11,P036,Other,Cricket Bat,319.0,Monsoon,0
2022-07-18,P036,Other,Cricket Bat,369.0,Monsoon,0
2022-07-25,P036,Other,Cricket Bat,246.0,Monsoon,0
2022-08-01,P036,Other,Cricket Bat,391.0,Monsoon,0
2022-08-08,P036,Other,Cricket Bat,304.0,Monsoon,0
2022-08-15,P036,Other,Cricket Bat,322.0,Monsoon,0
2022-08-22,P036,Other,Cricket Bat,280.0,Monsoon,0
2022-08-29,P036,Other,Cricket Bat,188.0,Monsoon,0
2022-09-05,P036,Other,Cricket Bat,311.0,Monsoon,0
2022-09-12,P036,Other,Cricket Bat,336.0,Monsoon,0
2022-09-19,P036,Other,Cricket Bat,345.0,Monsoon,0
2022-09-26,P036,Other,Cricket Bat,431.0,Monsoon,0
2022-10-03,P036,Other,Cricket Bat,750.0,Autumn,0
2022-10-10,P036,Other,Cricket Bat,591.0,Autumn,0
2022-10-17,P036,Other,Cricket Bat,508.0,Autumn,0
2022-10-24,P036,Other,Cricket Bat,2748.0,Autumn,1
2022-10-31,P036,Other,Cricket Bat,388.0,Autumn,0
2022-11-07,P036,Other,Cricket Bat,566.0,Autumn,0
2022-11-14,P036,Other,Cricket Bat,524.0,Autumn,0
2022-11-21,P036,Other,Cricket Bat,610.0,Autumn,0
2022-11-28,P036,Other,Cricket Bat,560.0,Autumn,0
2022-12-05,P036,Other,Cricket Bat,451.0,Winter,0
2022-12-12,P036,Other,Cricket Bat,407.0,Winter,0
2022-12-19,P036,Other,Cricket Bat,314.0,Winter,0
2022-12-26,P036,Other,Cricket Bat,314.0,Winter,0
2023-01-02,P036,Other,Cricket Bat,146.0,Winter,0
2023-01-09,P036,Other,Cricket Bat,174.0,Winter,0
2023-01-16,P036,Other,Cricket Bat,198.0,Winter,0
2023-01-23,P036,Other,Cricket Bat,196.0,Winter,0
2023-01-30,P036,Other,Cricket Bat,223.0,Winter,0
2023-02-06,P036,Other,Cricket Bat,190.0,Winter,0
2023-02-13,P036,Other,Cricket Bat,198.0,Winter,0
2023-02-20,P036,Other,Cricket Bat,185.0,Winter,0
2023-02-27,P036,Other,Cricket Bat,257.0,Winter,0
2023-03-06,P036,Other,Cricket Bat,157.0,Summer,0
2023-03-13,P036,Other,Cricket Bat,188.0,Summer,0
2023-03-20,P036,Other,Cricket Bat,267.0,Summer,0
2023-03-27,P036,Other,Cricket Bat,226.0,Summer,0
2023-04-03,P036,Other,Cricket Bat,202.0,Summer,0
2023-04-10,P036,Other,Cricket Bat,287.0,Summer,0
2023-04-17,P036,Other,Cricket Bat,316.0,Summer,0
2023-04-24,P036,Other,Cricket Bat,254.0,Summer,0
2023-05-01,P036,Other,Cricket Bat,293.0,Summer,0
2023-05-08,P036,Other,Cricket Bat,270.0,Summer,0
2023-05-15,P036,Other,Cricket Bat,137.0,Summer,0
2023-05-22,P036,Other,Cricket Bat,202.0,Summer,0
2023-05-29,P036,Other,Cricket Bat,299.0,Summer,0
2023-06-05,P036,Other,Cricket Bat,245.0,Summer,0
2023-06-12,P036,Other,Cricket Bat,323.0,Summer,0
2023-06-19,P036,Other,Cricket Bat,301.0,Summer,0
2023-06-26,P036,Other,Cricket Bat,356.0,Summer,0
2023-07-03,P036,Other,Cricket Bat,269.0,Monsoon,0
2023-07-10,P036,Other,Cricket Bat,318.0,Monsoon,0
2023-07-17,P036,Other,Cricket Bat,272.0,Monsoon,0
2023-07-24,P036,Other,Cricket Bat,257.0,Monsoon,0
2023-07-31,P036,Other,Cricket Bat,285.0,Monsoon,0
2023-08-07,P036,Other,Cricket Bat,350.0,Monsoon,0
2023-08-14,P036,Other,Cricket Bat,363.0,Monsoon,0
2023-08-21,P036,Other,Cricket Bat,358.0,Monsoon,0
2023-08-28,P036,Other,Cricket Bat,321.0,Monsoon,0
2023-09-04,P036,Other,Cricket Bat,373.0,Monsoon,0
2023-09-11,P036,Other,Cricket Bat,346.0,Monsoon,0
2023-09-18,P036,Other,Cricket Bat,243.0,Monsoon,0
2023-09-25,P036,Other,Cricket Bat,366.0,Monsoon,0
2023-10-02,P036,Other,Cricket Bat,547.0,Autumn,0
2023-10-09,P036,Other,Cricket Bat,542.0,Autumn,0
2023-10-16,P036,Other,Cricket Bat,450.0,Autumn,0
2023-10-23,P036,Other,Cricket Bat,397.0,Autumn,0
2023-10-30,P036,Other,Cricket Bat,450.0,Autumn,0
2023-11-06,P036,Other,Cricket Bat,3120.0,Autumn,1
2023-11-13,P036,Other,Cricket Bat,443.0,Autumn,0
2023-11-20,P036,Other,Cricket Bat,525.0,Autumn,0
2023-11-27,P036,Other,Cricket Bat,426.0,Autumn,0
2023-12-04,P036,Other,Cricket Bat,415.0,Winter,0
2023-12-11,P036,Other,Cricket Bat,469.0,Winter,0
2023-12-18,P036,Other,Cricket Bat,446.0,Winter,0
2023-12-25,P036,Other,Cricket Bat,400.0,Winter,0
2024-01-01,P036,Other,Cricket Bat,183.0,Winter,0
2024-01-08,P036,Other,Cricket Bat,162.0,Winter,0
2024-01-15,P036,Other,Cricket Bat,286.0,Winter,0
2024-01-22,P036,Other,Cricket Bat,230.0,Winter,0
2024-01-29,P036,Other,Cricket Bat,170.0,Winter,0
2024-02-05,P036,Other,Cricket Bat,207.0,Winter,0
2024-02-12,P036,Other,Cricket Bat,238.0,Winter,0
2024-02-19,P036,Other,Cricket Bat,199.0,Winter,0
2024-02-26,P036,Other,Cricket Bat,164.0,Winter,0
2024-03-04,P036,Other,Cricket Bat,180.0,Summer,0
2024-03-11,P036,Other,Cricket Bat,278.0,Summer,0
2024-03-18,P036,Other,Cricket Bat,222.0,Summer,0
2024-03-25,P036,Other,Cricket Bat,253.0,Summer,0
2024-04-01,P036,Other,Cricket Bat,246.0,Summer,0
2024-04-08,P036,Other,Cricket Bat,205.0,Summer,0
2024-04-15,P036,Other,Cricket Bat,202.0,Summer,0
2024-04-22,P036,Other,Cricket Bat,210.0,Summer,0
2024-04-29,P036,Other,Cricket Bat,291.0,Summer,0
2024-05-06,P036,Other,Cricket Bat,331.0,Summer,0
2024-05-13,P036,Other,Cricket Bat,265.0,Summer,0
2024-05-20,P036,Other,Cricket Bat,224.0,Summer,0
2024-05-27,P036,Other,Cricket Bat,316.0,Summer,0
2024-06-03,P036,Other,Cricket Bat,356.0,Summer,0
2024-06-10,P036,Other,Cricket Bat,337.0,Summer,0
2024-06-17,P036,Other,Cricket Bat,286.0,Summer,0
2024-06-24,P036,Other,Cricket Bat,306.0,Summer,0
2024-07-01,P036,Other,Cricket Bat,299.0,Monsoon,0
2024-07-08,P036,Other,Cricket Bat,448.0,Monsoon,0
2024-07-15,P036,Other,Cricket Bat,345.0,Monsoon,0
2024-07-22,P036,Other,Cricket Bat,243.0,Monsoon,0
2024-07-29,P036,Other,Cricket Bat,300.0,Monsoon,0
2024-08-05,P036,Other,Cricket Bat,307.0,Monsoon,0
2024-08-12,P036,Other,Cricket Bat,305.0,Monsoon,0
2024-08-19,P036,Other,Cricket Bat,410.0,Monsoon,0
2024-08-26,P036,Other,Cricket Bat,275.0,Monsoon,0
2024-09-02,P036,Other,Cricket Bat,377.0,Monsoon,0
2024-09-09,P036,Other,Cricket Bat,333.0,Monsoon,0
2024-09-16,P036,Other,Cricket Bat,276.0,Monsoon,0
2024-09-23,P036,Other,Cricket Bat,392.0,Monsoon,0
2024-09-30,P036,Other,Cricket Bat,363.0,Monsoon,0
2024-10-07,P036,Other,Cricket Bat,594.0,Autumn,0
2024-10-14,P036,Other,Cricket Bat,474.0,Autumn,0
2024-10-21,P036,Other,Cricket Bat,585.0,Autumn,0
2024-10-28,P036,Other,Cricket Bat,2514.0,Autumn,1
2024-11-04,P036,Other,Cricket Bat,760.0,Autumn,0
2024-11-11,P036,Other,Cricket Bat,597.0,Autumn,0
2024-11-18,P036,Other,Cricket Bat,523.0,Autumn,0
2024-11-25,P036,Other,Cricket Bat,786.0,Autumn,0
2024-12-02,P036,Other,Cricket Bat,490.0,Winter,0
2024-12-09,P036,Other,Cricket Bat,388.0,Winter,0
2024-12-16,P036,Other,Cricket Bat,472.0,Winter,0
2024-12-23,P036,Other,Cricket Bat,462.0,Winter,0
2021-01-04,P037,Other,Utensils,91.0,Winter,0
2021-01-11,P037,Other,Utensils,134.0,Winter,0
2021-01-18,P037,Other,Utensils,119.0,Winter,0
2021-01-25,P037,Other,Utensils,109.0,Winter,0
2021-02-01,P037,Other,Utensils,175.0,Winter,0
2021-02-08,P037,Other,Utensils,145.0,Winter,0
2021-02-15,P037,Other,Utensils,143.0,Winter,0
2021-02-22,P037,Other,Utensils,157.0,Winter,0
2021-03-01,P037,Other,Utensils,187.0,Summer,0
2021-03-08,P037,Other,Utensils,142.0,Summer,0
2021-03-15,P037,Other,Utensils,136.0,Summer,0
2021-03-22,P037,Other,Utensils,189.0,Summer,0
2021-03-29,P037,Other,Utensils,166.0,Summer,0
2021-04-05,P037,Other,Utensils,196.0,Summer,0
2021-04-12,P037,Other,Utensils,144.0,Summer,0
2021-04-19,P037,Other,Utensils,217.0,Summer,0
2021-04-26,P037,Other,Utensils,151.0,Summer,0
2021-05-03,P037,Other,Utensils,167.0,Summer,0
2021-05-10,P037,Other,Utensils,232.0,Summer,0
2021-05-17,P037,Other,Utensils,170.0,Summer,0
2021-05-24,P037,Other,Utensils,145.0,Summer,0
2021-05-31,P037,Other,Utensils,168.0,Summer,0
2021-06-07,P037,Other,Utensils,267.0,Summer,0
2021-06-14,P037,Other,Utensils,218.0,Summer,0
2021-06-21,P037,Other,Utensils,198.0,Summer,0
2021-06-28,P037,Other,Utensils,180.0,Summer,0
2021-07-05,P037,Other,Utensils,231.0,Monsoon,0
2021-07-12,P037,Other,Utensils,165.0,Monsoon,0
2021-07-19,P037,Other,Utensils,220.0,Monsoon,0
2021-07-26,P037,Other,Utensils,218.0,Monsoon,0
2021-08-02,P037,Other,Utensils,187.0,Monsoon,0
2021-08-09,P037,Other,Utensils,219.0,Monsoon,0
2021-08-16,P037,Other,Utensils,196.0,Monsoon,0
2021-08-23,P037,Other,Utensils,262.0,Monsoon,0
2021-08-30,P037,Other,Utensils,275.0,Monsoon,0
2021-09-06,P037,Other,Utensils,115.0,Monsoon,0
2021-09-13,P037,Other,Utensils,254.0,Monsoon,0
2021-09-20,P037,Other,Utensils,241.0,Monsoon,0
2021-09-27,P037,Other,Utensils,325.0,Monsoon,0
2021-10-04,P037,Other,Utensils,356.0,Autumn,0
2021-10-11,P037,Other,Utensils,400.0,Autumn,0
2021-10-18,P037,Other,Utensils,414.0,Autumn,0
2021-10-25,P037,Other,Utensils,328.0,Autumn,0
2021-11-01,P037,Other,Utensils,1788.0,Autumn,1
2021-11-08,P037,Other,Utensils,348.0,Autumn,0
2021-11-15,P037,Other,Utensils,387.0,Autumn,0
2021-11-22,P037,Other,Utensils,376.0,Autumn,0
2021-11-29,P037,Other,Utensils,369.0,Autumn,0
2021-12-06,P037,Other,Utensils,476.0,Winter,0
2021-12-13,P037,Other,Utensils,341.0,Winter,0
2021-12-20,P037,Other,Utensils,373.0,Winter,0
2021-12-27,P037,Other,Utensils,369.0,Winter,0
2022-01-03,P037,Other,Utensils,120.0,Winter,0
2022-01-10,P037,Other,Utensils,172.0,Winter,0
2022-01-17,P037,Other,Utensils,167.0,Winter,0
2022-01-24,P037,Other,Utensils,129.0,Winter,0
2022-01-31,P037,Other,Utensils,185.0,Winter,0
2022-02-07,P037,Other,Utensils,155.0,Winter,0
2022-02-14,P037,Other,Utensils,199.0,Winter,0
2022-02-21,P037,Other,Utensils,147.0,Winter,0
2022-02-28,P037,Other,Utensils,138.0,Winter,0
2022-03-07,P037,Other,Utensils,143.0,Summer,0
2022-03-14,P037,Other,Utensils,188.0,Summer,0
2022-03-21,P037,Other,Utensils,121.0,Summer,0
2022-03-28,P037,Other,Utensils,118.0,Summer,0
2022-04-04,P037,Other,Utensils,204.0,Summer,0
2022-04-11,P037,Other,Utensils,180.0,Summer,0
2022-04-18,P037,Other,Utensils,183.0,Summer,0
2022-04-25,P037,Other,Utensils,219.0,Summer,0
2022-05-02,P037,Other,Utensils,191.0,Summer,0
2022-05-09,P037,Other,Utensils,166.0,Summer,0
2022-05-16,P037,Other,Utensils,270.0,Summer,0
2022-05-23,P037,Other,Utensils,168.0,Summer,0
2022-05-30,P037,Other,Utensils,177.0,Summer,0
2022-06-06,P037,Other,Utensils,263.0,Summer,0
2022-06-13,P037,Other,Utensils,183.0,Summer,0
2022-06-20,P037,Other,Utensils,220.0,Summer,0
2022-06-27,P037,Other,Utensils,236.0,Summer,0
2022-07-04,P037,Other,Utensils,258.0,Monsoon,0
2022-07-11,P037,Other,Utensils,238.0,Monsoon,0
2022-07-18,P037,Other,Utensils,267.0,Monsoon,0
2022-07-25,P037,Other,Utensils,163.0,Monsoon,0
2022-08-01,P037,Other,Utensils,265.0,Monsoon,0
2022-08-08,P037,Other,Utensils,212.0,Monsoon,0
2022-08-15,P037,Other,Utensils,300.0,Monsoon,0
2022-08-22,P037,Other,Utensils,221.0,Monsoon,0
2022-08-29,P037,Other,Utensils,220.0,Monsoon,0
2022-09-05,P037,Other,Utensils,337.0,Monsoon,0
2022-09-12,P037,Other,Utensils,258.0,Monsoon,0
2022-09-19,P037,Other,Utensils,284.0,Monsoon,0
2022-09-26,P037,Other,Utensils,239.0,Monsoon,0
2022-10-03,P037,Other,Utensils,380.0,Autumn,0
2022-10-10,P037,Other,Utensils,423.0,Autumn,0
2022-10-17,P037,Other,Utensils,323.0,Autumn,0
2022-10-24,P037,Other,Utensils,2487.0,Autumn,1
2022-10-31,P037,Other,Utensils,261.0,Autumn,0
2022-11-07,P037,Other,Utensils,458.0,Autumn,0
2022-11-14,P037,Other,Utensils,407.0,Autumn,0
2022-11-21,P037,Other,Utensils,439.0,Autumn,0
2022-11-28,P037,Other,Utensils,395.0,Autumn,0
2022-12-05,P037,Other,Utensils,321.0,Winter,0
2022-12-12,P037,Other,Utensils,134.0,Winter,0
2022-12-19,P037,Other,Utensils,301.0,Winter,0
2022-12-26,P037,Other,Utensils,308.0,Winter,0
2023-01-02,P037,Other,Utensils,154.0,Winter,0
2023-01-09,P037,Other,Utensils,121.0,Winter,0
2023-01-16,P037,Other,Utensils,133.0,Winter,0
2023-01-23,P037,Other,Utensils,186.0,Winter,0
2023-01-30,P037,Other,Utensils,176.0,Winter,0
2023-02-06,P037,Other,Utensils,194.0,Winter,0
2023-02-13,P037,Other,Utensils,131.0,Winter,0
2023-02-20,P037,Other,Utensils,174.0,Winter,0
2023-02-27,P037,Other,Utensils,147.0,Winter,0
2023-03-06,P037,Other,Utensils,167.0,Summer,0
2023-03-13,P037,Other,Utensils,190.0,Summer,0
2023-03-20,P037,Other,Utensils,163.0,Summer,0
2023-03-27,P037,Other,Utensils,221.0,Summer,0
2023-04-03,P037,Other,Utensils,172.0,Summer,0
2023-04-10,P037,Other,Utensils,198.0,Summer,0
2023-04-17,P037,Other,Utensils,262.0,Summer,0
2023-04-24,P037,Other,Utensils,219.0,Summer,0
2023-05-01,P037,Other,Utensils,171.0,Summer,0
2023-05-08,P037,Other,Utensils,245.0,Summer,0
2023-05-15,P037,Other,Utensils,247.0,Summer,0
2023-05-22,P037,Other,Utensils,251.0,Summer,0
2023-05-29,P037,Other,Utensils,189.0,Summer,0
2023-06-05,P037,Other,Utensils,173.0,Summer,0
2023-06-12,P037,Other,Utensils,255.0,Summer,0
2023-06-19,P037,Other,Utensils,212.0,Summer,0
2023-06-26,P037,Other,Utensils,245.0,Summer,0
2023-07-03,P037,Other,Utensils,300.0,Monsoon,0
2023-07-10,P037,Other,Utensils,222.0,Monsoon,0
2023-07-17,P037,Other,Utensils,200.0,Monsoon,0
2023-07-24,P037,Other,Utensils,223.0,Monsoon,0
2023-07-31,P037,Other,Utensils,248.0,Monsoon,0
2023-08-07,P037,Other,Utensils,200.0,Monsoon,0
2023-08-14,P037,Other,Utensils,253.0,Monsoon,0
2023-08-21,P037,Other,Utensils,201.0,Monsoon,0
2023-08-28,P037,Other,Utensils,346.0,Monsoon,0
2023-09-04,P037,Other,Utensils,279.0,Monsoon,0
2023-09-11,P037,Other,Utensils,245.0,Monsoon,0
2023-09-18,P037,Other,Utensils,274.0,Monsoon,0
2023-09-25,P037,Other,Utensils,248.0,Monsoon,0
2023-10-02,P037,Other,Utensils,372.0,Autumn,0
2023-10-09,P037,Other,Utensils,343.0,Autumn,0
2023-10-16,P037,Other,Utensils,553.0,Autumn,0
2023-10-23,P037,Other,Utensils,418.0,Autumn,0
2023-10-30,P037,Other,Utensils,433.0,Autumn,0
2023-11-06,P037,Other,Utensils,2860.0,Autumn,1
2023-11-13,P037,Other,Utensils,358.0,Autumn,0
2023-11-20,P037,Other,Utensils,333.0,Autumn,0
2023-11-27,P037,Other,Utensils,325.0,Autumn,0
2023-12-04,P037,Other,Utensils,324.0,Winter,0
2023-12-11,P037,Other,Utensils,370.0,Winter,0
2023-12-18,P037,Other,Utensils,486.0,Winter,0
2023-12-25,P037,Other,Utensils,307.0,Winter,0
2024-01-01,P037,Other,Utensils,132.0,Winter,0
2024-01-08,P037,Other,Utensils,147.0,Winter,0
2024-01-15,P037,Other,Utensils,155.0,Winter,0
2024-01-22,P037,Other,Utensils,120.0,Winter,0
2024-01-29,P037,Other,Utensils,208.0,Winter,0
2024-02-05,P037,Other,Utensils,168.0,Winter,0
2024-02-12,P037,Other,Utensils,179.0,Winter,0
2024-02-19,P037,Other,Utensils,183.0,Winter,0
2024-02-26,P037,Other,Utensils,184.0,Winter,0
2024-03-04,P037,Other,Utensils,177.0,Summer,0
2024-03-11,P037,Other,Utensils,175.0,Summer,0
2024-03-18,P037,Other,Utensils,185.0,Summer,0
2024-03-25,P037,Other,Utensils,178.0,Summer,0
2024-04-01,P037,Other,Utensils,186.0,Summer,0
2024-04-08,P037,Other,Utensils,211.0,Summer,0
2024-04-15,P037,Other,Utensils,210.0,Summer,0
2024-04-22,P037,Other,Utensils,216.0,Summer,0
2024-04-29,P037,Other,Utensils,214.0,Summer,0
2024-05-06,P037,Other,Utensils,204.0,Summer,0
2024-05-13,P037,Other,Utensils,228.0,Summer,0
2024-05-20,P037,Other,Utensils,266.0,Summer,0
2024-05-27,P037,Other,Utensils,185.0,Summer,0
2024-06-03,P037,Other,Utensils,265.0,Summer,0
2024-06-10,P037,Other,Utensils,246.0,Summer,0
2024-06-17,P037,Other,Utensils,226.0,Summer,0
2024-06-24,P037,Other,Utensils,308.0,Summer,0
2024-07-01,P037,Other,Utensils,196.0,Monsoon,0
2024-07-08,P037,Other,Utensils,207.0,Monsoon,0
2024-07-15,P037,Other,Utensils,295.0,Monsoon,0
2024-07-22,P037,Other,Utensils,297.0,Monsoon,0
2024-07-29,P037,Other,Utensils,173.0,Monsoon,0
2024-08-05,P037,Other,Utensils,338.0,Monsoon,0
2024-08-12,P037,Other,Utensils,338.0,Monsoon,0
2024-08-19,P037,Other,Utensils,255.0,Monsoon,0
2024-08-26,P037,Other,Utensils,345.0,Monsoon,0
2024-09-02,P037,Other,Utensils,192.0,Monsoon,0
2024-09-09,P037,Other,Utensils,325.0,Monsoon,0
2024-09-16,P037,Other,Utensils,355.0,Monsoon,0
2024-09-23,P037,Other,Utensils,313.0,Monsoon,0
2024-09-30,P037,Other,Utensils,295.0,Monsoon,0
2024-10-07,P037,Other,Utensils,382.0,Autumn,0
2024-10-14,P037,Other,Utensils,420.0,Autumn,0
2024-10-21,P037,Other,Utensils,556.0,Autumn,0
2024-10-28,P037,Other,Utensils,2311.0,Autumn,1
2024-11-04,P037,Other,Utensils,589.0,Autumn,0
2024-11-11,P037,Other,Utensils,361.0,Autumn,0
2024-11-18,P037,Other,Utensils,410.0,Autumn,0
2024-11-25,P037,Other,Utensils,383.0,Autumn,0
2024-12-02,P037,Other,Utensils,316.0,Winter,0
2024-12-09,P037,Other,Utensils,439.0,Winter,0
2024-12-16,P037,Other,Utensils,343.0,Winter,0
2024-12-23,P037,Other,Utensils,453.0,Winter,0
2021-01-04,P038,Other,Decorative Items,168.0,Winter,0
2021-01-11,P038,Other,Decorative Items,168.0,Winter,0
2021-01-18,P038,Other,Decorative Items,156.0,Winter,0
2021-01-25,P038,Other,Decorative Items,178.0,Winter,0
2021-02-01,P038,Other,Decorative Items,103.0,Winter,0
2021-02-08,P038,Other,Decorative Items,180.0,Winter,0
2021-02-15,P038,Other,Decorative Items,148.0,Winter,0
2021-02-22,P038,Other,Decorative Items,120.0,Winter,0
2021-03-01,P038,Other,Decorative Items,218.0,Summer,0
2021-03-08,P038,Other,Decorative Items,139.0,Summer,0
2021-03-15,P038,Other,Decorative Items,231.0,Summer,0
2021-03-22,P038,Other,Decorative Items,239.0,Summer,0
2021-03-29,P038,Other,Decorative Items,175.0,Summer,0
2021-04-05,P038,Other,Decorative Items,229.0,Summer,0
2021-04-12,P038,Other,Decorative Items,270.0,Summer,0
2021-04-19,P038,Other,Decorative Items,175.0,Summer,0
2021-04-26,P038,Other,Decorative Items,237.0,Summer,0
2021-05-03,P038,Other,Decorative Items,203.0,Summer,0
2021-05-10,P038,Other,Decorative Items,200.0,Summer,0
2021-05-17,P038,Other,Decorative Items,247.0,Summer,0
2021-05-24,P038,Other,Decorative Items,239.0,Summer,0
2021-05-31,P038,Other,Decorative Items,188.0,Summer,0
2021-06-07,P038,Other,Decorative Items,290.0,Summer,0
2021-06-14,P038,Other,Decorative Items,261.0,Summer,0
2021-06-21,P038,Other,Decorative Items,309.0,Summer,0
2021-06-28,P038,Other,Decorative Items,369.0,Summer,0
2021-07-05,P038,Other,Decorative Items,236.0,Monsoon,0
2021-07-12,P038,Other,Decorative Items,322.0,Monsoon,0
2021-07-19,P038,Other,Decorative Items,201.0,Monsoon,0
2021-07-26,P038,Other,Decorative Items,267.0,Monsoon,0
2021-08-02,P038,Other,Decorative Items,252.0,Monsoon,0
2021-08-09,P038,Other,Decorative Items,252.0,Monsoon,0
2021-08-16,P038,Other,Decorative Items,227.0,Monsoon,0
2021-08-23,P038,Other,Decorative Items,307.0,Monsoon,0
2021-08-30,P038,Other,Decorative Items,343.0,Monsoon,0
2021-09-06,P038,Other,Decorative Items,344.0,Monsoon,0
2021-09-13,P038,Other,Decorative Items,297.0,Monsoon,0
2021-09-20,P038,Other,Decorative Items,332.0,Monsoon,0
2021-09-27,P038,Other,Decorative Items,374.0,Monsoon,0
2021-10-04,P038,Other,Decorative Items,421.0,Autumn,0
2021-10-11,P038,Other,Decorative Items,464.0,Autumn,0
2021-10-18,P038,Other,Decorative Items,291.0,Autumn,0
2021-10-25,P038,Other,Decorative Items,443.0,Autumn,0
2021-11-01,P038,Other,Decorative Items,2180.0,Autumn,1
2021-11-08,P038,Other,Decorative Items,512.0,Autumn,0
2021-11-15,P038,Other,Decorative Items,518.0,Autumn,0
2021-11-22,P038,Other,Decorative Items,563.0,Autumn,0
2021-11-29,P038,Other,Decorative Items,493.0,Autumn,0
2021-12-06,P038,Other,Decorative Items,307.0,Winter,0
2021-12-13,P038,Other,Decorative Items,462.0,Winter,0
2021-12-20,P038,Other,Decorative Items,424.0,Winter,0
2021-12-27,P038,Other,Decorative Items,483.0,Winter,0
2022-01-03,P038,Other,Decorative Items,153.0,Winter,0
2022-01-10,P038,Other,Decorative Items,154.0,Winter,0
2022-01-17,P038,Other,Decorative Items,168.0,Winter,0
2022-01-24,P038,Other,Decorative Items,174.0,Winter,0
2022-01-31,P038,Other,Decorative Items,157.0,Winter,0
2022-02-07,P038,Other,Decorative Items,178.0,Winter,0
2022-02-14,P038,Other,Decorative Items,166.0,Winter,0
2022-02-21,P038,Other,Decorative Items,193.0,Winter,0
2022-02-28,P038,Other,Decorative Items,241.0,Winter,0
2022-03-07,P038,Other,Decorative Items,234.0,Summer,0
2022-03-14,P038,Other,Decorative Items,215.0,Summer,0
2022-03-21,P038,Other,Decorative Items,141.0,Summer,0
2022-03-28,P038,Other,Decorative Items,259.0,Summer,0
2022-04-04,P038,Other,Decorative Items,250.0,Summer,0
2022-04-11,P038,Other,Decorative Items,200.0,Summer,0
2022-04-18,P038,Other,Decorative Items,290.0,Summer,0
2022-04-25,P038,Other,Decorative Items,217.0,Summer,0
2022-05-02,P038,Other,Decorative Items,256.0,Summer,0
2022-05-09,P038,Other,Decorative Items,299.0,Summer,0
2022-05-16,P038,Other,Decorative Items,245.0,Summer,0
2022-05-23,P038,Other,Decorative Items,239.0,Summer,0
2022-05-30,P038,Other,Decorative Items,263.0,Summer,0
2022-06-06,P038,Other,Decorative Items,286.0,Summer,0
2022-06-13,P038,Other,Decorative Items,325.0,Summer,0
2022-06-20,P038,Other,Decorative Items,296.0,Summer,0
2022-06-27,P038,Other,Decorative Items,238.0,Summer,0
2022-07-04,P038,Other,Decorative Items,385.0,Monsoon,0
2022-07-11,P038,Other,Decorative Items,246.0,Monsoon,0
2022-07-18,P038,Other,Decorative Items,288.0,Monsoon,0
2022-07-25,P038,Other,Decorative Items,284.0,Monsoon,0
2022-08-01,P038,Other,Decorative Items,355.0,Monsoon,0
2022-08-08,P038,Other,Decorative Items,242.0,Monsoon,0
2022-08-15,P038,Other,Decorative Items,219.0,Monsoon,0
2022-08-22,P038,Other,Decorative Items,253.0,Monsoon,0
2022-08-29,P038,Other,Decorative Items,336.0,Monsoon,0
2022-09-05,P038,Other,Decorative Items,360.0,Monsoon,0
2022-09-12,P038,Other,Decorative Items,420.0,Monsoon,0
2022-09-19,P038,Other,Decorative Items,375.0,Monsoon,0
2022-09-26,P038,Other,Decorative Items,425.0,Monsoon,0
2022-10-03,P038,Other,Decorative Items,501.0,Autumn,0
2022-10-10,P038,Other,Decorative Items,419.0,Autumn,0
2022-10-17,P038,Other,Decorative Items,532.0,Autumn,0
2022-10-24,P038,Other,Decorative Items,2023.0,Autumn,1
2022-10-31,P038,Other,Decorative Items,395.0,Autumn,0
2022-11-07,P038,Other,Decorative Items,583.0,Autumn,0
2022-11-14,P038,Other,Decorative Items,526.0,Autumn,0
2022-11-21,P038,Other,Decorative Items,604.0,Autumn,0
2022-11-28,P038,Other,Decorative Items,532.0,Autumn,0
2022-12-05,P038,Other,Decorative Items,376.0,Winter,0
2022-12-12,P038,Other,Decorative Items,539.0,Winter,0
2022-12-19,P038,Other,Decorative Items,341.0,Winter,0
2022-12-26,P038,Other,Decorative Items,340.0,Winter,0
2023-01-02,P038,Other,Decorative Items,128.0,Winter,0
2023-01-09,P038,Other,Decorative Items,214.0,Winter,0
2023-01-16,P038,Other,Decorative Items,215.0,Winter,0
2023-01-23,P038,Other,Decorative Items,213.0,Winter,0
2023-01-30,P038,Other,Decorative Items,232.0,Winter,0
2023-02-06,P038,Other,Decorative Items,219.0,Winter,0
2023-02-13,P038,Other,Decorative Items,140.0,Winter,0
2023-02-20,P038,Other,Decorative Items,180.0,Winter,0
2023-02-27,P038,Other,Decorative Items,275.0,Winter,0
2023-03-06,P038,Other,Decorative Items,208.0,Summer,0
2023-03-13,P038,Other,Decorative Items,187.0,Summer,0
2023-03-20,P038,Other,Decorative Items,216.0,Summer,0
2023-03-27,P038,Other,Decorative Items,229.0,Summer,0
2023-04-03,P038,Other,Decorative Items,254.0,Summer,0
2023-04-10,P038,Other,Decorative Items,271.0,Summer,0
2023-04-17,P038,Other,Decorative Items,249.0,Summer,0
2023-04-24,P038,Other,Decorative Items,212.0,Summer,0
2023-05-01,P038,Other,Decorative Items,300.0,Summer,0
2023-05-08,P038,Other,Decorative Items,253.0,Summer,0
2023-05-15,P038,Other,Decorative Items,345.0,Summer,0
2023-05-22,P038,Other,Decorative Items,266.0,Summer,0
2023-05-29,P038,Other,Decorative Items,247.0,Summer,0
2023-06-05,P038,Other,Decorative Items,252.0,Summer,0
2023-06-12,P038,Other,Decorative Items,326.0,Summer,0
2023-06-19,P038,Other,Decorative Items,285.0,Summer,0
2023-06-26,P038,Other,Decorative Items,303.0,Summer,0
2023-07-03,P038,Other,Decorative Items,294.0,Monsoon,0
2023-07-10,P038,Other,Decorative Items,244.0,Monsoon,0
2023-07-17,P038,Other,Decorative Items,302.0,Monsoon,0
2023-07-24,P038,Other,Decorative Items,371.0,Monsoon,0
2023-07-31,P038,Other,Decorative Items,345.0,Monsoon,0
2023-08-07,P038,Other,Decorative Items,352.0,Monsoon,0
2023-08-14,P038,Other,Decorative Items,299.0,Monsoon,0
2023-08-21,P038,Other,Decorative Items,334.0,Monsoon,0
2023-08-28,P038,Other,Decorative Items,262.0,Monsoon,0
2023-09-04,P038,Other,Decorative Items,420.0,Monsoon,0
2023-09-11,P038,Other,Decorative Items,229.0,Monsoon,0
2023-09-18,P038,Other,Decorative Items,407.0,Monsoon,0
2023-09-25,P038,Other,Decorative Items,354.0,Monsoon,0
2023-10-02,P038,Other,Decorative Items,483.0,Autumn,0
2023-10-09,P038,Other,Decorative Items,484.0,Autumn,0
2023-10-16,P038,Other,Decorative Items,579.0,Autumn,0
2023-10-23,P038,Other,Decorative Items,630.0,Autumn,0
2023-10-30,P038,Other,Decorative Items,340.0,Autumn,0
2023-11-06,P038,Other,Decorative Items,2199.0,Autumn,1
2023-11-13,P038,Other,Decorative Items,464.0,Autumn,0
2023-11-20,P038,Other,Decorative Items,622.0,Autumn,0
2023-11-27,P038,Other,Decorative Items,464.0,Autumn,0
2023-12-04,P038,Other,Decorative Items,464.0,Winter,0
2023-12-11,P038,Other,Decorative Items,420.0,Winter,0
2023-12-18,P038,Other,Decorative Items,547.0,Winter,0
2023-12-25,P038,Other,Decorative Items,328.0,Winter,0
2024-01-01,P038,Other,Decorative Items,187.0,Winter,0
2024-01-08,P038,Other,Decorative Items,208.0,Winter,0
2024-01-15,P038,Other,Decorative Items,234.0,Winter,0
2024-01-22,P038,Other,Decorative Items,150.0,Winter,0
2024-01-29,P038,Other,Decorative Items,148.0,Winter,0
2024-02-05,P038,Other,Decorative Items,207.0,Winter,0
2024-02-12,P038,Other,Decorative Items,183.0,Winter,0
2024-02-19,P038,Other,Decorative Items,209.0,Winter,0
2024-02-26,P038,Other,Decorative Items,215.0,Winter,0
2024-03-04,P038,Other,Decorative Items,250.0,Summer,0
2024-03-11,P038,Other,Decorative Items,241.0,Summer,0
2024-03-18,P038,Other,Decorative Items,307.0,Summer,0
2024-03-25,P038,Other,Decorative Items,256.0,Summer,0
2024-04-01,P038,Other,Decorative Items,137.0,Summer,0
2024-04-08,P038,Other,Decorative Items,223.0,Summer,0
2024-04-15,P038,Other,Decorative Items,213.0,Summer,0
2024-04-22,P038,Other,Decorative Items,206.0,Summer,0
2024-04-29,P038,Other,Decorative Items,237.0,Summer,0
2024-05-06,P038,Other,Decorative Items,303.0,Summer,0
2024-05-13,P038,Other,Decorative Items,314.0,Summer,0
2024-05-20,P038,Other,Decorative Items,220.0,Summer,0
2024-05-27,P038,Other,Decorative Items,266.0,Summer,0
2024-06-03,P038,Other,Decorative Items,292.0,Summer,0
2024-06-10,P038,Other,Decorative Items,358.0,Summer,0
2024-06-17,P038,Other,Decorative Items,206.0,Summer,0
2024-06-24,P038,Other,Decorative Items,281.0,Summer,0
2024-07-01,P038,Other,Decorative Items,319.0,Monsoon,0
2024-07-08,P038,Other,Decorative Items,372.0,Monsoon,0
2024-07-15,P038,Other,Decorative Items,298.0,Monsoon,0
2024-07-22,P038,Other,Decorative Items,295.0,Monsoon,0
2024-07-29,P038,Other,Decorative Items,323.0,Monsoon,0
2024-08-05,P038,Other,Decorative Items,296.0,Monsoon,0
2024-08-12,P038,Other,Decorative Items,365.0,Monsoon,0
2024-08-19,P038,Other,Decorative Items,470.0,Monsoon,0
2024-08-26,P038,Other,Decorative Items,284.0,Monsoon,0
2024-09-02,P038,Other,Decorative Items,354.0,Monsoon,0
2024-09-09,P038,Other,Decorative Items,366.0,Monsoon,0
2024-09-16,P038,Other,Decorative Items,368.0,Monsoon,0
2024-09-23,P038,Other,Decorative Items,345.0,Monsoon,0
2024-09-30,P038,Other,Decorative Items,356.0,Monsoon,0
2024-10-07,P038,Other,Decorative Items,505.0,Autumn,0
2024-10-14,P038,Other,Decorative Items,483.0,Autumn,0
2024-10-21,P038,Other,Decorative Items,619.0,Autumn,0
2024-10-28,P038,Other,Decorative Items,2038.0,Autumn,1
2024-11-04,P038,Other,Decorative Items,443.0,Autumn,0
2024-11-11,P038,Other,Decorative Items,475.0,Autumn,0
2024-11-18,P038,Other,Decorative Items,585.0,Autumn,0
2024-11-25,P038,Other,Decorative Items,576.0,Autumn,0
2024-12-02,P038,Other,Decorative Items,361.0,Winter,0
2024-12-09,P038,Other,Decorative Items,484.0,Winter,0
2024-12-16,P038,Other,Decorative Items,390.0,Winter,0
2024-12-23,P038,Other,Decorative Items,355.0,Winter,0
