date,product_id,category,product_name,units_sold,season,festival_flag
2021-01-04,P001,Electronics,Smartphone,156,Winter,0
2021-01-11,P001,Electronics,Smartphone,178,Winter,0
2021-01-18,P001,Electronics,Smartphone,127,Winter,0
2021-01-25,P001,Electronics,Smartphone,168,Winter,0
2021-02-01,P001,Electronics,Smartphone,192,Winter,0
2021-02-08,P001,Electronics,Smartphone,156,Winter,0
2021-02-15,P001,Electronics,Smartphone,184,Winter,0
2021-02-22,P001,Electronics,Smartphone,177,Winter,0
2021-03-01,P001,Electronics,Smartphone,182,Summer,0
2021-03-08,P001,Electronics,Smartphone,170,Summer,0
2021-03-15,P001,Electronics,Smartphone,167,Summer,0
2021-03-22,P001,Electronics,Smartphone,178,Summer,0
2021-03-29,P001,Electronics,Smartphone,188,Summer,0
2021-04-05,P001,Electronics,Smartphone,161,Summer,0
2021-04-12,P001,Electronics,Smartphone,185,Summer,0
2021-04-19,P001,Electronics,Smartphone,181,Summer,0
2021-04-26,P001,Electronics,Smartphone,212,Summer,0
2021-05-03,P001,Electronics,Smartphone,179,Summer,0
2021-05-10,P001,Electronics,Smartphone,167,Summer,0
2021-05-17,P001,Electronics,Smartphone,234,Summer,0
2021-05-24,P001,Electronics,Smartphone,126,Summer,0
2021-05-31,P001,Electronics,Smartphone,212,Summer,0
2021-06-07,P001,Electronics,Smartphone,203,Summer,0
2021-06-14,P001,Electronics,Smartphone,151,Summer,0
2021-06-21,P001,Electronics,Smartphone,212,Summer,0
2021-06-28,P001,Electronics,Smartphone,192,Summer,0
2021-07-05,P001,Electronics,Smartphone,171,Monsoon,0
2021-07-12,P001,Electronics,Smartphone,150,Monsoon,0
2021-07-19,P001,Electronics,Smartphone,197,Monsoon,0
2021-07-26,P001,Electronics,Smartphone,162,Monsoon,0
2021-08-02,P001,Electronics,Smartphone,144,Monsoon,0
2021-08-09,P001,Electronics,Smartphone,172,Monsoon,0
2021-08-16,P001,Electronics,Smartphone,169,Monsoon,0
2021-08-23,P001,Electronics,Smartphone,183,Monsoon,0
2021-08-30,P001,Electronics,Smartphone,177,Monsoon,0
2021-09-06,P001,Electronics,Smartphone,214,Monsoon,0
2021-09-13,P001,Electronics,Smartphone,201,Monsoon,0
2021-09-20,P001,Electronics,Smartphone,177,Monsoon,0
2021-09-27,P001,Electronics,Smartphone,157,Monsoon,0
2021-10-04,P001,Electronics,Smartphone,214,Autumn,0
2021-10-11,P001,Electronics,Smartphone,203,Autumn,0
2021-10-18,P001,Electronics,Smartphone,254,Autumn,0
2021-10-25,P001,Electronics,Smartphone,189,Autumn,0
2021-11-01,P001,Electronics,Smartphone,969,Autumn,1
2021-11-08,P001,Electronics,Smartphone,194,Autumn,0
2021-11-15,P001,Electronics,Smartphone,184,Autumn,0
2021-11-22,P001,Electronics,Smartphone,140,Autumn,0
2021-11-29,P001,Electronics,Smartphone,201,Autumn,0
2021-12-06,P001,Electronics,Smartphone,158,Winter,0
2021-12-13,P001,Electronics,Smartphone,167,Winter,0
2021-12-20,P001,Electronics,Smartphone,180,Winter,0
2021-12-27,P001,Electronics,Smartphone,174,Winter,0
2022-01-03,P001,Electronics,Smartphone,144,Winter,0
2022-01-10,P001,Electronics,Smartphone,166,Winter,0
2022-01-17,P001,Electronics,Smartphone,215,Winter,0
2022-01-24,P001,Electronics,Smartphone,208,Winter,0
2022-01-31,P001,Electronics,Smartphone,209,Winter,0
2022-02-07,P001,Electronics,Smartphone,194,Winter,0
2022-02-14,P001,Electronics,Smartphone,208,Winter,0
2022-02-21,P001,Electronics,Smartphone,196,Winter,0
2022-02-28,P001,Electronics,Smartphone,184,Winter,0
2022-03-07,P001,Electronics,Smartphone,222,Summer,0
2022-03-14,P001,Electronics,Smartphone,182,Summer,0
2022-03-21,P001,Electronics,Smartphone,167,Summer,0
2022-03-28,P001,Electronics,Smartphone,223,Summer,0
2022-04-04,P001,Electronics,Smartphone,224,Summer,0
2022-04-11,P001,Electronics,Smartphone,144,Summer,0
2022-04-18,P001,Electronics,Smartphone,207,Summer,0
2022-04-25,P001,Electronics,Smartphone,131,Summer,0
2022-05-02,P001,Electronics,Smartphone,219,Summer,0
2022-05-09,P001,Electronics,Smartphone,162,Summer,0
2022-05-16,P001,Electronics,Smartphone,211,Summer,0
2022-05-23,P001,Electronics,Smartphone,171,Summer,0
2022-05-30,P001,Electronics,Smartphone,198,Summer,0
2022-06-06,P001,Electronics,Smartphone,150,Summer,0
2022-06-13,P001,Electronics,Smartphone,181,Summer,0
2022-06-20,P001,Electronics,Smartphone,187,Summer,0
2022-06-27,P001,Electronics,Smartphone,216,Summer,0
2022-07-04,P001,Electronics,Smartphone,240,Monsoon,0
2022-07-11,P001,Electronics,Smartphone,205,Monsoon,0
2022-07-18,P001,Electronics,Smartphone,197,Monsoon,0
2022-07-25,P001,Electronics,Smartphone,160,Monsoon,0
2022-08-01,P001,Electronics,Smartphone,149,Monsoon,0
2022-08-08,P001,Electronics,Smartphone,194,Monsoon,0
2022-08-15,P001,Electronics,Smartphone,193,Monsoon,0
2022-08-22,P001,Electronics,Smartphone,206,Monsoon,0
2022-08-29,P001,Electronics,Smartphone,209,Monsoon,0
2022-09-05,P001,Electronics,Smartphone,199,Monsoon,0
2022-09-12,P001,Electronics,Smartphone,147,Monsoon,0
2022-09-19,P001,Electronics,Smartphone,214,Monsoon,0
2022-09-26,P001,Electronics,Smartphone,186,Monsoon,0
2022-10-03,P001,Electronics,Smartphone,162,Autumn,0
2022-10-10,P001,Electronics,Smartphone,177,Autumn,0
2022-10-17,P001,Electronics,Smartphone,149,Autumn,0
2022-10-24,P001,Electronics,Smartphone,953,Autumn,1
2022-10-31,P001,Electronics,Smartphone,210,Autumn,0
2022-11-07,P001,Electronics,Smartphone,179,Autumn,0
2022-11-14,P001,Electronics,Smartphone,164,Autumn,0
2022-11-21,P001,Electronics,Smartphone,181,Autumn,0
2022-11-28,P001,Electronics,Smartphone,202,Autumn,0
2022-12-05,P001,Electronics,Smartphone,150,Winter,0
2022-12-12,P001,Electronics,Smartphone,160,Winter,0
2022-12-19,P001,Electronics,Smartphone,192,Winter,0
2022-12-26,P001,Electronics,Smartphone,153,Winter,0
2023-01-02,P001,Electronics,Smartphone,253,Winter,0
2023-01-09,P001,Electronics,Smartphone,192,Winter,0
2023-01-16,P001,Electronics,Smartphone,169,Winter,0
2023-01-23,P001,Electronics,Smartphone,172,Winter,0
2023-01-30,P001,Electronics,Smartphone,182,Winter,0
2023-02-06,P001,Electronics,Smartphone,179,Winter,0
2023-02-13,P001,Electronics,Smartphone,134,Winter,0
2023-02-20,P001,Electronics,Smartphone,233,Winter,0
2023-02-27,P001,Electronics,Smartphone,196,Winter,0
2023-03-06,P001,Electronics,Smartphone,195,Summer,0
2023-03-13,P001,Electronics,Smartphone,220,Summer,0
2023-03-20,P001,Electronics,Smartphone,165,Summer,0
2023-03-27,P001,Electronics,Smartphone,174,Summer,0
2023-04-03,P001,Electronics,Smartphone,210,Summer,0
2023-04-10,P001,Electronics,Smartphone,194,Summer,0
2023-04-17,P001,Electronics,Smartphone,206,Summer,0
2023-04-24,P001,Electronics,Smartphone,194,Summer,0
2023-05-01,P001,Electronics,Smartphone,189,Summer,0
2023-05-08,P001,Electronics,Smartphone,238,Summer,0
2023-05-15,P001,Electronics,Smartphone,227,Summer,0
2023-05-22,P001,Electronics,Smartphone,122,Summer,0
2023-05-29,P001,Electronics,Smartphone,240,Summer,0
2023-06-05,P001,Electronics,Smartphone,260,Summer,0
2023-06-12,P001,Electronics,Smartphone,232,Summer,0
2023-06-19,P001,Electronics,Smartphone,190,Summer,0
2023-06-26,P001,Electronics,Smartphone,176,Summer,0
2023-07-03,P001,Electronics,Smartphone,218,Monsoon,0
2023-07-10,P001,Electronics,Smartphone,178,Monsoon,0
2023-07-17,P001,Electronics,Smartphone,207,Monsoon,0
2023-07-24,P001,Electronics,Smartphone,195,Monsoon,0
2023-07-31,P001,Electronics,Smartphone,232,Monsoon,0
2023-08-07,P001,Electronics,Smartphone,185,Monsoon,0
2023-08-14,P001,Electronics,Smartphone,183,Monsoon,0
2023-08-21,P001,Electronics,Smartphone,207,Monsoon,0
2023-08-28,P001,Electronics,Smartphone,253,Monsoon,0
2023-09-04,P001,Electronics,Smartphone,198,Monsoon,0
2023-09-11,P001,Electronics,Smartphone,184,Monsoon,0
2023-09-18,P001,Electronics,Smartphone,221,Monsoon,0
2023-09-25,P001,Electronics,Smartphone,217,Monsoon,0
2023-10-02,P001,Electronics,Smartphone,168,Autumn,0
2023-10-09,P001,Electronics,Smartphone,180,Autumn,0
2023-10-16,P001,Electronics,Smartphone,228,Autumn,0
2023-10-23,P001,Electronics,Smartphone,209,Autumn,0
2023-10-30,P001,Electronics,Smartphone,123,Autumn,0
2023-11-06,P001,Electronics,Smartphone,1036,Autumn,1
2023-11-13,P001,Electronics,Smartphone,223,Autumn,0
2023-11-20,P001,Electronics,Smartphone,171,Autumn,0
2023-11-27,P001,Electronics,Smartphone,216,Autumn,0
2023-12-04,P001,Electronics,Smartphone,251,Winter,0
2023-12-11,P001,Electronics,Smartphone,208,Winter,0
2023-12-18,P001,Electronics,Smartphone,178,Winter,0
2023-12-25,P001,Electronics,Smartphone,181,Winter,0
2024-01-01,P001,Electronics,Smartphone,204,Winter,0
2024-01-08,P001,Electronics,Smartphone,215,Winter,0
2024-01-15,P001,Electronics,Smartphone,205,Winter,0
2024-01-22,P001,Electronics,Smartphone,219,Winter,0
2024-01-29,P001,Electronics,Smartphone,199,Winter,0
2024-02-05,P001,Electronics,Smartphone,209,Winter,0
2024-02-12,P001,Electronics,Smartphone,233,Winter,0
2024-02-19,P001,Electronics,Smartphone,171,Winter,0
2024-02-26,P001,Electronics,Smartphone,207,Winter,0
2024-03-04,P001,Electronics,Smartphone,207,Summer,0
2024-03-11,P001,Electronics,Smartphone,231,Summer,0
2024-03-18,P001,Electronics,Smartphone,196,Summer,0
2024-03-25,P001,Electronics,Smartphone,223,Summer,0
2024-04-01,P001,Electronics,Smartphone,237,Summer,0
2024-04-08,P001,Electronics,Smartphone,147,Summer,0
2024-04-15,P001,Electronics,Smartphone,239,Summer,0
2024-04-22,P001,Electronics,Smartphone,173,Summer,0
2024-04-29,P001,Electronics,Smartphone,170,Summer,0
2024-05-06,P001,Electronics,Smartphone,115,Summer,0
2024-05-13,P001,Electronics,Smartphone,179,Summer,0
2024-05-20,P001,Electronics,Smartphone,203,Summer,0
2024-05-27,P001,Electronics,Smartphone,192,Summer,0
2024-06-03,P001,Electronics,Smartphone,189,Summer,0
2024-06-10,P001,Electronics,Smartphone,169,Summer,0
2024-06-17,P001,Electronics,Smartphone,230,Summer,0
2024-06-24,P001,Electronics,Smartphone,233,Summer,0
2024-07-01,P001,Electronics,Smartphone,216,Monsoon,0
2024-07-08,P001,Electronics,Smartphone,146,Monsoon,0
2024-07-15,P001,Electronics,Smartphone,273,Monsoon,0
2024-07-22,P001,Electronics,Smartphone,208,Monsoon,0
2024-07-29,P001,Electronics,Smartphone,220,Monsoon,0
2024-08-05,P001,Electronics,Smartphone,158,Monsoon,0
2024-08-12,P001,Electronics,Smartphone,203,Monsoon,0
2024-08-19,P001,Electronics,Smartphone,216,Monsoon,0
2024-08-26,P001,Electronics,Smartphone,199,Monsoon,0
2024-09-02,P001,Electronics,Smartphone,230,Monsoon,0
2024-09-09,P001,Electronics,Smartphone,243,Monsoon,0
2024-09-16,P001,Electronics,Smartphone,162,Monsoon,0
2024-09-23,P001,Electronics,Smartphone,229,Monsoon,0
2024-09-30,P001,Electronics,Smartphone,215,Monsoon,0
2024-10-07,P001,Electronics,Smartphone,203,Autumn,0
2024-10-14,P001,Electronics,Smartphone,155,Autumn,0
2024-10-21,P001,Electronics,Smartphone,249,Autumn,0
2024-10-28,P001,Electronics,Smartphone,1010,Autumn,1
2024-11-04,P001,Electronics,Smartphone,149,Autumn,0
2024-11-11,P001,Electronics,Smartphone,196,Autumn,0
2024-11-18,P001,Electronics,Smartphone,213,Autumn,0
2024-11-25,P001,Electronics,Smartphone,219,Autumn,0
2024-12-02,P001,Electronics,Smartphone,199,Winter,0
2024-12-09,P001,Electronics,Smartphone,214,Winter,0
2024-12-16,P001,Electronics,Smartphone,268,Winter,0
2024-12-23,P001,Electronics,Smartphone,251,Winter,0
2021-01-04,P002,Electronics,Laptop,170,Winter,0
2021-01-11,P002,Electronics,Laptop,150,Winter,0
2021-01-18,P002,Electronics,Laptop,181,Winter,0
2021-01-25,P002,Electronics,Laptop,220,Winter,0
2021-02-01,P002,Electronics,Laptop,201,Winter,0
2021-02-08,P002,Electronics,Laptop,158,Winter,0
2021-02-15,P002,Electronics,Laptop,200,Winter,0
2021-02-22,P002,Electronics,Laptop,206,Winter,0
2021-03-01,P002,Electronics,Laptop,169,Summer,0
2021-03-08,P002,Electronics,Laptop,199,Summer,0
2021-03-15,P002,Electronics,Laptop,196,Summer,0
2021-03-22,P002,Electronics,Laptop,161,Summer,0
2021-03-29,P002,Electronics,Laptop,205,Summer,0
2021-04-05,P002,Electronics,Laptop,211,Summer,0
2021-04-12,P002,Electronics,Laptop,226,Summer,0
2021-04-19,P002,Electronics,Laptop,225,Summer,0
2021-04-26,P002,Electronics,Laptop,154,Summer,0
2021-05-03,P002,Electronics,Laptop,167,Summer,0
2021-05-10,P002,Electronics,Laptop,210,Summer,0
2021-05-17,P002,Electronics,Laptop,210,Summer,0
2021-05-24,P002,Electronics,Laptop,210,Summer,0
2021-05-31,P002,Electronics,Laptop,307,Summer,0
2021-06-07,P002,Electronics,Laptop,211,Summer,0
2021-06-14,P002,Electronics,Laptop,228,Summer,0
2021-06-21,P002,Electronics,Laptop,222,Summer,0
2021-06-28,P002,Electronics,Laptop,214,Summer,0
2021-07-05,P002,Electronics,Laptop,185,Monsoon,0
2021-07-12,P002,Electronics,Laptop,217,Monsoon,0
2021-07-19,P002,Electronics,Laptop,172,Monsoon,0
2021-07-26,P002,Electronics,Laptop,188,Monsoon,0
2021-08-02,P002,Electronics,Laptop,180,Monsoon,0
2021-08-09,P002,Electronics,Laptop,197,Monsoon,0
2021-08-16,P002,Electronics,Laptop,262,Monsoon,0
2021-08-23,P002,Electronics,Laptop,140,Monsoon,0
2021-08-30,P002,Electronics,Laptop,215,Monsoon,0
2021-09-06,P002,Electronics,Laptop,147,Monsoon,0
2021-09-13,P002,Electronics,Laptop,181,Monsoon,0
2021-09-20,P002,Electronics,Laptop,226,Monsoon,0
2021-09-27,P002,Electronics,Laptop,196,Monsoon,0
2021-10-04,P002,Electronics,Laptop,163,Autumn,0
2021-10-11,P002,Electronics,Laptop,174,Autumn,0
2021-10-18,P002,Electronics,Laptop,214,Autumn,0
2021-10-25,P002,Electronics,Laptop,173,Autumn,0
2021-11-01,P002,Electronics,Laptop,860,Autumn,1
2021-11-08,P002,Electronics,Laptop,196,Autumn,0
2021-11-15,P002,Electronics,Laptop,175,Autumn,0
2021-11-22,P002,Electronics,Laptop,257,Autumn,0
2021-11-29,P002,Electronics,Laptop,213,Autumn,0
2021-12-06,P002,Electronics,Laptop,135,Winter,0
2021-12-13,P002,Electronics,Laptop,200,Winter,0
2021-12-20,P002,Electronics,Laptop,175,Winter,0
2021-12-27,P002,Electronics,Laptop,219,Winter,0
2022-01-03,P002,Electronics,Laptop,178,Winter,0
2022-01-10,P002,Electronics,Laptop,199,Winter,0
2022-01-17,P002,Electronics,Laptop,218,Winter,0
2022-01-24,P002,Electronics,Laptop,229,Winter,0
2022-01-31,P002,Electronics,Laptop,166,Winter,0
2022-02-07,P002,Electronics,Laptop,192,Winter,0
2022-02-14,P002,Electronics,Laptop,188,Winter,0
2022-02-21,P002,Electronics,Laptop,182,Winter,0
2022-02-28,P002,Electronics,Laptop,256,Winter,0
2022-03-07,P002,Electronics,Laptop,215,Summer,0
2022-03-14,P002,Electronics,Laptop,164,Summer,0
2022-03-21,P002,Electronics,Laptop,230,Summer,0
2022-03-28,P002,Electronics,Laptop,267,Summer,0
2022-04-04,P002,Electronics,Laptop,234,Summer,0
2022-04-11,P002,Electronics,Laptop,156,Summer,0
2022-04-18,P002,Electronics,Laptop,188,Summer,0
2022-04-25,P002,Electronics,Laptop,241,Summer,0
2022-05-02,P002,Electronics,Laptop,181,Summer,0
2022-05-09,P002,Electronics,Laptop,216,Summer,0
2022-05-16,P002,Electronics,Laptop,226,Summer,0
2022-05-23,P002,Electronics,Laptop,174,Summer,0
2022-05-30,P002,Electronics,Laptop,200,Summer,0
2022-06-06,P002,Electronics,Laptop,104,Summer,0
2022-06-13,P002,Electronics,Laptop,171,Summer,0
2022-06-20,P002,Electronics,Laptop,195,Summer,0
2022-06-27,P002,Electronics,Laptop,164,Summer,0
2022-07-04,P002,Electronics,Laptop,252,Monsoon,0
2022-07-11,P002,Electronics,Laptop,159,Monsoon,0
2022-07-18,P002,Electronics,Laptop,189,Monsoon,0
2022-07-25,P002,Electronics,Laptop,206,Monsoon,0
2022-08-01,P002,Electronics,Laptop,246,Monsoon,0
2022-08-08,P002,Electronics,Laptop,159,Monsoon,0
2022-08-15,P002,Electronics,Laptop,238,Monsoon,0
2022-08-22,P002,Electronics,Laptop,203,Monsoon,0
2022-08-29,P002,Electronics,Laptop,172,Monsoon,0
2022-09-05,P002,Electronics,Laptop,216,Monsoon,0
2022-09-12,P002,Electronics,Laptop,208,Monsoon,0
2022-09-19,P002,Electronics,Laptop,184,Monsoon,0
2022-09-26,P002,Electronics,Laptop,204,Monsoon,0
2022-10-03,P002,Electronics,Laptop,191,Autumn,0
2022-10-10,P002,Electronics,Laptop,206,Autumn,0
2022-10-17,P002,Electronics,Laptop,222,Autumn,0
2022-10-24,P002,Electronics,Laptop,1333,Autumn,1
2022-10-31,P002,Electronics,Laptop,165,Autumn,0
2022-11-07,P002,Electronics,Laptop,267,Autumn,0
2022-11-14,P002,Electronics,Laptop,143,Autumn,0
2022-11-21,P002,Electronics,Laptop,198,Autumn,0
2022-11-28,P002,Electronics,Laptop,220,Autumn,0
2022-12-05,P002,Electronics,Laptop,211,Winter,0
2022-12-12,P002,Electronics,Laptop,183,Winter,0
2022-12-19,P002,Electronics,Laptop,196,Winter,0
2022-12-26,P002,Electronics,Laptop,187,Winter,0
2023-01-02,P002,Electronics,Laptop,191,Winter,0
2023-01-09,P002,Electronics,Laptop,237,Winter,0
2023-01-16,P002,Electronics,Laptop,221,Winter,0
2023-01-23,P002,Electronics,Laptop,188,Winter,0
2023-01-30,P002,Electronics,Laptop,239,Winter,0
2023-02-06,P002,Electronics,Laptop,220,Winter,0
2023-02-13,P002,Electronics,Laptop,236,Winter,0
2023-02-20,P002,Electronics,Laptop,230,Winter,0
2023-02-27,P002,Electronics,Laptop,184,Winter,0
2023-03-06,P002,Electronics,Laptop,192,Summer,0
2023-03-13,P002,Electronics,Laptop,234,Summer,0
2023-03-20,P002,Electronics,Laptop,229,Summer,0
2023-03-27,P002,Electronics,Laptop,209,Summer,0
2023-04-03,P002,Electronics,Laptop,214,Summer,0
2023-04-10,P002,Electronics,Laptop,250,Summer,0
2023-04-17,P002,Electronics,Laptop,191,Summer,0
2023-04-24,P002,Electronics,Laptop,227,Summer,0
2023-05-01,P002,Electronics,Laptop,204,Summer,0
2023-05-08,P002,Electronics,Laptop,203,Summer,0
2023-05-15,P002,Electronics,Laptop,245,Summer,0
2023-05-22,P002,Electronics,Laptop,236,Summer,0
2023-05-29,P002,Electronics,Laptop,236,Summer,0
2023-06-05,P002,Electronics,Laptop,251,Summer,0
2023-06-12,P002,Electronics,Laptop,211,Summer,0
2023-06-19,P002,Electronics,Laptop,232,Summer,0
2023-06-26,P002,Electronics,Laptop,200,Summer,0
2023-07-03,P002,Electronics,Laptop,220,Monsoon,0
2023-07-10,P002,Electronics,Laptop,206,Monsoon,0
2023-07-17,P002,Electronics,Laptop,213,Monsoon,0
2023-07-24,P002,Electronics,Laptop,229,Monsoon,0
2023-07-31,P002,Electronics,Laptop,184,Monsoon,0
2023-08-07,P002,Electronics,Laptop,276,Monsoon,0
2023-08-14,P002,Electronics,Laptop,178,Monsoon,0
2023-08-21,P002,Electronics,Laptop,172,Monsoon,0
2023-08-28,P002,Electronics,Laptop,247,Monsoon,0
2023-09-04,P002,Electronics,Laptop,235,Monsoon,0
2023-09-11,P002,Electronics,Laptop,230,Monsoon,0
2023-09-18,P002,Electronics,Laptop,230,Monsoon,0
2023-09-25,P002,Electronics,Laptop,210,Monsoon,0
2023-10-02,P002,Electronics,Laptop,182,Autumn,0
2023-10-09,P002,Electronics,Laptop,212,Autumn,0
2023-10-16,P002,Electronics,Laptop,189,Autumn,0
2023-10-23,P002,Electronics,Laptop,241,Autumn,0
2023-10-30,P002,Electronics,Laptop,205,Autumn,0
2023-11-06,P002,Electronics,Laptop,907,Autumn,1
2023-11-13,P002,Electronics,Laptop,200,Autumn,0
2023-11-20,P002,Electronics,Laptop,223,Autumn,0
2023-11-27,P002,Electronics,Laptop,192,Autumn,0
2023-12-04,P002,Electronics,Laptop,184,Winter,0
2023-12-11,P002,Electronics,Laptop,218,Winter,0
2023-12-18,P002,Electronics,Laptop,218,Winter,0
2023-12-25,P002,Electronics,Laptop,194,Winter,0
2024-01-01,P002,Electronics,Laptop,202,Winter,0
2024-01-08,P002,Electronics,Laptop,226,Winter,0
2024-01-15,P002,Electronics,Laptop,170,Winter,0
2024-01-22,P002,Electronics,Laptop,172,Winter,0
2024-01-29,P002,Electronics,Laptop,194,Winter,0
2024-02-05,P002,Electronics,Laptop,211,Winter,0
2024-02-12,P002,Electronics,Laptop,228,Winter,0
2024-02-19,P002,Electronics,Laptop,266,Winter,0
2024-02-26,P002,Electronics,Laptop,246,Winter,0
2024-03-04,P002,Electronics,Laptop,213,Summer,0
2024-03-11,P002,Electronics,Laptop,217,Summer,0
2024-03-18,P002,Electronics,Laptop,185,Summer,0
2024-03-25,P002,Electronics,Laptop,217,Summer,0
2024-04-01,P002,Electronics,Laptop,208,Summer,0
2024-04-08,P002,Electronics,Laptop,228,Summer,0
2024-04-15,P002,Electronics,Laptop,191,Summer,0
2024-04-22,P002,Electronics,Laptop,235,Summer,0
2024-04-29,P002,Electronics,Laptop,268,Summer,0
2024-05-06,P002,Electronics,Laptop,214,Summer,0
2024-05-13,P002,Electronics,Laptop,231,Summer,0
2024-05-20,P002,Electronics,Laptop,241,Summer,0
2024-05-27,P002,Electronics,Laptop,205,Summer,0
2024-06-03,P002,Electronics,Laptop,225,Summer,0
2024-06-10,P002,Electronics,Laptop,218,Summer,0
2024-06-17,P002,Electronics,Laptop,221,Summer,0
2024-06-24,P002,Electronics,Laptop,193,Summer,0
2024-07-01,P002,Electronics,Laptop,219,Monsoon,0
2024-07-08,P002,Electronics,Laptop,234,Monsoon,0
2024-07-15,P002,Electronics,Laptop,265,Monsoon,0
2024-07-22,P002,Electronics,Laptop,249,Monsoon,0
2024-07-29,P002,Electronics,Laptop,288,Monsoon,0
2024-08-05,P002,Electronics,Laptop,193,Monsoon,0
2024-08-12,P002,Electronics,Laptop,246,Monsoon,0
2024-08-19,P002,Electronics,Laptop,224,Monsoon,0
2024-08-26,P002,Electronics,Laptop,290,Monsoon,0
2024-09-02,P002,Electronics,Laptop,191,Monsoon,0
2024-09-09,P002,Electronics,Laptop,190,Monsoon,0
2024-09-16,P002,Electronics,Laptop,198,Monsoon,0
2024-09-23,P002,Electronics,Laptop,148,Monsoon,0
2024-09-30,P002,Electronics,Laptop,201,Monsoon,0
2024-10-07,P002,Electronics,Laptop,193,Autumn,0
2024-10-14,P002,Electronics,Laptop,223,Autumn,0
2024-10-21,P002,Electronics,Laptop,229,Autumn,0
2024-10-28,P002,Electronics,Laptop,1309,Autumn,1
2024-11-04,P002,Electronics,Laptop,249,Autumn,0
2024-11-11,P002,Electronics,Laptop,199,Autumn,0
2024-11-18,P002,Electronics,Laptop,188,Autumn,0
2024-11-25,P002,Electronics,Laptop,234,Autumn,0
2024-12-02,P002,Electronics,Laptop,175,Winter,0
2024-12-09,P002,Electronics,Laptop,278,Winter,0
2024-12-16,P002,Electronics,Laptop,257,Winter,0
2024-12-23,P002,Electronics,Laptop,203,Winter,0
2021-01-04,P003,Electronics,LED TV,66,Winter,0
2021-01-11,P003,Electronics,LED TV,108,Winter,0
2021-01-18,P003,Electronics,LED TV,88,Winter,0
2021-01-25,P003,Electronics,LED TV,106,Winter,0
2021-02-01,P003,Electronics,LED TV,68,Winter,0
2021-02-08,P003,Electronics,LED TV,81,Winter,0
2021-02-15,P003,Electronics,LED TV,90,Winter,0
2021-02-22,P003,Electronics,LED TV,90,Winter,0
2021-03-01,P003,Electronics,LED TV,83,Summer,0
2021-03-08,P003,Electronics,LED TV,98,Summer,0
2021-03-15,P003,Electronics,LED TV,75,Summer,0
2021-03-22,P003,Electronics,LED TV,88,Summer,0
2021-03-29,P003,Electronics,LED TV,91,Summer,0
2021-04-05,P003,Electronics,LED TV,96,Summer,0
2021-04-12,P003,Electronics,LED TV,99,Summer,0
2021-04-19,P003,Electronics,LED TV,74,Summer,0
2021-04-26,P003,Electronics,LED TV,69,Summer,0
2021-05-03,P003,Electronics,LED TV,107,Summer,0
2021-05-10,P003,Electronics,LED TV,94,Summer,0
2021-05-17,P003,Electronics,LED TV,79,Summer,0
2021-05-24,P003,Electronics,LED TV,110,Summer,0
2021-05-31,P003,Electronics,LED TV,91,Summer,0
2021-06-07,P003,Electronics,LED TV,105,Summer,0
2021-06-14,P003,Electronics,LED TV,90,Summer,0
2021-06-21,P003,Electronics,LED TV,117,Summer,0
2021-06-28,P003,Electronics,LED TV,113,Summer,0
2021-07-05,P003,Electronics,LED TV,86,Monsoon,0
2021-07-12,P003,Electronics,LED TV,103,Monsoon,0
2021-07-19,P003,Electronics,LED TV,98,Monsoon,0
2021-07-26,P003,Electronics,LED TV,108,Monsoon,0
2021-08-02,P003,Electronics,LED TV,76,Monsoon,0
2021-08-09,P003,Electronics,LED TV,99,Monsoon,0
2021-08-16,P003,Electronics,LED TV,104,Monsoon,0
2021-08-23,P003,Electronics,LED TV,66,Monsoon,0
2021-08-30,P003,Electronics,LED TV,74,Monsoon,0
2021-09-06,P003,Electronics,LED TV,62,Monsoon,0
2021-09-13,P003,Electronics,LED TV,86,Monsoon,0
2021-09-20,P003,Electronics,LED TV,99,Monsoon,0
2021-09-27,P003,Electronics,LED TV,110,Monsoon,0
2021-10-04,P003,Electronics,LED TV,91,Autumn,0
2021-10-11,P003,Electronics,LED TV,111,Autumn,0
2021-10-18,P003,Electronics,LED TV,71,Autumn,0
2021-10-25,P003,Electronics,LED TV,67,Autumn,0
2021-11-01,P003,Electronics,LED TV,381,Autumn,1
2021-11-08,P003,Electronics,LED TV,95,Autumn,0
2021-11-15,P003,Electronics,LED TV,89,Autumn,0
2021-11-22,P003,Electronics,LED TV,62,Autumn,0
2021-11-29,P003,Electronics,LED TV,88,Autumn,0
2021-12-06,P003,Electronics,LED TV,72,Winter,0
2021-12-13,P003,Electronics,LED TV,99,Winter,0
2021-12-20,P003,Electronics,LED TV,94,Winter,0
2021-12-27,P003,Electronics,LED TV,77,Winter,0
2022-01-03,P003,Electronics,LED TV,86,Winter,0
2022-01-10,P003,Electronics,LED TV,78,Winter,0
2022-01-17,P003,Electronics,LED TV,92,Winter,0
2022-01-24,P003,Electronics,LED TV,107,Winter,0
2022-01-31,P003,Electronics,LED TV,79,Winter,0
2022-02-07,P003,Electronics,LED TV,100,Winter,0
2022-02-14,P003,Electronics,LED TV,86,Winter,0
2022-02-21,P003,Electronics,LED TV,82,Winter,0
2022-02-28,P003,Electronics,LED TV,92,Winter,0
2022-03-07,P003,Electronics,LED TV,79,Summer,0
2022-03-14,P003,Electronics,LED TV,85,Summer,0
2022-03-21,P003,Electronics,LED TV,76,Summer,0
2022-03-28,P003,Electronics,LED TV,121,Summer,0
2022-04-04,P003,Electronics,LED TV,94,Summer,0
2022-04-11,P003,Electronics,LED TV,83,Summer,0
2022-04-18,P003,Electronics,LED TV,96,Summer,0
2022-04-25,P003,Electronics,LED TV,92,Summer,0
2022-05-02,P003,Electronics,LED TV,90,Summer,0
2022-05-09,P003,Electronics,LED TV,102,Summer,0
2022-05-16,P003,Electronics,LED TV,104,Summer,0
2022-05-23,P003,Electronics,LED TV,86,Summer,0
2022-05-30,P003,Electronics,LED TV,85,Summer,0
2022-06-06,P003,Electronics,LED TV,89,Summer,0
2022-06-13,P003,Electronics,LED TV,61,Summer,0
2022-06-20,P003,Electronics,LED TV,72,Summer,0
2022-06-27,P003,Electronics,LED TV,112,Summer,0
2022-07-04,P003,Electronics,LED TV,116,Monsoon,0
2022-07-11,P003,Electronics,LED TV,90,Monsoon,0
2022-07-18,P003,Electronics,LED TV,101,Monsoon,0
2022-07-25,P003,Electronics,LED TV,97,Monsoon,0
2022-08-01,P003,Electronics,LED TV,136,Monsoon,0
2022-08-08,P003,Electronics,LED TV,109,Monsoon,0
2022-08-15,P003,Electronics,LED TV,91,Monsoon,0
2022-08-22,P003,Electronics,LED TV,80,Monsoon,0
2022-08-29,P003,Electronics,LED TV,71,Monsoon,0
2022-09-05,P003,Electronics,LED TV,96,Monsoon,0
2022-09-12,P003,Electronics,LED TV,82,Monsoon,0
2022-09-19,P003,Electronics,LED TV,73,Monsoon,0
2022-09-26,P003,Electronics,LED TV,84,Monsoon,0
2022-10-03,P003,Electronics,LED TV,78,Autumn,0
2022-10-10,P003,Electronics,LED TV,117,Autumn,0
2022-10-17,P003,Electronics,LED TV,105,Autumn,0
2022-10-24,P003,Electronics,LED TV,496,Autumn,1
2022-10-31,P003,Electronics,LED TV,114,Autumn,0
2022-11-07,P003,Electronics,LED TV,94,Autumn,0
2022-11-14,P003,Electronics,LED TV,81,Autumn,0
2022-11-21,P003,Electronics,LED TV,114,Autumn,0
2022-11-28,P003,Electronics,LED TV,101,Autumn,0
2022-12-05,P003,Electronics,LED TV,79,Winter,0
2022-12-12,P003,Electronics,LED TV,90,Winter,0
2022-12-19,P003,Electronics,LED TV,81,Winter,0
2022-12-26,P003,Electronics,LED TV,74,Winter,0
2023-01-02,P003,Electronics,LED TV,110,Winter,0
2023-01-09,P003,Electronics,LED TV,125,Winter,0
2023-01-16,P003,Electronics,LED TV,76,Winter,0
2023-01-23,P003,Electronics,LED TV,105,Winter,0
2023-01-30,P003,Electronics,LED TV,87,Winter,0
2023-02-06,P003,Electronics,LED TV,90,Winter,0
2023-02-13,P003,Electronics,LED TV,88,Winter,0
2023-02-20,P003,Electronics,LED TV,84,Winter,0
2023-02-27,P003,Electronics,LED TV,97,Winter,0
2023-03-06,P003,Electronics,LED TV,85,Summer,0
2023-03-13,P003,Electronics,LED TV,101,Summer,0
2023-03-20,P003,Electronics,LED TV,96,Summer,0
2023-03-27,P003,Electronics,LED TV,93,Summer,0
2023-04-03,P003,Electronics,LED TV,83,Summer,0
2023-04-10,P003,Electronics,LED TV,88,Summer,0
2023-04-17,P003,Electronics,LED TV,108,Summer,0
2023-04-24,P003,Electronics,LED TV,104,Summer,0
2023-05-01,P003,Electronics,LED TV,82,Summer,0
2023-05-08,P003,Electronics,LED TV,98,Summer,0
2023-05-15,P003,Electronics,LED TV,108,Summer,0
2023-05-22,P003,Electronics,LED TV,72,Summer,0
2023-05-29,P003,Electronics,LED TV,105,Summer,0
2023-06-05,P003,Electronics,LED TV,87,Summer,0
2023-06-12,P003,Electronics,LED TV,105,Summer,0
2023-06-19,P003,Electronics,LED TV,86,Summer,0
2023-06-26,P003,Electronics,LED TV,70,Summer,0
2023-07-03,P003,Electronics,LED TV,73,Monsoon,0
2023-07-10,P003,Electronics,LED TV,97,Monsoon,0
2023-07-17,P003,Electronics,LED TV,100,Monsoon,0
2023-07-24,P003,Electronics,LED TV,84,Monsoon,0
2023-07-31,P003,Electronics,LED TV,106,Monsoon,0
2023-08-07,P003,Electronics,LED TV,72,Monsoon,0
2023-08-14,P003,Electronics,LED TV,96,Monsoon,0
2023-08-21,P003,Electronics,LED TV,79,Monsoon,0
2023-08-28,P003,Electronics,LED TV,87,Monsoon,0
2023-09-04,P003,Electronics,LED TV,97,Monsoon,0
2023-09-11,P003,Electronics,LED TV,84,Monsoon,0
2023-09-18,P003,Electronics,LED TV,91,Monsoon,0
2023-09-25,P003,Electronics,LED TV,111,Monsoon,0
2023-10-02,P003,Electronics,LED TV,88,Autumn,0
2023-10-09,P003,Electronics,LED TV,109,Autumn,0
2023-10-16,P003,Electronics,LED TV,80,Autumn,0
2023-10-23,P003,Electronics,LED TV,104,Autumn,0
2023-10-30,P003,Electronics,LED TV,118,Autumn,0
2023-11-06,P003,Electronics,LED TV,300,Autumn,1
2023-11-13,P003,Electronics,LED TV,85,Autumn,0
2023-11-20,P003,Electronics,LED TV,105,Autumn,0
2023-11-27,P003,Electronics,LED TV,94,Autumn,0
2023-12-04,P003,Electronics,LED TV,102,Winter,0
2023-12-11,P003,Electronics,LED TV,88,Winter,0
2023-12-18,P003,Electronics,LED TV,98,Winter,0
2023-12-25,P003,Electronics,LED TV,94,Winter,0
2024-01-01,P003,Electronics,LED TV,118,Winter,0
2024-01-08,P003,Electronics,LED TV,104,Winter,0
2024-01-15,P003,Electronics,LED TV,105,Winter,0
2024-01-22,P003,Electronics,LED TV,94,Winter,0
2024-01-29,P003,Electronics,LED TV,93,Winter,0
2024-02-05,P003,Electronics,LED TV,94,Winter,0
2024-02-12,P003,Electronics,LED TV,106,Winter,0
2024-02-19,P003,Electronics,LED TV,94,Winter,0
2024-02-26,P003,Electronics,LED TV,105,Winter,0
2024-03-04,P003,Electronics,LED TV,132,Summer,0
2024-03-11,P003,Electronics,LED TV,113,Summer,0
2024-03-18,P003,Electronics,LED TV,95,Summer,0
2024-03-25,P003,Electronics,LED TV,118,Summer,0
2024-04-01,P003,Electronics,LED TV,94,Summer,0
2024-04-08,P003,Electronics,LED TV,69,Summer,0
2024-04-15,P003,Electronics,LED TV,85,Summer,0
2024-04-22,P003,Electronics,LED TV,72,Summer,0
2024-04-29,P003,Electronics,LED TV,95,Summer,0
2024-05-06,P003,Electronics,LED TV,101,Summer,0
2024-05-13,P003,Electronics,LED TV,126,Summer,0
2024-05-20,P003,Electronics,LED TV,105,Summer,0
2024-05-27,P003,Electronics,LED TV,97,Summer,0
2024-06-03,P003,Electronics,LED TV,113,Summer,0
2024-06-10,P003,Electronics,LED TV,67,Summer,0
2024-06-17,P003,Electronics,LED TV,104,Summer,0
2024-06-24,P003,Electronics,LED TV,112,Summer,0
2024-07-01,P003,Electronics,LED TV,78,Monsoon,0
2024-07-08,P003,Electronics,LED TV,118,Monsoon,0
2024-07-15,P003,Electronics,LED TV,105,Monsoon,0
2024-07-22,P003,Electronics,LED TV,94,Monsoon,0
2024-07-29,P003,Electronics,LED TV,110,Monsoon,0
2024-08-05,P003,Electronics,LED TV,135,Monsoon,0
2024-08-12,P003,Electronics,LED TV,103,Monsoon,0
2024-08-19,P003,Electronics,LED TV,104,Monsoon,0
2024-08-26,P003,Electronics,LED TV,93,Monsoon,0
2024-09-02,P003,Electronics,LED TV,87,Monsoon,0
2024-09-09,P003,Electronics,LED TV,113,Monsoon,0
2024-09-16,P003,Electronics,LED TV,87,Monsoon,0
2024-09-23,P003,Electronics,LED TV,101,Monsoon,0
2024-09-30,P003,Electronics,LED TV,93,Monsoon,0
2024-10-07,P003,Electronics,LED TV,108,Autumn,0
2024-10-14,P003,Electronics,LED TV,105,Autumn,0
2024-10-21,P003,Electronics,LED TV,116,Autumn,0
2024-10-28,P003,Electronics,LED TV,435,Autumn,1
2024-11-04,P003,Electronics,LED TV,96,Autumn,0
2024-11-11,P003,Electronics,LED TV,86,Autumn,0
2024-11-18,P003,Electronics,LED TV,94,Autumn,0
2024-11-25,P003,Electronics,LED TV,106,Autumn,0
2024-12-02,P003,Electronics,LED TV,112,Winter,0
2024-12-09,P003,Electronics,LED TV,86,Winter,0
2024-12-16,P003,Electronics,LED TV,113,Winter,0
2024-12-23,P003,Electronics,LED TV,121,Winter,0
2021-01-04,P004,Electronics,Air Conditioner,183,Winter,0
2021-01-11,P004,Electronics,Air Conditioner,253,Winter,0
2021-01-18,P004,Electronics,Air Conditioner,204,Winter,0
2021-01-25,P004,Electronics,Air Conditioner,224,Winter,0
2021-02-01,P004,Electronics,Air Conditioner,249,Winter,0
2021-02-08,P004,Electronics,Air Conditioner,273,Winter,0
2021-02-15,P004,Electronics,Air Conditioner,210,Winter,0
2021-02-22,P004,Electronics,Air Conditioner,158,Winter,0
2021-03-01,P004,Electronics,Air Conditioner,623,Summer,0
2021-03-08,P004,Electronics,Air Conditioner,848,Summer,0
2021-03-15,P004,Electronics,Air Conditioner,589,Summer,0
2021-03-22,P004,Electronics,Air Conditioner,611,Summer,0
2021-03-29,P004,Electronics,Air Conditioner,769,Summer,0
2021-04-05,P004,Electronics,Air Conditioner,661,Summer,0
2021-04-12,P004,Electronics,Air Conditioner,627,Summer,0
2021-04-19,P004,Electronics,Air Conditioner,647,Summer,0
2021-04-26,P004,Electronics,Air Conditioner,630,Summer,0
2021-05-03,P004,Electronics,Air Conditioner,503,Summer,0
2021-05-10,P004,Electronics,Air Conditioner,485,Summer,0
2021-05-17,P004,Electronics,Air Conditioner,779,Summer,0
2021-05-24,P004,Electronics,Air Conditioner,624,Summer,0
2021-05-31,P004,Electronics,Air Conditioner,616,Summer,0
2021-06-07,P004,Electronics,Air Conditioner,599,Summer,0
2021-06-14,P004,Electronics,Air Conditioner,678,Summer,0
2021-06-21,P004,Electronics,Air Conditioner,838,Summer,0
2021-06-28,P004,Electronics,Air Conditioner,655,Summer,0
2021-07-05,P004,Electronics,Air Conditioner,221,Monsoon,0
2021-07-12,P004,Electronics,Air Conditioner,238,Monsoon,0
2021-07-19,P004,Electronics,Air Conditioner,282,Monsoon,0
2021-07-26,P004,Electronics,Air Conditioner,221,Monsoon,0
2021-08-02,P004,Electronics,Air Conditioner,274,Monsoon,0
2021-08-09,P004,Electronics,Air Conditioner,158,Monsoon,0
2021-08-16,P004,Electronics,Air Conditioner,234,Monsoon,0
2021-08-23,P004,Electronics,Air Conditioner,265,Monsoon,0
2021-08-30,P004,Electronics,Air Conditioner,289,Monsoon,0
2021-09-06,P004,Electronics,Air Conditioner,213,Monsoon,0
2021-09-13,P004,Electronics,Air Conditioner,188,Monsoon,0
2021-09-20,P004,Electronics,Air Conditioner,233,Monsoon,0
2021-09-27,P004,Electronics,Air Conditioner,201,Monsoon,0
2021-10-04,P004,Electronics,Air Conditioner,237,Autumn,0
2021-10-11,P004,Electronics,Air Conditioner,242,Autumn,0
2021-10-18,P004,Electronics,Air Conditioner,194,Autumn,0
2021-10-25,P004,Electronics,Air Conditioner,272,Autumn,0
2021-11-01,P004,Electronics,Air Conditioner,1014,Autumn,1
2021-11-08,P004,Electronics,Air Conditioner,282,Autumn,0
2021-11-15,P004,Electronics,Air Conditioner,175,Autumn,0
2021-11-22,P004,Electronics,Air Conditioner,205,Autumn,0
2021-11-29,P004,Electronics,Air Conditioner,261,Autumn,0
2021-12-06,P004,Electronics,Air Conditioner,213,Winter,0
2021-12-13,P004,Electronics,Air Conditioner,237,Winter,0
2021-12-20,P004,Electronics,Air Conditioner,243,Winter,0
2021-12-27,P004,Electronics,Air Conditioner,248,Winter,0
2022-01-03,P004,Electronics,Air Conditioner,227,Winter,0
2022-01-10,P004,Electronics,Air Conditioner,258,Winter,0
2022-01-17,P004,Electronics,Air Conditioner,223,Winter,0
2022-01-24,P004,Electronics,Air Conditioner,278,Winter,0
2022-01-31,P004,Electronics,Air Conditioner,248,Winter,0
2022-02-07,P004,Electronics,Air Conditioner,258,Winter,0
2022-02-14,P004,Electronics,Air Conditioner,350,Winter,0
2022-02-21,P004,Electronics,Air Conditioner,210,Winter,0
2022-02-28,P004,Electronics,Air Conditioner,305,Winter,0
2022-03-07,P004,Electronics,Air Conditioner,379,Summer,0
2022-03-14,P004,Electronics,Air Conditioner,434,Summer,0
2022-03-21,P004,Electronics,Air Conditioner,514,Summer,0
2022-03-28,P004,Electronics,Air Conditioner,520,Summer,0
2022-04-04,P004,Electronics,Air Conditioner,651,Summer,0
2022-04-11,P004,Electronics,Air Conditioner,659,Summer,0
2022-04-18,P004,Electronics,Air Conditioner,607,Summer,0
2022-04-25,P004,Electronics,Air Conditioner,617,Summer,0
2022-05-02,P004,Electronics,Air Conditioner,681,Summer,0
2022-05-09,P004,Electronics,Air Conditioner,710,Summer,0
2022-05-16,P004,Electronics,Air Conditioner,506,Summer,0
2022-05-23,P004,Electronics,Air Conditioner,597,Summer,0
2022-05-30,P004,Electronics,Air Conditioner,625,Summer,0
2022-06-06,P004,Electronics,Air Conditioner,677,Summer,0
2022-06-13,P004,Electronics,Air Conditioner,558,Summer,0
2022-06-20,P004,Electronics,Air Conditioner,623,Summer,0
2022-06-27,P004,Electronics,Air Conditioner,634,Summer,0
2022-07-04,P004,Electronics,Air Conditioner,226,Monsoon,0
2022-07-11,P004,Electronics,Air Conditioner,225,Monsoon,0
2022-07-18,P004,Electronics,Air Conditioner,256,Monsoon,0
2022-07-25,P004,Electronics,Air Conditioner,247,Monsoon,0
2022-08-01,P004,Electronics,Air Conditioner,271,Monsoon,0
2022-08-08,P004,Electronics,Air Conditioner,212,Monsoon,0
2022-08-15,P004,Electronics,Air Conditioner,239,Monsoon,0
2022-08-22,P004,Electronics,Air Conditioner,244,Monsoon,0
2022-08-29,P004,Electronics,Air Conditioner,283,Monsoon,0
2022-09-05,P004,Electronics,Air Conditioner,217,Monsoon,0
2022-09-12,P004,Electronics,Air Conditioner,261,Monsoon,0
2022-09-19,P004,Electronics,Air Conditioner,262,Monsoon,0
2022-09-26,P004,Electronics,Air Conditioner,315,Monsoon,0
2022-10-03,P004,Electronics,Air Conditioner,214,Autumn,0
2022-10-10,P004,Electronics,Air Conditioner,227,Autumn,0
2022-10-17,P004,Electronics,Air Conditioner,217,Autumn,0
2022-10-24,P004,Electronics,Air Conditioner,1006,Autumn,1
2022-10-31,P004,Electronics,Air Conditioner,319,Autumn,0
2022-11-07,P004,Electronics,Air Conditioner,205,Autumn,0
2022-11-14,P004,Electronics,Air Conditioner,221,Autumn,0
2022-11-21,P004,Electronics,Air Conditioner,302,Autumn,0
2022-11-28,P004,Electronics,Air Conditioner,186,Autumn,0
2022-12-05,P004,Electronics,Air Conditioner,281,Winter,0
2022-12-12,P004,Electronics,Air Conditioner,199,Winter,0
2022-12-19,P004,Electronics,Air Conditioner,299,Winter,0
2022-12-26,P004,Electronics,Air Conditioner,170,Winter,0
2023-01-02,P004,Electronics,Air Conditioner,193,Winter,0
2023-01-09,P004,Electronics,Air Conditioner,240,Winter,0
2023-01-16,P004,Electronics,Air Conditioner,300,Winter,0
2023-01-23,P004,Electronics,Air Conditioner,261,Winter,0
2023-01-30,P004,Electronics,Air Conditioner,249,Winter,0
2023-02-06,P004,Electronics,Air Conditioner,315,Winter,0
2023-02-13,P004,Electronics,Air Conditioner,347,Winter,0
2023-02-20,P004,Electronics,Air Conditioner,288,Winter,0
2023-02-27,P004,Electronics,Air Conditioner,237,Winter,0
2023-03-06,P004,Electronics,Air Conditioner,614,Summer,0
2023-03-13,P004,Electronics,Air Conditioner,529,Summer,0
2023-03-20,P004,Electronics,Air Conditioner,666,Summer,0
2023-03-27,P004,Electronics,Air Conditioner,495,Summer,0
2023-04-03,P004,Electronics,Air Conditioner,710,Summer,0
2023-04-10,P004,Electronics,Air Conditioner,853,Summer,0
2023-04-17,P004,Electronics,Air Conditioner,726,Summer,0
2023-04-24,P004,Electronics,Air Conditioner,609,Summer,0
2023-05-01,P004,Electronics,Air Conditioner,707,Summer,0
2023-05-08,P004,Electronics,Air Conditioner,815,Summer,0
2023-05-15,P004,Electronics,Air Conditioner,810,Summer,0
2023-05-22,P004,Electronics,Air Conditioner,557,Summer,0
2023-05-29,P004,Electronics,Air Conditioner,706,Summer,0
2023-06-05,P004,Electronics,Air Conditioner,640,Summer,0
2023-06-12,P004,Electronics,Air Conditioner,735,Summer,0
2023-06-19,P004,Electronics,Air Conditioner,693,Summer,0
2023-06-26,P004,Electronics,Air Conditioner,422,Summer,0
2023-07-03,P004,Electronics,Air Conditioner,248,Monsoon,0
2023-07-10,P004,Electronics,Air Conditioner,270,Monsoon,0
2023-07-17,P004,Electronics,Air Conditioner,205,Monsoon,0
2023-07-24,P004,Electronics,Air Conditioner,285,Monsoon,0
2023-07-31,P004,Electronics,Air Conditioner,202,Monsoon,0
2023-08-07,P004,Electronics,Air Conditioner,231,Monsoon,0
2023-08-14,P004,Electronics,Air Conditioner,315,Monsoon,0
2023-08-21,P004,Electronics,Air Conditioner,227,Monsoon,0
2023-08-28,P004,Electronics,Air Conditioner,285,Monsoon,0
2023-09-04,P004,Electronics,Air Conditioner,193,Monsoon,0
2023-09-11,P004,Electronics,Air Conditioner,344,Monsoon,0
2023-09-18,P004,Electronics,Air Conditioner,250,Monsoon,0
2023-09-25,P004,Electronics,Air Conditioner,266,Monsoon,0
2023-10-02,P004,Electronics,Air Conditioner,269,Autumn,0
2023-10-09,P004,Electronics,Air Conditioner,286,Autumn,0
2023-10-16,P004,Electronics,Air Conditioner,202,Autumn,0
2023-10-23,P004,Electronics,Air Conditioner,262,Autumn,0
2023-10-30,P004,Electronics,Air Conditioner,236,Autumn,0
2023-11-06,P004,Electronics,Air Conditioner,963,Autumn,1
2023-11-13,P004,Electronics,Air Conditioner,301,Autumn,0
2023-11-20,P004,Electronics,Air Conditioner,248,Autumn,0
2023-11-27,P004,Electronics,Air Conditioner,271,Autumn,0
2023-12-04,P004,Electronics,Air Conditioner,269,Winter,0
2023-12-11,P004,Electronics,Air Conditioner,249,Winter,0
2023-12-18,P004,Electronics,Air Conditioner,340,Winter,0
2023-12-25,P004,Electronics,Air Conditioner,260,Winter,0
2024-01-01,P004,Electronics,Air Conditioner,208,Winter,0
2024-01-08,P004,Electronics,Air Conditioner,255,Winter,0
2024-01-15,P004,Electronics,Air Conditioner,292,Winter,0
2024-01-22,P004,Electronics,Air Conditioner,293,Winter,0
2024-01-29,P004,Electronics,Air Conditioner,227,Winter,0
2024-02-05,P004,Electronics,Air Conditioner,310,Winter,0
2024-02-12,P004,Electronics,Air Conditioner,200,Winter,0
2024-02-19,P004,Electronics,Air Conditioner,318,Winter,0
2024-02-26,P004,Electronics,Air Conditioner,218,Winter,0
2024-03-04,P004,Electronics,Air Conditioner,657,Summer,0
2024-03-11,P004,Electronics,Air Conditioner,789,Summer,0
2024-03-18,P004,Electronics,Air Conditioner,692,Summer,0
2024-03-25,P004,Electronics,Air Conditioner,763,Summer,0
2024-04-01,P004,Electronics,Air Conditioner,743,Summer,0
2024-04-08,P004,Electronics,Air Conditioner,811,Summer,0
2024-04-15,P004,Electronics,Air Conditioner,788,Summer,0
2024-04-22,P004,Electronics,Air Conditioner,634,Summer,0
2024-04-29,P004,Electronics,Air Conditioner,744,Summer,0
2024-05-06,P004,Electronics,Air Conditioner,524,Summer,0
2024-05-13,P004,Electronics,Air Conditioner,674,Summer,0
2024-05-20,P004,Electronics,Air Conditioner,763,Summer,0
2024-05-27,P004,Electronics,Air Conditioner,694,Summer,0
2024-06-03,P004,Electronics,Air Conditioner,725,Summer,0
2024-06-10,P004,Electronics,Air Conditioner,658,Summer,0
2024-06-17,P004,Electronics,Air Conditioner,795,Summer,0
2024-06-24,P004,Electronics,Air Conditioner,672,Summer,0
2024-07-01,P004,Electronics,Air Conditioner,253,Monsoon,0
2024-07-08,P004,Electronics,Air Conditioner,308,Monsoon,0
2024-07-15,P004,Electronics,Air Conditioner,214,Monsoon,0
2024-07-22,P004,Electronics,Air Conditioner,292,Monsoon,0
2024-07-29,P004,Electronics,Air Conditioner,229,Monsoon,0
2024-08-05,P004,Electronics,Air Conditioner,324,Monsoon,0
2024-08-12,P004,Electronics,Air Conditioner,261,Monsoon,0
2024-08-19,P004,Electronics,Air Conditioner,277,Monsoon,0
2024-08-26,P004,Electronics,Air Conditioner,289,Monsoon,0
2024-09-02,P004,Electronics,Air Conditioner,193,Monsoon,0
2024-09-09,P004,Electronics,Air Conditioner,245,Monsoon,0
2024-09-16,P004,Electronics,Air Conditioner,314,Monsoon,0
2024-09-23,P004,Electronics,Air Conditioner,307,Monsoon,0
2024-09-30,P004,Electronics,Air Conditioner,283,Monsoon,0
2024-10-07,P004,Electronics,Air Conditioner,217,Autumn,0
2024-10-14,P004,Electronics,Air Conditioner,296,Autumn,0
2024-10-21,P004,Electronics,Air Conditioner,301,Autumn,0
2024-10-28,P004,Electronics,Air Conditioner,1282,Autumn,1
2024-11-04,P004,Electronics,Air Conditioner,322,Autumn,0
2024-11-11,P004,Electronics,Air Conditioner,244,Autumn,0
2024-11-18,P004,Electronics,Air Conditioner,251,Autumn,0
2024-11-25,P004,Electronics,Air Conditioner,170,Autumn,0
2024-12-02,P004,Electronics,Air Conditioner,309,Winter,0
2024-12-09,P004,Electronics,Air Conditioner,284,Winter,0
2024-12-16,P004,Electronics,Air Conditioner,203,Winter,0
2024-12-23,P004,Electronics,Air Conditioner,200,Winter,0
2021-01-04,P005,Electronics,Refrigerator,152,Winter,0
2021-01-11,P005,Electronics,Refrigerator,202,Winter,0
2021-01-18,P005,Electronics,Refrigerator,226,Winter,0
2021-01-25,P005,Electronics,Refrigerator,235,Winter,0
2021-02-01,P005,Electronics,Refrigerator,161,Winter,0
2021-02-08,P005,Electronics,Refrigerator,232,Winter,0
2021-02-15,P005,Electronics,Refrigerator,204,Winter,0
2021-02-22,P005,Electronics,Refrigerator,183,Winter,0
2021-03-01,P005,Electronics,Refrigerator,478,Summer,0
2021-03-08,P005,Electronics,Refrigerator,593,Summer,0
2021-03-15,P005,Electronics,Refrigerator,551,Summer,0
2021-03-22,P005,Electronics,Refrigerator,533,Summer,0
2021-03-29,P005,Electronics,Refrigerator,549,Summer,0
2021-04-05,P005,Electronics,Refrigerator,603,Summer,0
2021-04-12,P005,Electronics,Refrigerator,522,Summer,0
2021-04-19,P005,Electronics,Refrigerator,534,Summer,0
2021-04-26,P005,Electronics,Refrigerator,620,Summer,0
2021-05-03,P005,Electronics,Refrigerator,503,Summer,0
2021-05-10,P005,Electronics,Refrigerator,579,Summer,0
2021-05-17,P005,Electronics,Refrigerator,489,Summer,0
2021-05-24,P005,Electronics,Refrigerator,496,Summer,0
2021-05-31,P005,Electronics,Refrigerator,521,Summer,0
2021-06-07,P005,Electronics,Refrigerator,570,Summer,0
2021-06-14,P005,Electronics,Refrigerator,624,Summer,0
2021-06-21,P005,Electronics,Refrigerator,537,Summer,0
2021-06-28,P005,Electronics,Refrigerator,410,Summer,0
2021-07-05,P005,Electronics,Refrigerator,232,Monsoon,0
2021-07-12,P005,Electronics,Refrigerator,290,Monsoon,0
2021-07-19,P005,Electronics,Refrigerator,215,Monsoon,0
2021-07-26,P005,Electronics,Refrigerator,157,Monsoon,0
2021-08-02,P005,Electronics,Refrigerator,217,Monsoon,0
2021-08-09,P005,Electronics,Refrigerator,211,Monsoon,0
2021-08-16,P005,Electronics,Refrigerator,209,Monsoon,0
2021-08-23,P005,Electronics,Refrigerator,242,Monsoon,0
2021-08-30,P005,Electronics,Refrigerator,255,Monsoon,0
2021-09-06,P005,Electronics,Refrigerator,233,Monsoon,0
2021-09-13,P005,Electronics,Refrigerator,207,Monsoon,0
2021-09-20,P005,Electronics,Refrigerator,247,Monsoon,0
2021-09-27,P005,Electronics,Refrigerator,164,Monsoon,0
2021-10-04,P005,Electronics,Refrigerator,189,Autumn,0
2021-10-11,P005,Electronics,Refrigerator,192,Autumn,0
2021-10-18,P005,Electronics,Refrigerator,211,Autumn,0
2021-10-25,P005,Electronics,Refrigerator,228,Autumn,0
2021-11-01,P005,Electronics,Refrigerator,878,Autumn,1
2021-11-08,P005,Electronics,Refrigerator,183,Autumn,0
2021-11-15,P005,Electronics,Refrigerator,243,Autumn,0
2021-11-22,P005,Electronics,Refrigerator,204,Autumn,0
2021-11-29,P005,Electronics,Refrigerator,215,Autumn,0
2021-12-06,P005,Electronics,Refrigerator,229,Winter,0
2021-12-13,P005,Electronics,Refrigerator,213,Winter,0
2021-12-20,P005,Electronics,Refrigerator,213,Winter,0
2021-12-27,P005,Electronics,Refrigerator,244,Winter,0
2022-01-03,P005,Electronics,Refrigerator,225,Winter,0
2022-01-10,P005,Electronics,Refrigerator,249,Winter,0
2022-01-17,P005,Electronics,Refrigerator,238,Winter,0
2022-01-24,P005,Electronics,Refrigerator,287,Winter,0
2022-01-31,P005,Electronics,Refrigerator,234,Winter,0
2022-02-07,P005,Electronics,Refrigerator,241,Winter,0
2022-02-14,P005,Electronics,Refrigerator,256,Winter,0
2022-02-21,P005,Electronics,Refrigerator,222,Winter,0
2022-02-28,P005,Electronics,Refrigerator,199,Winter,0
2022-03-07,P005,Electronics,Refrigerator,511,Summer,0
2022-03-14,P005,Electronics,Refrigerator,512,Summer,0
2022-03-21,P005,Electronics,Refrigerator,472,Summer,0
2022-03-28,P005,Electronics,Refrigerator,577,Summer,0
2022-04-04,P005,Electronics,Refrigerator,499,Summer,0
2022-04-11,P005,Electronics,Refrigerator,567,Summer,0
2022-04-18,P005,Electronics,Refrigerator,538,Summer,0
2022-04-25,P005,Electronics,Refrigerator,547,Summer,0
2022-05-02,P005,Electronics,Refrigerator,597,Summer,0
2022-05-09,P005,Electronics,Refrigerator,506,Summer,0
2022-05-16,P005,Electronics,Refrigerator,604,Summer,0
2022-05-23,P005,Electronics,Refrigerator,680,Summer,0
2022-05-30,P005,Electronics,Refrigerator,579,Summer,0
2022-06-06,P005,Electronics,Refrigerator,486,Summer,0
2022-06-13,P005,Electronics,Refrigerator,500,Summer,0
2022-06-20,P005,Electronics,Refrigerator,530,Summer,0
2022-06-27,P005,Electronics,Refrigerator,502,Summer,0
2022-07-04,P005,Electronics,Refrigerator,187,Monsoon,0
2022-07-11,P005,Electronics,Refrigerator,225,Monsoon,0
2022-07-18,P005,Electronics,Refrigerator,213,Monsoon,0
2022-07-25,P005,Electronics,Refrigerator,226,Monsoon,0
2022-08-01,P005,Electronics,Refrigerator,259,Monsoon,0
2022-08-08,P005,Electronics,Refrigerator,212,Monsoon,0
2022-08-15,P005,Electronics,Refrigerator,181,Monsoon,0
2022-08-22,P005,Electronics,Refrigerator,207,Monsoon,0
2022-08-29,P005,Electronics,Refrigerator,245,Monsoon,0
2022-09-05,P005,Electronics,Refrigerator,242,Monsoon,0
2022-09-12,P005,Electronics,Refrigerator,237,Monsoon,0
2022-09-19,P005,Electronics,Refrigerator,199,Monsoon,0
2022-09-26,P005,Electronics,Refrigerator,245,Monsoon,0
2022-10-03,P005,Electronics,Refrigerator,252,Autumn,0
2022-10-10,P005,Electronics,Refrigerator,197,Autumn,0
2022-10-17,P005,Electronics,Refrigerator,219,Autumn,0
2022-10-24,P005,Electronics,Refrigerator,1525,Autumn,1
2022-10-31,P005,Electronics,Refrigerator,196,Autumn,0
2022-11-07,P005,Electronics,Refrigerator,164,Autumn,0
2022-11-14,P005,Electronics,Refrigerator,266,Autumn,0
2022-11-21,P005,Electronics,Refrigerator,258,Autumn,0
2022-11-28,P005,Electronics,Refrigerator,205,Autumn,0
2022-12-05,P005,Electronics,Refrigerator,216,Winter,0
2022-12-12,P005,Electronics,Refrigerator,179,Winter,0
2022-12-19,P005,Electronics,Refrigerator,223,Winter,0
2022-12-26,P005,Electronics,Refrigerator,259,Winter,0
2023-01-02,P005,Electronics,Refrigerator,210,Winter,0
2023-01-09,P005,Electronics,Refrigerator,259,Winter,0
2023-01-16,P005,Electronics,Refrigerator,244,Winter,0
2023-01-23,P005,Electronics,Refrigerator,248,Winter,0
2023-01-30,P005,Electronics,Refrigerator,212,Winter,0
2023-02-06,P005,Electronics,Refrigerator,216,Winter,0
2023-02-13,P005,Electronics,Refrigerator,165,Winter,0
2023-02-20,P005,Electronics,Refrigerator,209,Winter,0
2023-02-27,P005,Electronics,Refrigerator,268,Winter,0
2023-03-06,P005,Electronics,Refrigerator,492,Summer,0
2023-03-13,P005,Electronics,Refrigerator,505,Summer,0
2023-03-20,P005,Electronics,Refrigerator,627,Summer,0
2023-03-27,P005,Electronics,Refrigerator,606,Summer,0
2023-04-03,P005,Electronics,Refrigerator,631,Summer,0
2023-04-10,P005,Electronics,Refrigerator,472,Summer,0
2023-04-17,P005,Electronics,Refrigerator,792,Summer,0
2023-04-24,P005,Electronics,Refrigerator,468,Summer,0
2023-05-01,P005,Electronics,Refrigerator,585,Summer,0
2023-05-08,P005,Electronics,Refrigerator,558,Summer,0
2023-05-15,P005,Electronics,Refrigerator,470,Summer,0
2023-05-22,P005,Electronics,Refrigerator,540,Summer,0
2023-05-29,P005,Electronics,Refrigerator,574,Summer,0
2023-06-05,P005,Electronics,Refrigerator,516,Summer,0
2023-06-12,P005,Electronics,Refrigerator,652,Summer,0
2023-06-19,P005,Electronics,Refrigerator,558,Summer,0
2023-06-26,P005,Electronics,Refrigerator,457,Summer,0
2023-07-03,P005,Electronics,Refrigerator,179,Monsoon,0
2023-07-10,P005,Electronics,Refrigerator,249,Monsoon,0
2023-07-17,P005,Electronics,Refrigerator,177,Monsoon,0
2023-07-24,P005,Electronics,Refrigerator,239,Monsoon,0
2023-07-31,P005,Electronics,Refrigerator,244,Monsoon,0
2023-08-07,P005,Electronics,Refrigerator,194,Monsoon,0
2023-08-14,P005,Electronics,Refrigerator,259,Monsoon,0
2023-08-21,P005,Electronics,Refrigerator,169,Monsoon,0
2023-08-28,P005,Electronics,Refrigerator,239,Monsoon,0
2023-09-04,P005,Electronics,Refrigerator,227,Monsoon,0
2023-09-11,P005,Electronics,Refrigerator,224,Monsoon,0
2023-09-18,P005,Electronics,Refrigerator,188,Monsoon,0
2023-09-25,P005,Electronics,Refrigerator,196,Monsoon,0
2023-10-02,P005,Electronics,Refrigerator,284,Autumn,0
2023-10-09,P005,Electronics,Refrigerator,270,Autumn,0
2023-10-16,P005,Electronics,Refrigerator,254,Autumn,0
2023-10-23,P005,Electronics,Refrigerator,261,Autumn,0
2023-10-30,P005,Electronics,Refrigerator,258,Autumn,0
2023-11-06,P005,Electronics,Refrigerator,1071,Autumn,1
2023-11-13,P005,Electronics,Refrigerator,230,Autumn,0
2023-11-20,P005,Electronics,Refrigerator,178,Autumn,0
2023-11-27,P005,Electronics,Refrigerator,225,Autumn,0
2023-12-04,P005,Electronics,Refrigerator,269,Winter,0
2023-12-11,P005,Electronics,Refrigerator,206,Winter,0
2023-12-18,P005,Electronics,Refrigerator,264,Winter,0
2023-12-25,P005,Electronics,Refrigerator,232,Winter,0
2024-01-01,P005,Electronics,Refrigerator,188,Winter,0
2024-01-08,P005,Electronics,Refrigerator,198,Winter,0
2024-01-15,P005,Electronics,Refrigerator,270,Winter,0
2024-01-22,P005,Electronics,Refrigerator,257,Winter,0
2024-01-29,P005,Electronics,Refrigerator,241,Winter,0
2024-02-05,P005,Electronics,Refrigerator,227,Winter,0
2024-02-12,P005,Electronics,Refrigerator,244,Winter,0
2024-02-19,P005,Electronics,Refrigerator,268,Winter,0
2024-02-26,P005,Electronics,Refrigerator,290,Winter,0
2024-03-04,P005,Electronics,Refrigerator,729,Summer,0
2024-03-11,P005,Electronics,Refrigerator,626,Summer,0
2024-03-18,P005,Electronics,Refrigerator,578,Summer,0
2024-03-25,P005,Electronics,Refrigerator,606,Summer,0
2024-04-01,P005,Electronics,Refrigerator,640,Summer,0
2024-04-08,P005,Electronics,Refrigerator,639,Summer,0
2024-04-15,P005,Electronics,Refrigerator,710,Summer,0
2024-04-22,P005,Electronics,Refrigerator,781,Summer,0
2024-04-29,P005,Electronics,Refrigerator,575,Summer,0
2024-05-06,P005,Electronics,Refrigerator,785,Summer,0
2024-05-13,P005,Electronics,Refrigerator,697,Summer,0
2024-05-20,P005,Electronics,Refrigerator,584,Summer,0
2024-05-27,P005,Electronics,Refrigerator,727,Summer,0
2024-06-03,P005,Electronics,Refrigerator,743,Summer,0
2024-06-10,P005,Electronics,Refrigerator,552,Summer,0
2024-06-17,P005,Electronics,Refrigerator,747,Summer,0
2024-06-24,P005,Electronics,Refrigerator,689,Summer,0
2024-07-01,P005,Electronics,Refrigerator,321,Monsoon,0
2024-07-08,P005,Electronics,Refrigerator,222,Monsoon,0
2024-07-15,P005,Electronics,Refrigerator,224,Monsoon,0
2024-07-22,P005,Electronics,Refrigerator,165,Monsoon,0
2024-07-29,P005,Electronics,Refrigerator,257,Monsoon,0
2024-08-05,P005,Electronics,Refrigerator,250,Monsoon,0
2024-08-12,P005,Electronics,Refrigerator,217,Monsoon,0
2024-08-19,P005,Electronics,Refrigerator,234,Monsoon,0
2024-08-26,P005,Electronics,Refrigerator,190,Monsoon,0
2024-09-02,P005,Electronics,Refrigerator,280,Monsoon,0
2024-09-09,P005,Electronics,Refrigerator,219,Monsoon,0
2024-09-16,P005,Electronics,Refrigerator,347,Monsoon,0
2024-09-23,P005,Electronics,Refrigerator,231,Monsoon,0
2024-09-30,P005,Electronics,Refrigerator,210,Monsoon,0
2024-10-07,P005,Electronics,Refrigerator,222,Autumn,0
2024-10-14,P005,Electronics,Refrigerator,187,Autumn,0
2024-10-21,P005,Electronics,Refrigerator,254,Autumn,0
2024-10-28,P005,Electronics,Refrigerator,1040,Autumn,1
2024-11-04,P005,Electronics,Refrigerator,277,Autumn,0
2024-11-11,P005,Electronics,Refrigerator,227,Autumn,0
2024-11-18,P005,Electronics,Refrigerator,286,Autumn,0
2024-11-25,P005,Electronics,Refrigerator,264,Autumn,0
2024-12-02,P005,Electronics,Refrigerator,238,Winter,0
2024-12-09,P005,Electronics,Refrigerator,293,Winter,0
2024-12-16,P005,Electronics,Refrigerator,271,Winter,0
2024-12-23,P005,Electronics,Refrigerator,342,Winter,0
2021-01-04,P006,Electronics,Air Cooler,230,Winter,0
2021-01-11,P006,Electronics,Air Cooler,171,Winter,0
2021-01-18,P006,Electronics,Air Cooler,213,Winter,0
2021-01-25,P006,Electronics,Air Cooler,182,Winter,0
2021-02-01,P006,Electronics,Air Cooler,179,Winter,0
2021-02-08,P006,Electronics,Air Cooler,208,Winter,0
2021-02-15,P006,Electronics,Air Cooler,202,Winter,0
2021-02-22,P006,Electronics,Air Cooler,140,Winter,0
2021-03-01,P006,Electronics,Air Cooler,561,Summer,0
2021-03-08,P006,Electronics,Air Cooler,555,Summer,0
2021-03-15,P006,Electronics,Air Cooler,416,Summer,0
2021-03-22,P006,Electronics,Air Cooler,487,Summer,0
2021-03-29,P006,Electronics,Air Cooler,494,Summer,0
2021-04-05,P006,Electronics,Air Cooler,477,Summer,0
2021-04-12,P006,Electronics,Air Cooler,422,Summer,0
2021-04-19,P006,Electronics,Air Cooler,413,Summer,0
2021-04-26,P006,Electronics,Air Cooler,458,Summer,0
2021-05-03,P006,Electronics,Air Cooler,540,Summer,0
2021-05-10,P006,Electronics,Air Cooler,497,Summer,0
2021-05-17,P006,Electronics,Air Cooler,434,Summer,0
2021-05-24,P006,Electronics,Air Cooler,513,Summer,0
2021-05-31,P006,Electronics,Air Cooler,263,Summer,0
2021-06-07,P006,Electronics,Air Cooler,539,Summer,0
2021-06-14,P006,Electronics,Air Cooler,339,Summer,0
2021-06-21,P006,Electronics,Air Cooler,434,Summer,0
2021-06-28,P006,Electronics,Air Cooler,382,Summer,0
2021-07-05,P006,Electronics,Air Cooler,148,Monsoon,0
2021-07-12,P006,Electronics,Air Cooler,216,Monsoon,0
2021-07-19,P006,Electronics,Air Cooler,171,Monsoon,0
2021-07-26,P006,Electronics,Air Cooler,193,Monsoon,0
2021-08-02,P006,Electronics,Air Cooler,182,Monsoon,0
2021-08-09,P006,Electronics,Air Cooler,197,Monsoon,0
2021-08-16,P006,Electronics,Air Cooler,186,Monsoon,0
2021-08-23,P006,Electronics,Air Cooler,148,Monsoon,0
2021-08-30,P006,Electronics,Air Cooler,211,Monsoon,0
2021-09-06,P006,Electronics,Air Cooler,170,Monsoon,0
2021-09-13,P006,Electronics,Air Cooler,141,Monsoon,0
2021-09-20,P006,Electronics,Air Cooler,172,Monsoon,0
2021-09-27,P006,Electronics,Air Cooler,225,Monsoon,0
2021-10-04,P006,Electronics,Air Cooler,207,Autumn,0
2021-10-11,P006,Electronics,Air Cooler,174,Autumn,0
2021-10-18,P006,Electronics,Air Cooler,174,Autumn,0
2021-10-25,P006,Electronics,Air Cooler,175,Autumn,0
2021-11-01,P006,Electronics,Air Cooler,1031,Autumn,1
2021-11-08,P006,Electronics,Air Cooler,194,Autumn,0
2021-11-15,P006,Electronics,Air Cooler,195,Autumn,0
2021-11-22,P006,Electronics,Air Cooler,212,Autumn,0
2021-11-29,P006,Electronics,Air Cooler,190,Autumn,0
2021-12-06,P006,Electronics,Air Cooler,176,Winter,0
2021-12-13,P006,Electronics,Air Cooler,178,Winter,0
2021-12-20,P006,Electronics,Air Cooler,182,Winter,0
2021-12-27,P006,Electronics,Air Cooler,182,Winter,0
2022-01-03,P006,Electronics,Air Cooler,212,Winter,0
2022-01-10,P006,Electronics,Air Cooler,192,Winter,0
2022-01-17,P006,Electronics,Air Cooler,212,Winter,0
2022-01-24,P006,Electronics,Air Cooler,189,Winter,0
2022-01-31,P006,Electronics,Air Cooler,193,Winter,0
2022-02-07,P006,Electronics,Air Cooler,134,Winter,0
2022-02-14,P006,Electronics,Air Cooler,217,Winter,0
2022-02-21,P006,Electronics,Air Cooler,201,Winter,0
2022-02-28,P006,Electronics,Air Cooler,220,Winter,0
2022-03-07,P006,Electronics,Air Cooler,270,Summer,0
2022-03-14,P006,Electronics,Air Cooler,628,Summer,0
2022-03-21,P006,Electronics,Air Cooler,468,Summer,0
2022-03-28,P006,Electronics,Air Cooler,557,Summer,0
2022-04-04,P006,Electronics,Air Cooler,403,Summer,0
2022-04-11,P006,Electronics,Air Cooler,522,Summer,0
2022-04-18,P006,Electronics,Air Cooler,402,Summer,0
2022-04-25,P006,Electronics,Air Cooler,433,Summer,0
2022-05-02,P006,Electronics,Air Cooler,615,Summer,0
2022-05-09,P006,Electronics,Air Cooler,464,Summer,0
2022-05-16,P006,Electronics,Air Cooler,494,Summer,0
2022-05-23,P006,Electronics,Air Cooler,540,Summer,0
2022-05-30,P006,Electronics,Air Cooler,513,Summer,0
2022-06-06,P006,Electronics,Air Cooler,489,Summer,0
2022-06-13,P006,Electronics,Air Cooler,504,Summer,0
2022-06-20,P006,Electronics,Air Cooler,650,Summer,0
2022-06-27,P006,Electronics,Air Cooler,474,Summer,0
2022-07-04,P006,Electronics,Air Cooler,197,Monsoon,0
2022-07-11,P006,Electronics,Air Cooler,221,Monsoon,0
2022-07-18,P006,Electronics,Air Cooler,223,Monsoon,0
2022-07-25,P006,Electronics,Air Cooler,225,Monsoon,0
2022-08-01,P006,Electronics,Air Cooler,209,Monsoon,0
2022-08-08,P006,Electronics,Air Cooler,158,Monsoon,0
2022-08-15,P006,Electronics,Air Cooler,238,Monsoon,0
2022-08-22,P006,Electronics,Air Cooler,158,Monsoon,0
2022-08-29,P006,Electronics,Air Cooler,200,Monsoon,0
2022-09-05,P006,Electronics,Air Cooler,169,Monsoon,0
2022-09-12,P006,Electronics,Air Cooler,189,Monsoon,0
2022-09-19,P006,Electronics,Air Cooler,200,Monsoon,0
2022-09-26,P006,Electronics,Air Cooler,200,Monsoon,0
2022-10-03,P006,Electronics,Air Cooler,203,Autumn,0
2022-10-10,P006,Electronics,Air Cooler,237,Autumn,0
2022-10-17,P006,Electronics,Air Cooler,204,Autumn,0
2022-10-24,P006,Electronics,Air Cooler,979,Autumn,1
2022-10-31,P006,Electronics,Air Cooler,219,Autumn,0
2022-11-07,P006,Electronics,Air Cooler,225,Autumn,0
2022-11-14,P006,Electronics,Air Cooler,156,Autumn,0
2022-11-21,P006,Electronics,Air Cooler,208,Autumn,0
2022-11-28,P006,Electronics,Air Cooler,211,Autumn,0
2022-12-05,P006,Electronics,Air Cooler,182,Winter,0
2022-12-12,P006,Electronics,Air Cooler,230,Winter,0
2022-12-19,P006,Electronics,Air Cooler,187,Winter,0
2022-12-26,P006,Electronics,Air Cooler,194,Winter,0
2023-01-02,P006,Electronics,Air Cooler,193,Winter,0
2023-01-09,P006,Electronics,Air Cooler,199,Winter,0
2023-01-16,P006,Electronics,Air Cooler,166,Winter,0
2023-01-23,P006,Electronics,Air Cooler,155,Winter,0
2023-01-30,P006,Electronics,Air Cooler,246,Winter,0
2023-02-06,P006,Electronics,Air Cooler,173,Winter,0
2023-02-13,P006,Electronics,Air Cooler,169,Winter,0
2023-02-20,P006,Electronics,Air Cooler,134,Winter,0
2023-02-27,P006,Electronics,Air Cooler,179,Winter,0
2023-03-06,P006,Electronics,Air Cooler,398,Summer,0
2023-03-13,P006,Electronics,Air Cooler,619,Summer,0
2023-03-20,P006,Electronics,Air Cooler,572,Summer,0
2023-03-27,P006,Electronics,Air Cooler,445,Summer,0
2023-04-03,P006,Electronics,Air Cooler,664,Summer,0
2023-04-10,P006,Electronics,Air Cooler,569,Summer,0
2023-04-17,P006,Electronics,Air Cooler,472,Summer,0
2023-04-24,P006,Electronics,Air Cooler,310,Summer,0
2023-05-01,P006,Electronics,Air Cooler,667,Summer,0
2023-05-08,P006,Electronics,Air Cooler,393,Summer,0
2023-05-15,P006,Electronics,Air Cooler,374,Summer,0
2023-05-22,P006,Electronics,Air Cooler,573,Summer,0
2023-05-29,P006,Electronics,Air Cooler,678,Summer,0
2023-06-05,P006,Electronics,Air Cooler,599,Summer,0
2023-06-12,P006,Electronics,Air Cooler,538,Summer,0
2023-06-19,P006,Electronics,Air Cooler,541,Summer,0
2023-06-26,P006,Electronics,Air Cooler,560,Summer,0
2023-07-03,P006,Electronics,Air Cooler,221,Monsoon,0
2023-07-10,P006,Electronics,Air Cooler,207,Monsoon,0
2023-07-17,P006,Electronics,Air Cooler,201,Monsoon,0
2023-07-24,P006,Electronics,Air Cooler,196,Monsoon,0
2023-07-31,P006,Electronics,Air Cooler,176,Monsoon,0
2023-08-07,P006,Electronics,Air Cooler,190,Monsoon,0
2023-08-14,P006,Electronics,Air Cooler,148,Monsoon,0
2023-08-21,P006,Electronics,Air Cooler,195,Monsoon,0
2023-08-28,P006,Electronics,Air Cooler,169,Monsoon,0
2023-09-04,P006,Electronics,Air Cooler,165,Monsoon,0
2023-09-11,P006,Electronics,Air Cooler,204,Monsoon,0
2023-09-18,P006,Electronics,Air Cooler,240,Monsoon,0
2023-09-25,P006,Electronics,Air Cooler,226,Monsoon,0
2023-10-02,P006,Electronics,Air Cooler,151,Autumn,0
2023-10-09,P006,Electronics,Air Cooler,169,Autumn,0
2023-10-16,P006,Electronics,Air Cooler,226,Autumn,0
2023-10-23,P006,Electronics,Air Cooler,169,Autumn,0
2023-10-30,P006,Electronics,Air Cooler,192,Autumn,0
2023-11-06,P006,Electronics,Air Cooler,1057,Autumn,1
2023-11-13,P006,Electronics,Air Cooler,169,Autumn,0
2023-11-20,P006,Electronics,Air Cooler,201,Autumn,0
2023-11-27,P006,Electronics,Air Cooler,158,Autumn,0
2023-12-04,P006,Electronics,Air Cooler,180,Winter,0
2023-12-11,P006,Electronics,Air Cooler,208,Winter,0
2023-12-18,P006,Electronics,Air Cooler,151,Winter,0
2023-12-25,P006,Electronics,Air Cooler,211,Winter,0
2024-01-01,P006,Electronics,Air Cooler,205,Winter,0
2024-01-08,P006,Electronics,Air Cooler,223,Winter,0
2024-01-15,P006,Electronics,Air Cooler,213,Winter,0
2024-01-22,P006,Electronics,Air Cooler,248,Winter,0
2024-01-29,P006,Electronics,Air Cooler,209,Winter,0
2024-02-05,P006,Electronics,Air Cooler,192,Winter,0
2024-02-12,P006,Electronics,Air Cooler,209,Winter,0
2024-02-19,P006,Electronics,Air Cooler,222,Winter,0
2024-02-26,P006,Electronics,Air Cooler,207,Winter,0
2024-03-04,P006,Electronics,Air Cooler,518,Summer,0
2024-03-11,P006,Electronics,Air Cooler,460,Summer,0
2024-03-18,P006,Electronics,Air Cooler,463,Summer,0
2024-03-25,P006,Electronics,Air Cooler,406,Summer,0
2024-04-01,P006,Electronics,Air Cooler,650,Summer,0
2024-04-08,P006,Electronics,Air Cooler,419,Summer,0
2024-04-15,P006,Electronics,Air Cooler,461,Summer,0
2024-04-22,P006,Electronics,Air Cooler,459,Summer,0
2024-04-29,P006,Electronics,Air Cooler,584,Summer,0
2024-05-06,P006,Electronics,Air Cooler,492,Summer,0
2024-05-13,P006,Electronics,Air Cooler,611,Summer,0
2024-05-20,P006,Electronics,Air Cooler,463,Summer,0
2024-05-27,P006,Electronics,Air Cooler,536,Summer,0
2024-06-03,P006,Electronics,Air Cooler,450,Summer,0
2024-06-10,P006,Electronics,Air Cooler,680,Summer,0
2024-06-17,P006,Electronics,Air Cooler,423,Summer,0
2024-06-24,P006,Electronics,Air Cooler,539,Summer,0
2024-07-01,P006,Electronics,Air Cooler,225,Monsoon,0
2024-07-08,P006,Electronics,Air Cooler,218,Monsoon,0
2024-07-15,P006,Electronics,Air Cooler,200,Monsoon,0
2024-07-22,P006,Electronics,Air Cooler,202,Monsoon,0
2024-07-29,P006,Electronics,Air Cooler,207,Monsoon,0
2024-08-05,P006,Electronics,Air Cooler,201,Monsoon,0
2024-08-12,P006,Electronics,Air Cooler,235,Monsoon,0
2024-08-19,P006,Electronics,Air Cooler,274,Monsoon,0
2024-08-26,P006,Electronics,Air Cooler,188,Monsoon,0
2024-09-02,P006,Electronics,Air Cooler,163,Monsoon,0
2024-09-09,P006,Electronics,Air Cooler,203,Monsoon,0
2024-09-16,P006,Electronics,Air Cooler,285,Monsoon,0
2024-09-23,P006,Electronics,Air Cooler,181,Monsoon,0
2024-09-30,P006,Electronics,Air Cooler,256,Monsoon,0
2024-10-07,P006,Electronics,Air Cooler,257,Autumn,0
2024-10-14,P006,Electronics,Air Cooler,188,Autumn,0
2024-10-21,P006,Electronics,Air Cooler,223,Autumn,0
2024-10-28,P006,Electronics,Air Cooler,1199,Autumn,1
2024-11-04,P006,Electronics,Air Cooler,194,Autumn,0
2024-11-11,P006,Electronics,Air Cooler,199,Autumn,0
2024-11-18,P006,Electronics,Air Cooler,188,Autumn,0
2024-11-25,P006,Electronics,Air Cooler,174,Autumn,0
2024-12-02,P006,Electronics,Air Cooler,186,Winter,0
2024-12-09,P006,Electronics,Air Cooler,168,Winter,0
2024-12-16,P006,Electronics,Air Cooler,207,Winter,0
2024-12-23,P006,Electronics,Air Cooler,182,Winter,0
2021-01-04,P007,Electronics,Heater,481,Winter,0
2021-01-11,P007,Electronics,Heater,538,Winter,0
2021-01-18,P007,Electronics,Heater,417,Winter,0
2021-01-25,P007,Electronics,Heater,587,Winter,0
2021-02-01,P007,Electronics,Heater,654,Winter,0
2021-02-08,P007,Electronics,Heater,590,Winter,0
2021-02-15,P007,Electronics,Heater,503,Winter,0
2021-02-22,P007,Electronics,Heater,401,Winter,0
2021-03-01,P007,Electronics,Heater,161,Summer,0
2021-03-08,P007,Electronics,Heater,167,Summer,0
2021-03-15,P007,Electronics,Heater,208,Summer,0
2021-03-22,P007,Electronics,Heater,212,Summer,0
2021-03-29,P007,Electronics,Heater,236,Summer,0
2021-04-05,P007,Electronics,Heater,152,Summer,0
2021-04-12,P007,Electronics,Heater,250,Summer,0
2021-04-19,P007,Electronics,Heater,230,Summer,0
2021-04-26,P007,Electronics,Heater,198,Summer,0
2021-05-03,P007,Electronics,Heater,171,Summer,0
2021-05-10,P007,Electronics,Heater,248,Summer,0
2021-05-17,P007,Electronics,Heater,199,Summer,0
2021-05-24,P007,Electronics,Heater,208,Summer,0
2021-05-31,P007,Electronics,Heater,221,Summer,0
2021-06-07,P007,Electronics,Heater,180,Summer,0
2021-06-14,P007,Electronics,Heater,200,Summer,0
2021-06-21,P007,Electronics,Heater,236,Summer,0
2021-06-28,P007,Electronics,Heater,232,Summer,0
2021-07-05,P007,Electronics,Heater,233,Monsoon,0
2021-07-12,P007,Electronics,Heater,172,Monsoon,0
2021-07-19,P007,Electronics,Heater,201,Monsoon,0
2021-07-26,P007,Electronics,Heater,196,Monsoon,0
2021-08-02,P007,Electronics,Heater,222,Monsoon,0
2021-08-09,P007,Electronics,Heater,219,Monsoon,0
2021-08-16,P007,Electronics,Heater,213,Monsoon,0
2021-08-23,P007,Electronics,Heater,286,Monsoon,0
2021-08-30,P007,Electronics,Heater,199,Monsoon,0
2021-09-06,P007,Electronics,Heater,196,Monsoon,0
2021-09-13,P007,Electronics,Heater,172,Monsoon,0
2021-09-20,P007,Electronics,Heater,160,Monsoon,0
2021-09-27,P007,Electronics,Heater,170,Monsoon,0
2021-10-04,P007,Electronics,Heater,186,Autumn,0
2021-10-11,P007,Electronics,Heater,250,Autumn,0
2021-10-18,P007,Electronics,Heater,210,Autumn,0
2021-10-25,P007,Electronics,Heater,215,Autumn,0
2021-11-01,P007,Electronics,Heater,880,Autumn,1
2021-11-08,P007,Electronics,Heater,220,Autumn,0
2021-11-15,P007,Electronics,Heater,252,Autumn,0
2021-11-22,P007,Electronics,Heater,146,Autumn,0
2021-11-29,P007,Electronics,Heater,247,Autumn,0
2021-12-06,P007,Electronics,Heater,325,Winter,0
2021-12-13,P007,Electronics,Heater,524,Winter,0
2021-12-20,P007,Electronics,Heater,694,Winter,0
2021-12-27,P007,Electronics,Heater,575,Winter,0
2022-01-03,P007,Electronics,Heater,573,Winter,0
2022-01-10,P007,Electronics,Heater,706,Winter,0
2022-01-17,P007,Electronics,Heater,486,Winter,0
2022-01-24,P007,Electronics,Heater,578,Winter,0
2022-01-31,P007,Electronics,Heater,590,Winter,0
2022-02-07,P007,Electronics,Heater,500,Winter,0
2022-02-14,P007,Electronics,Heater,508,Winter,0
2022-02-21,P007,Electronics,Heater,499,Winter,0
2022-02-28,P007,Electronics,Heater,550,Winter,0
2022-03-07,P007,Electronics,Heater,235,Summer,0
2022-03-14,P007,Electronics,Heater,221,Summer,0
2022-03-21,P007,Electronics,Heater,240,Summer,0
2022-03-28,P007,Electronics,Heater,153,Summer,0
2022-04-04,P007,Electronics,Heater,210,Summer,0
2022-04-11,P007,Electronics,Heater,183,Summer,0
2022-04-18,P007,Electronics,Heater,227,Summer,0
2022-04-25,P007,Electronics,Heater,226,Summer,0
2022-05-02,P007,Electronics,Heater,213,Summer,0
2022-05-09,P007,Electronics,Heater,233,Summer,0
2022-05-16,P007,Electronics,Heater,249,Summer,0
2022-05-23,P007,Electronics,Heater,215,Summer,0
2022-05-30,P007,Electronics,Heater,183,Summer,0
2022-06-06,P007,Electronics,Heater,165,Summer,0
2022-06-13,P007,Electronics,Heater,218,Summer,0
2022-06-20,P007,Electronics,Heater,225,Summer,0
2022-06-27,P007,Electronics,Heater,185,Summer,0
2022-07-04,P007,Electronics,Heater,241,Monsoon,0
2022-07-11,P007,Electronics,Heater,202,Monsoon,0
2022-07-18,P007,Electronics,Heater,163,Monsoon,0
2022-07-25,P007,Electronics,Heater,258,Monsoon,0
2022-08-01,P007,Electronics,Heater,254,Monsoon,0
2022-08-08,P007,Electronics,Heater,151,Monsoon,0
2022-08-15,P007,Electronics,Heater,199,Monsoon,0
2022-08-22,P007,Electronics,Heater,197,Monsoon,0
2022-08-29,P007,Electronics,Heater,270,Monsoon,0
2022-09-05,P007,Electronics,Heater,214,Monsoon,0
2022-09-12,P007,Electronics,Heater,168,Monsoon,0
2022-09-19,P007,Electronics,Heater,246,Monsoon,0
2022-09-26,P007,Electronics,Heater,177,Monsoon,0
2022-10-03,P007,Electronics,Heater,208,Autumn,0
2022-10-10,P007,Electronics,Heater,192,Autumn,0
2022-10-17,P007,Electronics,Heater,199,Autumn,0
2022-10-24,P007,Electronics,Heater,1316,Autumn,1
2022-10-31,P007,Electronics,Heater,266,Autumn,0
2022-11-07,P007,Electronics,Heater,175,Autumn,0
2022-11-14,P007,Electronics,Heater,237,Autumn,0
2022-11-21,P007,Electronics,Heater,193,Autumn,0
2022-11-28,P007,Electronics,Heater,194,Autumn,0
2022-12-05,P007,Electronics,Heater,583,Winter,0
2022-12-12,P007,Electronics,Heater,459,Winter,0
2022-12-19,P007,Electronics,Heater,581,Winter,0
2022-12-26,P007,Electronics,Heater,602,Winter,0
2023-01-02,P007,Electronics,Heater,527,Winter,0
2023-01-09,P007,Electronics,Heater,676,Winter,0
2023-01-16,P007,Electronics,Heater,456,Winter,0
2023-01-23,P007,Electronics,Heater,678,Winter,0
2023-01-30,P007,Electronics,Heater,399,Winter,0
2023-02-06,P007,Electronics,Heater,792,Winter,0
2023-02-13,P007,Electronics,Heater,529,Winter,0
2023-02-20,P007,Electronics,Heater,465,Winter,0
2023-02-27,P007,Electronics,Heater,544,Winter,0
2023-03-06,P007,Electronics,Heater,190,Summer,0
2023-03-13,P007,Electronics,Heater,238,Summer,0
2023-03-20,P007,Electronics,Heater,272,Summer,0
2023-03-27,P007,Electronics,Heater,192,Summer,0
2023-04-03,P007,Electronics,Heater,245,Summer,0
2023-04-10,P007,Electronics,Heater,173,Summer,0
2023-04-17,P007,Electronics,Heater,260,Summer,0
2023-04-24,P007,Electronics,Heater,239,Summer,0
2023-05-01,P007,Electronics,Heater,262,Summer,0
2023-05-08,P007,Electronics,Heater,221,Summer,0
2023-05-15,P007,Electronics,Heater,210,Summer,0
2023-05-22,P007,Electronics,Heater,253,Summer,0
2023-05-29,P007,Electronics,Heater,181,Summer,0
2023-06-05,P007,Electronics,Heater,166,Summer,0
2023-06-12,P007,Electronics,Heater,225,Summer,0
2023-06-19,P007,Electronics,Heater,212,Summer,0
2023-06-26,P007,Electronics,Heater,244,Summer,0
2023-07-03,P007,Electronics,Heater,262,Monsoon,0
2023-07-10,P007,Electronics,Heater,243,Monsoon,0
2023-07-17,P007,Electronics,Heater,259,Monsoon,0
2023-07-24,P007,Electronics,Heater,236,Monsoon,0
2023-07-31,P007,Electronics,Heater,242,Monsoon,0
2023-08-07,P007,Electronics,Heater,221,Monsoon,0
2023-08-14,P007,Electronics,Heater,241,Monsoon,0
2023-08-21,P007,Electronics,Heater,231,Monsoon,0
2023-08-28,P007,Electronics,Heater,236,Monsoon,0
2023-09-04,P007,Electronics,Heater,220,Monsoon,0
2023-09-11,P007,Electronics,Heater,253,Monsoon,0
2023-09-18,P007,Electronics,Heater,201,Monsoon,0
2023-09-25,P007,Electronics,Heater,225,Monsoon,0
2023-10-02,P007,Electronics,Heater,270,Autumn,0
2023-10-09,P007,Electronics,Heater,193,Autumn,0
2023-10-16,P007,Electronics,Heater,152,Autumn,0
2023-10-23,P007,Electronics,Heater,238,Autumn,0
2023-10-30,P007,Electronics,Heater,217,Autumn,0
2023-11-06,P007,Electronics,Heater,1278,Autumn,1
2023-11-13,P007,Electronics,Heater,221,Autumn,0
2023-11-20,P007,Electronics,Heater,205,Autumn,0
2023-11-27,P007,Electronics,Heater,223,Autumn,0
2023-12-04,P007,Electronics,Heater,656,Winter,0
2023-12-11,P007,Electronics,Heater,613,Winter,0
2023-12-18,P007,Electronics,Heater,358,Winter,0
2023-12-25,P007,Electronics,Heater,580,Winter,0
2024-01-01,P007,Electronics,Heater,605,Winter,0
2024-01-08,P007,Electronics,Heater,583,Winter,0
2024-01-15,P007,Electronics,Heater,531,Winter,0
2024-01-22,P007,Electronics,Heater,690,Winter,0
2024-01-29,P007,Electronics,Heater,694,Winter,0
2024-02-05,P007,Electronics,Heater,391,Winter,0
2024-02-12,P007,Electronics,Heater,515,Winter,0
2024-02-19,P007,Electronics,Heater,572,Winter,0
2024-02-26,P007,Electronics,Heater,668,Winter,0
2024-03-04,P007,Electronics,Heater,235,Summer,0
2024-03-11,P007,Electronics,Heater,210,Summer,0
2024-03-18,P007,Electronics,Heater,258,Summer,0
2024-03-25,P007,Electronics,Heater,226,Summer,0
2024-04-01,P007,Electronics,Heater,229,Summer,0
2024-04-08,P007,Electronics,Heater,233,Summer,0
2024-04-15,P007,Electronics,Heater,254,Summer,0
2024-04-22,P007,Electronics,Heater,223,Summer,0
2024-04-29,P007,Electronics,Heater,258,Summer,0
2024-05-06,P007,Electronics,Heater,231,Summer,0
2024-05-13,P007,Electronics,Heater,196,Summer,0
2024-05-20,P007,Electronics,Heater,232,Summer,0
2024-05-27,P007,Electronics,Heater,198,Summer,0
2024-06-03,P007,Electronics,Heater,235,Summer,0
2024-06-10,P007,Electronics,Heater,263,Summer,0
2024-06-17,P007,Electronics,Heater,196,Summer,0
2024-06-24,P007,Electronics,Heater,246,Summer,0
2024-07-01,P007,Electronics,Heater,204,Monsoon,0
2024-07-08,P007,Electronics,Heater,241,Monsoon,0
2024-07-15,P007,Electronics,Heater,264,Monsoon,0
2024-07-22,P007,Electronics,Heater,159,Monsoon,0
2024-07-29,P007,Electronics,Heater,194,Monsoon,0
2024-08-05,P007,Electronics,Heater,221,Monsoon,0
2024-08-12,P007,Electronics,Heater,245,Monsoon,0
2024-08-19,P007,Electronics,Heater,228,Monsoon,0
2024-08-26,P007,Electronics,Heater,232,Monsoon,0
2024-09-02,P007,Electronics,Heater,305,Monsoon,0
2024-09-09,P007,Electronics,Heater,191,Monsoon,0
2024-09-16,P007,Electronics,Heater,273,Monsoon,0
2024-09-23,P007,Electronics,Heater,221,Monsoon,0
2024-09-30,P007,Electronics,Heater,253,Monsoon,0
2024-10-07,P007,Electronics,Heater,308,Autumn,0
2024-10-14,P007,Electronics,Heater,258,Autumn,0
2024-10-21,P007,Electronics,Heater,247,Autumn,0
2024-10-28,P007,Electronics,Heater,1357,Autumn,1
2024-11-04,P007,Electronics,Heater,273,Autumn,0
2024-11-11,P007,Electronics,Heater,206,Autumn,0
2024-11-18,P007,Electronics,Heater,244,Autumn,0
2024-11-25,P007,Electronics,Heater,173,Autumn,0
2024-12-02,P007,Electronics,Heater,537,Winter,0
2024-12-09,P007,Electronics,Heater,612,Winter,0
2024-12-16,P007,Electronics,Heater,532,Winter,0
2024-12-23,P007,Electronics,Heater,609,Winter,0
2021-01-04,P008,Electronics,Smart Watch,129,Winter,0
2021-01-11,P008,Electronics,Smart Watch,100,Winter,0
2021-01-18,P008,Electronics,Smart Watch,138,Winter,0
2021-01-25,P008,Electronics,Smart Watch,143,Winter,0
2021-02-01,P008,Electronics,Smart Watch,173,Winter,0
2021-02-08,P008,Electronics,Smart Watch,149,Winter,0
2021-02-15,P008,Electronics,Smart Watch,92,Winter,0
2021-02-22,P008,Electronics,Smart Watch,130,Winter,0
2021-03-01,P008,Electronics,Smart Watch,164,Summer,0
2021-03-08,P008,Electronics,Smart Watch,141,Summer,0
2021-03-15,P008,Electronics,Smart Watch,135,Summer,0
2021-03-22,P008,Electronics,Smart Watch,146,Summer,0
2021-03-29,P008,Electronics,Smart Watch,116,Summer,0
2021-04-05,P008,Electronics,Smart Watch,138,Summer,0
2021-04-12,P008,Electronics,Smart Watch,124,Summer,0
2021-04-19,P008,Electronics,Smart Watch,128,Summer,0
2021-04-26,P008,Electronics,Smart Watch,145,Summer,0
2021-05-03,P008,Electronics,Smart Watch,111,Summer,0
2021-05-10,P008,Electronics,Smart Watch,153,Summer,0
2021-05-17,P008,Electronics,Smart Watch,120,Summer,0
2021-05-24,P008,Electronics,Smart Watch,134,Summer,0
2021-05-31,P008,Electronics,Smart Watch,101,Summer,0
2021-06-07,P008,Electronics,Smart Watch,142,Summer,0
2021-06-14,P008,Electronics,Smart Watch,156,Summer,0
2021-06-21,P008,Electronics,Smart Watch,119,Summer,0
2021-06-28,P008,Electronics,Smart Watch,107,Summer,0
2021-07-05,P008,Electronics,Smart Watch,134,Monsoon,0
2021-07-12,P008,Electronics,Smart Watch,157,Monsoon,0
2021-07-19,P008,Electronics,Smart Watch,100,Monsoon,0
2021-07-26,P008,Electronics,Smart Watch,107,Monsoon,0
2021-08-02,P008,Electronics,Smart Watch,120,Monsoon,0
2021-08-09,P008,Electronics,Smart Watch,113,Monsoon,0
2021-08-16,P008,Electronics,Smart Watch,113,Monsoon,0
2021-08-23,P008,Electronics,Smart Watch,88,Monsoon,0
2021-08-30,P008,Electronics,Smart Watch,140,Monsoon,0
2021-09-06,P008,Electronics,Smart Watch,135,Monsoon,0
2021-09-13,P008,Electronics,Smart Watch,96,Monsoon,0
2021-09-20,P008,Electronics,Smart Watch,157,Monsoon,0
2021-09-27,P008,Electronics,Smart Watch,161,Monsoon,0
2021-10-04,P008,Electronics,Smart Watch,114,Autumn,0
2021-10-11,P008,Electronics,Smart Watch,151,Autumn,0
2021-10-18,P008,Electronics,Smart Watch,117,Autumn,0
2021-10-25,P008,Electronics,Smart Watch,132,Autumn,0
2021-11-01,P008,Electronics,Smart Watch,482,Autumn,1
2021-11-08,P008,Electronics,Smart Watch,171,Autumn,0
2021-11-15,P008,Electronics,Smart Watch,123,Autumn,0
2021-11-22,P008,Electronics,Smart Watch,131,Autumn,0
2021-11-29,P008,Electronics,Smart Watch,115,Autumn,0
2021-12-06,P008,Electronics,Smart Watch,165,Winter,0
2021-12-13,P008,Electronics,Smart Watch,165,Winter,0
2021-12-20,P008,Electronics,Smart Watch,160,Winter,0
2021-12-27,P008,Electronics,Smart Watch,147,Winter,0
2022-01-03,P008,Electronics,Smart Watch,121,Winter,0
2022-01-10,P008,Electronics,Smart Watch,150,Winter,0
2022-01-17,P008,Electronics,Smart Watch,134,Winter,0
2022-01-24,P008,Electronics,Smart Watch,160,Winter,0
2022-01-31,P008,Electronics,Smart Watch,156,Winter,0
2022-02-07,P008,Electronics,Smart Watch,121,Winter,0
2022-02-14,P008,Electronics,Smart Watch,153,Winter,0
2022-02-21,P008,Electronics,Smart Watch,147,Winter,0
2022-02-28,P008,Electronics,Smart Watch,78,Winter,0
2022-03-07,P008,Electronics,Smart Watch,150,Summer,0
2022-03-14,P008,Electronics,Smart Watch,125,Summer,0
2022-03-21,P008,Electronics,Smart Watch,116,Summer,0
2022-03-28,P008,Electronics,Smart Watch,117,Summer,0
2022-04-04,P008,Electronics,Smart Watch,131,Summer,0
2022-04-11,P008,Electronics,Smart Watch,143,Summer,0
2022-04-18,P008,Electronics,Smart Watch,106,Summer,0
2022-04-25,P008,Electronics,Smart Watch,137,Summer,0
2022-05-02,P008,Electronics,Smart Watch,145,Summer,0
2022-05-09,P008,Electronics,Smart Watch,171,Summer,0
2022-05-16,P008,Electronics,Smart Watch,112,Summer,0
2022-05-23,P008,Electronics,Smart Watch,127,Summer,0
2022-05-30,P008,Electronics,Smart Watch,139,Summer,0
2022-06-06,P008,Electronics,Smart Watch,157,Summer,0
2022-06-13,P008,Electronics,Smart Watch,128,Summer,0
2022-06-20,P008,Electronics,Smart Watch,158,Summer,0
2022-06-27,P008,Electronics,Smart Watch,95,Summer,0
2022-07-04,P008,Electronics,Smart Watch,108,Monsoon,0
2022-07-11,P008,Electronics,Smart Watch,141,Monsoon,0
2022-07-18,P008,Electronics,Smart Watch,105,Monsoon,0
2022-07-25,P008,Electronics,Smart Watch,110,Monsoon,0
2022-08-01,P008,Electronics,Smart Watch,123,Monsoon,0
2022-08-08,P008,Electronics,Smart Watch,149,Monsoon,0
2022-08-15,P008,Electronics,Smart Watch,96,Monsoon,0
2022-08-22,P008,Electronics,Smart Watch,137,Monsoon,0
2022-08-29,P008,Electronics,Smart Watch,154,Monsoon,0
2022-09-05,P008,Electronics,Smart Watch,130,Monsoon,0
2022-09-12,P008,Electronics,Smart Watch,126,Monsoon,0
2022-09-19,P008,Electronics,Smart Watch,142,Monsoon,0
2022-09-26,P008,Electronics,Smart Watch,130,Monsoon,0
2022-10-03,P008,Electronics,Smart Watch,162,Autumn,0
2022-10-10,P008,Electronics,Smart Watch,111,Autumn,0
2022-10-17,P008,Electronics,Smart Watch,133,Autumn,0
2022-10-24,P008,Electronics,Smart Watch,734,Autumn,1
2022-10-31,P008,Electronics,Smart Watch,126,Autumn,0
2022-11-07,P008,Electronics,Smart Watch,76,Autumn,0
2022-11-14,P008,Electronics,Smart Watch,130,Autumn,0
2022-11-21,P008,Electronics,Smart Watch,152,Autumn,0
2022-11-28,P008,Electronics,Smart Watch,149,Autumn,0
2022-12-05,P008,Electronics,Smart Watch,141,Winter,0
2022-12-12,P008,Electronics,Smart Watch,112,Winter,0
2022-12-19,P008,Electronics,Smart Watch,142,Winter,0
2022-12-26,P008,Electronics,Smart Watch,122,Winter,0
2023-01-02,P008,Electronics,Smart Watch,146,Winter,0
2023-01-09,P008,Electronics,Smart Watch,141,Winter,0
2023-01-16,P008,Electronics,Smart Watch,118,Winter,0
2023-01-23,P008,Electronics,Smart Watch,120,Winter,0
2023-01-30,P008,Electronics,Smart Watch,146,Winter,0
2023-02-06,P008,Electronics,Smart Watch,134,Winter,0
2023-02-13,P008,Electronics,Smart Watch,121,Winter,0
2023-02-20,P008,Electronics,Smart Watch,120,Winter,0
2023-02-27,P008,Electronics,Smart Watch,132,Winter,0
2023-03-06,P008,Electronics,Smart Watch,172,Summer,0
2023-03-13,P008,Electronics,Smart Watch,128,Summer,0
2023-03-20,P008,Electronics,Smart Watch,139,Summer,0
2023-03-27,P008,Electronics,Smart Watch,141,Summer,0
2023-04-03,P008,Electronics,Smart Watch,115,Summer,0
2023-04-10,P008,Electronics,Smart Watch,102,Summer,0
2023-04-17,P008,Electronics,Smart Watch,117,Summer,0
2023-04-24,P008,Electronics,Smart Watch,144,Summer,0
2023-05-01,P008,Electronics,Smart Watch,141,Summer,0
2023-05-08,P008,Electronics,Smart Watch,153,Summer,0
2023-05-15,P008,Electronics,Smart Watch,141,Summer,0
2023-05-22,P008,Electronics,Smart Watch,137,Summer,0
2023-05-29,P008,Electronics,Smart Watch,126,Summer,0
2023-06-05,P008,Electronics,Smart Watch,157,Summer,0
2023-06-12,P008,Electronics,Smart Watch,120,Summer,0
2023-06-19,P008,Electronics,Smart Watch,116,Summer,0
2023-06-26,P008,Electronics,Smart Watch,151,Summer,0
2023-07-03,P008,Electronics,Smart Watch,111,Monsoon,0
2023-07-10,P008,Electronics,Smart Watch,189,Monsoon,0
2023-07-17,P008,Electronics,Smart Watch,140,Monsoon,0
2023-07-24,P008,Electronics,Smart Watch,146,Monsoon,0
2023-07-31,P008,Electronics,Smart Watch,122,Monsoon,0
2023-08-07,P008,Electronics,Smart Watch,132,Monsoon,0
2023-08-14,P008,Electronics,Smart Watch,130,Monsoon,0
2023-08-21,P008,Electronics,Smart Watch,127,Monsoon,0
2023-08-28,P008,Electronics,Smart Watch,152,Monsoon,0
2023-09-04,P008,Electronics,Smart Watch,129,Monsoon,0
2023-09-11,P008,Electronics,Smart Watch,160,Monsoon,0
2023-09-18,P008,Electronics,Smart Watch,194,Monsoon,0
2023-09-25,P008,Electronics,Smart Watch,133,Monsoon,0
2023-10-02,P008,Electronics,Smart Watch,142,Autumn,0
2023-10-09,P008,Electronics,Smart Watch,147,Autumn,0
2023-10-16,P008,Electronics,Smart Watch,177,Autumn,0
2023-10-23,P008,Electronics,Smart Watch,137,Autumn,0
2023-10-30,P008,Electronics,Smart Watch,121,Autumn,0
2023-11-06,P008,Electronics,Smart Watch,554,Autumn,1
2023-11-13,P008,Electronics,Smart Watch,138,Autumn,0
2023-11-20,P008,Electronics,Smart Watch,129,Autumn,0
2023-11-27,P008,Electronics,Smart Watch,181,Autumn,0
2023-12-04,P008,Electronics,Smart Watch,176,Winter,0
2023-12-11,P008,Electronics,Smart Watch,117,Winter,0
2023-12-18,P008,Electronics,Smart Watch,124,Winter,0
2023-12-25,P008,Electronics,Smart Watch,140,Winter,0
2024-01-01,P008,Electronics,Smart Watch,174,Winter,0
2024-01-08,P008,Electronics,Smart Watch,145,Winter,0
2024-01-15,P008,Electronics,Smart Watch,130,Winter,0
2024-01-22,P008,Electronics,Smart Watch,143,Winter,0
2024-01-29,P008,Electronics,Smart Watch,130,Winter,0
2024-02-05,P008,Electronics,Smart Watch,157,Winter,0
2024-02-12,P008,Electronics,Smart Watch,129,Winter,0
2024-02-19,P008,Electronics,Smart Watch,133,Winter,0
2024-02-26,P008,Electronics,Smart Watch,169,Winter,0
2024-03-04,P008,Electronics,Smart Watch,127,Summer,0
2024-03-11,P008,Electronics,Smart Watch,113,Summer,0
2024-03-18,P008,Electronics,Smart Watch,146,Summer,0
2024-03-25,P008,Electronics,Smart Watch,136,Summer,0
2024-04-01,P008,Electronics,Smart Watch,155,Summer,0
2024-04-08,P008,Electronics,Smart Watch,151,Summer,0
2024-04-15,P008,Electronics,Smart Watch,143,Summer,0
2024-04-22,P008,Electronics,Smart Watch,143,Summer,0
2024-04-29,P008,Electronics,Smart Watch,128,Summer,0
2024-05-06,P008,Electronics,Smart Watch,146,Summer,0
2024-05-13,P008,Electronics,Smart Watch,163,Summer,0
2024-05-20,P008,Electronics,Smart Watch,123,Summer,0
2024-05-27,P008,Electronics,Smart Watch,144,Summer,0
2024-06-03,P008,Electronics,Smart Watch,166,Summer,0
2024-06-10,P008,Electronics,Smart Watch,155,Summer,0
2024-06-17,P008,Electronics,Smart Watch,172,Summer,0
2024-06-24,P008,Electronics,Smart Watch,132,Summer,0
2024-07-01,P008,Electronics,Smart Watch,104,Monsoon,0
2024-07-08,P008,Electronics,Smart Watch,148,Monsoon,0
2024-07-15,P008,Electronics,Smart Watch,152,Monsoon,0
2024-07-22,P008,Electronics,Smart Watch,174,Monsoon,0
2024-07-29,P008,Electronics,Smart Watch,170,Monsoon,0
2024-08-05,P008,Electronics,Smart Watch,156,Monsoon,0
2024-08-12,P008,Electronics,Smart Watch,161,Monsoon,0
2024-08-19,P008,Electronics,Smart Watch,140,Monsoon,0
2024-08-26,P008,Electronics,Smart Watch,118,Monsoon,0
2024-09-02,P008,Electronics,Smart Watch,147,Monsoon,0
2024-09-09,P008,Electronics,Smart Watch,165,Monsoon,0
2024-09-16,P008,Electronics,Smart Watch,158,Monsoon,0
2024-09-23,P008,Electronics,Smart Watch,162,Monsoon,0
2024-09-30,P008,Electronics,Smart Watch,135,Monsoon,0
2024-10-07,P008,Electronics,Smart Watch,138,Autumn,0
2024-10-14,P008,Electronics,Smart Watch,154,Autumn,0
2024-10-21,P008,Electronics,Smart Watch,132,Autumn,0
2024-10-28,P008,Electronics,Smart Watch,623,Autumn,1
2024-11-04,P008,Electronics,Smart Watch,150,Autumn,0
2024-11-11,P008,Electronics,Smart Watch,160,Autumn,0
2024-11-18,P008,Electronics,Smart Watch,140,Autumn,0
2024-11-25,P008,Electronics,Smart Watch,119,Autumn,0
2024-12-02,P008,Electronics,Smart Watch,128,Winter,0
2024-12-09,P008,Electronics,Smart Watch,148,Winter,0
2024-12-16,P008,Electronics,Smart Watch,148,Winter,0
2024-12-23,P008,Electronics,Smart Watch,149,Winter,0
2021-01-04,P009,Electronics,Headphones,105,Winter,0
2021-01-11,P009,Electronics,Headphones,124,Winter,0
2021-01-18,P009,Electronics,Headphones,107,Winter,0
2021-01-25,P009,Electronics,Headphones,147,Winter,0
2021-02-01,P009,Electronics,Headphones,108,Winter,0
2021-02-08,P009,Electronics,Headphones,131,Winter,0
2021-02-15,P009,Electronics,Headphones,113,Winter,0
2021-02-22,P009,Electronics,Headphones,130,Winter,0
2021-03-01,P009,Electronics,Headphones,115,Summer,0
2021-03-08,P009,Electronics,Headphones,101,Summer,0
2021-03-15,P009,Electronics,Headphones,134,Summer,0
2021-03-22,P009,Electronics,Headphones,120,Summer,0
2021-03-29,P009,Electronics,Headphones,130,Summer,0
2021-04-05,P009,Electronics,Headphones,116,Summer,0
2021-04-12,P009,Electronics,Headphones,100,Summer,0
2021-04-19,P009,Electronics,Headphones,145,Summer,0
2021-04-26,P009,Electronics,Headphones,138,Summer,0
2021-05-03,P009,Electronics,Headphones,114,Summer,0
2021-05-10,P009,Electronics,Headphones,126,Summer,0
2021-05-17,P009,Electronics,Headphones,144,Summer,0
2021-05-24,P009,Electronics,Headphones,116,Summer,0
2021-05-31,P009,Electronics,Headphones,119,Summer,0
2021-06-07,P009,Electronics,Headphones,129,Summer,0
2021-06-14,P009,Electronics,Headphones,116,Summer,0
2021-06-21,P009,Electronics,Headphones,141,Summer,0
2021-06-28,P009,Electronics,Headphones,121,Summer,0
2021-07-05,P009,Electronics,Headphones,110,Monsoon,0
2021-07-12,P009,Electronics,Headphones,136,Monsoon,0
2021-07-19,P009,Electronics,Headphones,103,Monsoon,0
2021-07-26,P009,Electronics,Headphones,162,Monsoon,0
2021-08-02,P009,Electronics,Headphones,154,Monsoon,0
2021-08-09,P009,Electronics,Headphones,134,Monsoon,0
2021-08-16,P009,Electronics,Headphones,133,Monsoon,0
2021-08-23,P009,Electronics,Headphones,132,Monsoon,0
2021-08-30,P009,Electronics,Headphones,115,Monsoon,0
2021-09-06,P009,Electronics,Headphones,130,Monsoon,0
2021-09-13,P009,Electronics,Headphones,107,Monsoon,0
2021-09-20,P009,Electronics,Headphones,134,Monsoon,0
2021-09-27,P009,Electronics,Headphones,141,Monsoon,0
2021-10-04,P009,Electronics,Headphones,117,Autumn,0
2021-10-11,P009,Electronics,Headphones,113,Autumn,0
2021-10-18,P009,Electronics,Headphones,102,Autumn,0
2021-10-25,P009,Electronics,Headphones,152,Autumn,0
2021-11-01,P009,Electronics,Headphones,492,Autumn,1
2021-11-08,P009,Electronics,Headphones,121,Autumn,0
2021-11-15,P009,Electronics,Headphones,130,Autumn,0
2021-11-22,P009,Electronics,Headphones,130,Autumn,0
2021-11-29,P009,Electronics,Headphones,138,Autumn,0
2021-12-06,P009,Electronics,Headphones,117,Winter,0
2021-12-13,P009,Electronics,Headphones,103,Winter,0
2021-12-20,P009,Electronics,Headphones,100,Winter,0
2021-12-27,P009,Electronics,Headphones,114,Winter,0
2022-01-03,P009,Electronics,Headphones,111,Winter,0
2022-01-10,P009,Electronics,Headphones,124,Winter,0
2022-01-17,P009,Electronics,Headphones,155,Winter,0
2022-01-24,P009,Electronics,Headphones,122,Winter,0
2022-01-31,P009,Electronics,Headphones,122,Winter,0
2022-02-07,P009,Electronics,Headphones,129,Winter,0
2022-02-14,P009,Electronics,Headphones,122,Winter,0
2022-02-21,P009,Electronics,Headphones,128,Winter,0
2022-02-28,P009,Electronics,Headphones,140,Winter,0
2022-03-07,P009,Electronics,Headphones,147,Summer,0
2022-03-14,P009,Electronics,Headphones,149,Summer,0
2022-03-21,P009,Electronics,Headphones,170,Summer,0
2022-03-28,P009,Electronics,Headphones,141,Summer,0
2022-04-04,P009,Electronics,Headphones,173,Summer,0
2022-04-11,P009,Electronics,Headphones,114,Summer,0
2022-04-18,P009,Electronics,Headphones,170,Summer,0
2022-04-25,P009,Electronics,Headphones,122,Summer,0
2022-05-02,P009,Electronics,Headphones,124,Summer,0
2022-05-09,P009,Electronics,Headphones,127,Summer,0
2022-05-16,P009,Electronics,Headphones,125,Summer,0
2022-05-23,P009,Electronics,Headphones,131,Summer,0
2022-05-30,P009,Electronics,Headphones,118,Summer,0
2022-06-06,P009,Electronics,Headphones,146,Summer,0
2022-06-13,P009,Electronics,Headphones,119,Summer,0
2022-06-20,P009,Electronics,Headphones,142,Summer,0
2022-06-27,P009,Electronics,Headphones,159,Summer,0
2022-07-04,P009,Electronics,Headphones,123,Monsoon,0
2022-07-11,P009,Electronics,Headphones,145,Monsoon,0
2022-07-18,P009,Electronics,Headphones,140,Monsoon,0
2022-07-25,P009,Electronics,Headphones,173,Monsoon,0
2022-08-01,P009,Electronics,Headphones,120,Monsoon,0
2022-08-08,P009,Electronics,Headphones,145,Monsoon,0
2022-08-15,P009,Electronics,Headphones,98,Monsoon,0
2022-08-22,P009,Electronics,Headphones,120,Monsoon,0
2022-08-29,P009,Electronics,Headphones,136,Monsoon,0
2022-09-05,P009,Electronics,Headphones,157,Monsoon,0
2022-09-12,P009,Electronics,Headphones,106,Monsoon,0
2022-09-19,P009,Electronics,Headphones,145,Monsoon,0
2022-09-26,P009,Electronics,Headphones,128,Monsoon,0
2022-10-03,P009,Electronics,Headphones,100,Autumn,0
2022-10-10,P009,Electronics,Headphones,133,Autumn,0
2022-10-17,P009,Electronics,Headphones,163,Autumn,0
2022-10-24,P009,Electronics,Headphones,574,Autumn,1
2022-10-31,P009,Electronics,Headphones,127,Autumn,0
2022-11-07,P009,Electronics,Headphones,110,Autumn,0
2022-11-14,P009,Electronics,Headphones,120,Autumn,0
2022-11-21,P009,Electronics,Headphones,157,Autumn,0
2022-11-28,P009,Electronics,Headphones,124,Autumn,0
2022-12-05,P009,Electronics,Headphones,157,Winter,0
2022-12-12,P009,Electronics,Headphones,151,Winter,0
2022-12-19,P009,Electronics,Headphones,122,Winter,0
2022-12-26,P009,Electronics,Headphones,120,Winter,0
2023-01-02,P009,Electronics,Headphones,116,Winter,0
2023-01-09,P009,Electronics,Headphones,116,Winter,0
2023-01-16,P009,Electronics,Headphones,142,Winter,0
2023-01-23,P009,Electronics,Headphones,134,Winter,0
2023-01-30,P009,Electronics,Headphones,122,Winter,0
2023-02-06,P009,Electronics,Headphones,103,Winter,0
2023-02-13,P009,Electronics,Headphones,137,Winter,0
2023-02-20,P009,Electronics,Headphones,125,Winter,0
2023-02-27,P009,Electronics,Headphones,131,Winter,0
2023-03-06,P009,Electronics,Headphones,141,Summer,0
2023-03-13,P009,Electronics,Headphones,84,Summer,0
2023-03-20,P009,Electronics,Headphones,103,Summer,0
2023-03-27,P009,Electronics,Headphones,181,Summer,0
2023-04-03,P009,Electronics,Headphones,124,Summer,0
2023-04-10,P009,Electronics,Headphones,84,Summer,0
2023-04-17,P009,Electronics,Headphones,105,Summer,0
2023-04-24,P009,Electronics,Headphones,185,Summer,0
2023-05-01,P009,Electronics,Headphones,120,Summer,0
2023-05-08,P009,Electronics,Headphones,158,Summer,0
2023-05-15,P009,Electronics,Headphones,137,Summer,0
2023-05-22,P009,Electronics,Headphones,125,Summer,0
2023-05-29,P009,Electronics,Headphones,150,Summer,0
2023-06-05,P009,Electronics,Headphones,86,Summer,0
2023-06-12,P009,Electronics,Headphones,105,Summer,0
2023-06-19,P009,Electronics,Headphones,125,Summer,0
2023-06-26,P009,Electronics,Headphones,107,Summer,0
2023-07-03,P009,Electronics,Headphones,123,Monsoon,0
2023-07-10,P009,Electronics,Headphones,152,Monsoon,0
2023-07-17,P009,Electronics,Headphones,137,Monsoon,0
2023-07-24,P009,Electronics,Headphones,161,Monsoon,0
2023-07-31,P009,Electronics,Headphones,138,Monsoon,0
2023-08-07,P009,Electronics,Headphones,155,Monsoon,0
2023-08-14,P009,Electronics,Headphones,133,Monsoon,0
2023-08-21,P009,Electronics,Headphones,123,Monsoon,0
2023-08-28,P009,Electronics,Headphones,164,Monsoon,0
2023-09-04,P009,Electronics,Headphones,120,Monsoon,0
2023-09-11,P009,Electronics,Headphones,141,Monsoon,0
2023-09-18,P009,Electronics,Headphones,150,Monsoon,0
2023-09-25,P009,Electronics,Headphones,152,Monsoon,0
2023-10-02,P009,Electronics,Headphones,111,Autumn,0
2023-10-09,P009,Electronics,Headphones,156,Autumn,0
2023-10-16,P009,Electronics,Headphones,115,Autumn,0
2023-10-23,P009,Electronics,Headphones,151,Autumn,0
2023-10-30,P009,Electronics,Headphones,145,Autumn,0
2023-11-06,P009,Electronics,Headphones,745,Autumn,1
2023-11-13,P009,Electronics,Headphones,110,Autumn,0
2023-11-20,P009,Electronics,Headphones,146,Autumn,0
2023-11-27,P009,Electronics,Headphones,156,Autumn,0
2023-12-04,P009,Electronics,Headphones,138,Winter,0
2023-12-11,P009,Electronics,Headphones,118,Winter,0
2023-12-18,P009,Electronics,Headphones,153,Winter,0
2023-12-25,P009,Electronics,Headphones,137,Winter,0
2024-01-01,P009,Electronics,Headphones,104,Winter,0
2024-01-08,P009,Electronics,Headphones,121,Winter,0
2024-01-15,P009,Electronics,Headphones,128,Winter,0
2024-01-22,P009,Electronics,Headphones,171,Winter,0
2024-01-29,P009,Electronics,Headphones,167,Winter,0
2024-02-05,P009,Electronics,Headphones,167,Winter,0
2024-02-12,P009,Electronics,Headphones,144,Winter,0
2024-02-19,P009,Electronics,Headphones,159,Winter,0
2024-02-26,P009,Electronics,Headphones,116,Winter,0
2024-03-04,P009,Electronics,Headphones,140,Summer,0
2024-03-11,P009,Electronics,Headphones,149,Summer,0
2024-03-18,P009,Electronics,Headphones,117,Summer,0
2024-03-25,P009,Electronics,Headphones,144,Summer,0
2024-04-01,P009,Electronics,Headphones,175,Summer,0
2024-04-08,P009,Electronics,Headphones,151,Summer,0
2024-04-15,P009,Electronics,Headphones,159,Summer,0
2024-04-22,P009,Electronics,Headphones,88,Summer,0
2024-04-29,P009,Electronics,Headphones,172,Summer,0
2024-05-06,P009,Electronics,Headphones,136,Summer,0
2024-05-13,P009,Electronics,Headphones,123,Summer,0
2024-05-20,P009,Electronics,Headphones,136,Summer,0
2024-05-27,P009,Electronics,Headphones,108,Summer,0
2024-06-03,P009,Electronics,Headphones,162,Summer,0
2024-06-10,P009,Electronics,Headphones,132,Summer,0
2024-06-17,P009,Electronics,Headphones,124,Summer,0
2024-06-24,P009,Electronics,Headphones,136,Summer,0
2024-07-01,P009,Electronics,Headphones,163,Monsoon,0
2024-07-08,P009,Electronics,Headphones,142,Monsoon,0
2024-07-15,P009,Electronics,Headphones,110,Monsoon,0
2024-07-22,P009,Electronics,Headphones,149,Monsoon,0
2024-07-29,P009,Electronics,Headphones,120,Monsoon,0
2024-08-05,P009,Electronics,Headphones,94,Monsoon,0
2024-08-12,P009,Electronics,Headphones,171,Monsoon,0
2024-08-19,P009,Electronics,Headphones,149,Monsoon,0
2024-08-26,P009,Electronics,Headphones,138,Monsoon,0
2024-09-02,P009,Electronics,Headphones,132,Monsoon,0
2024-09-09,P009,Electronics,Headphones,169,Monsoon,0
2024-09-16,P009,Electronics,Headphones,204,Monsoon,0
2024-09-23,P009,Electronics,Headphones,149,Monsoon,0
2024-09-30,P009,Electronics,Headphones,118,Monsoon,0
2024-10-07,P009,Electronics,Headphones,136,Autumn,0
2024-10-14,P009,Electronics,Headphones,149,Autumn,0
2024-10-21,P009,Electronics,Headphones,90,Autumn,0
2024-10-28,P009,Electronics,Headphones,687,Autumn,1
2024-11-04,P009,Electronics,Headphones,149,Autumn,0
2024-11-11,P009,Electronics,Headphones,167,Autumn,0
2024-11-18,P009,Electronics,Headphones,165,Autumn,0
2024-11-25,P009,Electronics,Headphones,142,Autumn,0
2024-12-02,P009,Electronics,Headphones,171,Winter,0
2024-12-09,P009,Electronics,Headphones,182,Winter,0
2024-12-16,P009,Electronics,Headphones,140,Winter,0
2024-12-23,P009,Electronics,Headphones,148,Winter,0
2021-01-04,P010,Groceries,Soft Drinks,414,Winter,0
2021-01-11,P010,Groceries,Soft Drinks,436,Winter,0
2021-01-18,P010,Groceries,Soft Drinks,438,Winter,0
2021-01-25,P010,Groceries,Soft Drinks,419,Winter,0
2021-02-01,P010,Groceries,Soft Drinks,426,Winter,0
2021-02-08,P010,Groceries,Soft Drinks,550,Winter,0
2021-02-15,P010,Groceries,Soft Drinks,481,Winter,0
2021-02-22,P010,Groceries,Soft Drinks,424,Winter,0
2021-03-01,P010,Groceries,Soft Drinks,1226,Summer,0
2021-03-08,P010,Groceries,Soft Drinks,1054,Summer,0
2021-03-15,P010,Groceries,Soft Drinks,1305,Summer,0
2021-03-22,P010,Groceries,Soft Drinks,1171,Summer,0
2021-03-29,P010,Groceries,Soft Drinks,1092,Summer,0
2021-04-05,P010,Groceries,Soft Drinks,1184,Summer,0
2021-04-12,P010,Groceries,Soft Drinks,848,Summer,0
2021-04-19,P010,Groceries,Soft Drinks,922,Summer,0
2021-04-26,P010,Groceries,Soft Drinks,911,Summer,0
2021-05-03,P010,Groceries,Soft Drinks,1133,Summer,0
2021-05-10,P010,Groceries,Soft Drinks,1398,Summer,0
2021-05-17,P010,Groceries,Soft Drinks,1481,Summer,0
2021-05-24,P010,Groceries,Soft Drinks,1216,Summer,0
2021-05-31,P010,Groceries,Soft Drinks,1193,Summer,0
2021-06-07,P010,Groceries,Soft Drinks,810,Summer,0
2021-06-14,P010,Groceries,Soft Drinks,1019,Summer,0
2021-06-21,P010,Groceries,Soft Drinks,978,Summer,0
2021-06-28,P010,Groceries,Soft Drinks,1006,Summer,0
2021-07-05,P010,Groceries,Soft Drinks,432,Monsoon,0
2021-07-12,P010,Groceries,Soft Drinks,412,Monsoon,0
2021-07-19,P010,Groceries,Soft Drinks,312,Monsoon,0
2021-07-26,P010,Groceries,Soft Drinks,493,Monsoon,0
2021-08-02,P010,Groceries,Soft Drinks,372,Monsoon,0
2021-08-09,P010,Groceries,Soft Drinks,459,Monsoon,0
2021-08-16,P010,Groceries,Soft Drinks,582,Monsoon,0
2021-08-23,P010,Groceries,Soft Drinks,382,Monsoon,0
2021-08-30,P010,Groceries,Soft Drinks,275,Monsoon,0
2021-09-06,P010,Groceries,Soft Drinks,424,Monsoon,0
2021-09-13,P010,Groceries,Soft Drinks,517,Monsoon,0
2021-09-20,P010,Groceries,Soft Drinks,574,Monsoon,0
2021-09-27,P010,Groceries,Soft Drinks,362,Monsoon,0
2021-10-04,P010,Groceries,Soft Drinks,477,Autumn,0
2021-10-11,P010,Groceries,Soft Drinks,413,Autumn,0
2021-10-18,P010,Groceries,Soft Drinks,436,Autumn,0
2021-10-25,P010,Groceries,Soft Drinks,620,Autumn,0
2021-11-01,P010,Groceries,Soft Drinks,1469,Autumn,1
2021-11-08,P010,Groceries,Soft Drinks,460,Autumn,0
2021-11-15,P010,Groceries,Soft Drinks,475,Autumn,0
2021-11-22,P010,Groceries,Soft Drinks,516,Autumn,0
2021-11-29,P010,Groceries,Soft Drinks,450,Autumn,0
2021-12-06,P010,Groceries,Soft Drinks,464,Winter,0
2021-12-13,P010,Groceries,Soft Drinks,417,Winter,0
2021-12-20,P010,Groceries,Soft Drinks,461,Winter,0
2021-12-27,P010,Groceries,Soft Drinks,421,Winter,0
2022-01-03,P010,Groceries,Soft Drinks,504,Winter,0
2022-01-10,P010,Groceries,Soft Drinks,436,Winter,0
2022-01-17,P010,Groceries,Soft Drinks,487,Winter,0
2022-01-24,P010,Groceries,Soft Drinks,459,Winter,0
2022-01-31,P010,Groceries,Soft Drinks,539,Winter,0
2022-02-07,P010,Groceries,Soft Drinks,458,Winter,0
2022-02-14,P010,Groceries,Soft Drinks,338,Winter,0
2022-02-21,P010,Groceries,Soft Drinks,549,Winter,0
2022-02-28,P010,Groceries,Soft Drinks,399,Winter,0
2022-03-07,P010,Groceries,Soft Drinks,1041,Summer,0
2022-03-14,P010,Groceries,Soft Drinks,1051,Summer,0
2022-03-21,P010,Groceries,Soft Drinks,1392,Summer,0
2022-03-28,P010,Groceries,Soft Drinks,784,Summer,0
2022-04-04,P010,Groceries,Soft Drinks,1697,Summer,0
2022-04-11,P010,Groceries,Soft Drinks,1337,Summer,0
2022-04-18,P010,Groceries,Soft Drinks,1193,Summer,0
2022-04-25,P010,Groceries,Soft Drinks,1144,Summer,0
2022-05-02,P010,Groceries,Soft Drinks,1203,Summer,0
2022-05-09,P010,Groceries,Soft Drinks,1244,Summer,0
2022-05-16,P010,Groceries,Soft Drinks,1266,Summer,0
2022-05-23,P010,Groceries,Soft Drinks,1250,Summer,0
2022-05-30,P010,Groceries,Soft Drinks,1169,Summer,0
2022-06-06,P010,Groceries,Soft Drinks,1120,Summer,0
2022-06-13,P010,Groceries,Soft Drinks,1128,Summer,0
2022-06-20,P010,Groceries,Soft Drinks,1120,Summer,0
2022-06-27,P010,Groceries,Soft Drinks,1350,Summer,0
2022-07-04,P010,Groceries,Soft Drinks,502,Monsoon,0
2022-07-11,P010,Groceries,Soft Drinks,258,Monsoon,0
2022-07-18,P010,Groceries,Soft Drinks,507,Monsoon,0
2022-07-25,P010,Groceries,Soft Drinks,475,Monsoon,0
2022-08-01,P010,Groceries,Soft Drinks,460,Monsoon,0
2022-08-08,P010,Groceries,Soft Drinks,434,Monsoon,0
2022-08-15,P010,Groceries,Soft Drinks,539,Monsoon,0
2022-08-22,P010,Groceries,Soft Drinks,527,Monsoon,0
2022-08-29,P010,Groceries,Soft Drinks,408,Monsoon,0
2022-09-05,P010,Groceries,Soft Drinks,489,Monsoon,0
2022-09-12,P010,Groceries,Soft Drinks,394,Monsoon,0
2022-09-19,P010,Groceries,Soft Drinks,366,Monsoon,0
2022-09-26,P010,Groceries,Soft Drinks,418,Monsoon,0
2022-10-03,P010,Groceries,Soft Drinks,521,Autumn,0
2022-10-10,P010,Groceries,Soft Drinks,527,Autumn,0
2022-10-17,P010,Groceries,Soft Drinks,497,Autumn,0
2022-10-24,P010,Groceries,Soft Drinks,2719,Autumn,1
2022-10-31,P010,Groceries,Soft Drinks,497,Autumn,0
2022-11-07,P010,Groceries,Soft Drinks,417,Autumn,0
2022-11-14,P010,Groceries,Soft Drinks,491,Autumn,0
2022-11-21,P010,Groceries,Soft Drinks,517,Autumn,0
2022-11-28,P010,Groceries,Soft Drinks,514,Autumn,0
2022-12-05,P010,Groceries,Soft Drinks,544,Winter,0
2022-12-12,P010,Groceries,Soft Drinks,510,Winter,0
2022-12-19,P010,Groceries,Soft Drinks,486,Winter,0
2022-12-26,P010,Groceries,Soft Drinks,535,Winter,0
2023-01-02,P010,Groceries,Soft Drinks,477,Winter,0
2023-01-09,P010,Groceries,Soft Drinks,416,Winter,0
2023-01-16,P010,Groceries,Soft Drinks,467,Winter,0
2023-01-23,P010,Groceries,Soft Drinks,425,Winter,0
2023-01-30,P010,Groceries,Soft Drinks,430,Winter,0
2023-02-06,P010,Groceries,Soft Drinks,469,Winter,0
2023-02-13,P010,Groceries,Soft Drinks,422,Winter,0
2023-02-20,P010,Groceries,Soft Drinks,457,Winter,0
2023-02-27,P010,Groceries,Soft Drinks,343,Winter,0
2023-03-06,P010,Groceries,Soft Drinks,1237,Summer,0
2023-03-13,P010,Groceries,Soft Drinks,1199,Summer,0
2023-03-20,P010,Groceries,Soft Drinks,1051,Summer,0
2023-03-27,P010,Groceries,Soft Drinks,1317,Summer,0
2023-04-03,P010,Groceries,Soft Drinks,1367,Summer,0
2023-04-10,P010,Groceries,Soft Drinks,909,Summer,0
2023-04-17,P010,Groceries,Soft Drinks,1061,Summer,0
2023-04-24,P010,Groceries,Soft Drinks,1060,Summer,0
2023-05-01,P010,Groceries,Soft Drinks,1029,Summer,0
2023-05-08,P010,Groceries,Soft Drinks,1347,Summer,0
2023-05-15,P010,Groceries,Soft Drinks,1163,Summer,0
2023-05-22,P010,Groceries,Soft Drinks,1151,Summer,0
2023-05-29,P010,Groceries,Soft Drinks,838,Summer,0
2023-06-05,P010,Groceries,Soft Drinks,1313,Summer,0
2023-06-12,P010,Groceries,Soft Drinks,975,Summer,0
2023-06-19,P010,Groceries,Soft Drinks,1209,Summer,0
2023-06-26,P010,Groceries,Soft Drinks,1248,Summer,0
2023-07-03,P010,Groceries,Soft Drinks,577,Monsoon,0
2023-07-10,P010,Groceries,Soft Drinks,385,Monsoon,0
2023-07-17,P010,Groceries,Soft Drinks,262,Monsoon,0
2023-07-24,P010,Groceries,Soft Drinks,492,Monsoon,0
2023-07-31,P010,Groceries,Soft Drinks,609,Monsoon,0
2023-08-07,P010,Groceries,Soft Drinks,568,Monsoon,0
2023-08-14,P010,Groceries,Soft Drinks,494,Monsoon,0
2023-08-21,P010,Groceries,Soft Drinks,444,Monsoon,0
2023-08-28,P010,Groceries,Soft Drinks,537,Monsoon,0
2023-09-04,P010,Groceries,Soft Drinks,409,Monsoon,0
2023-09-11,P010,Groceries,Soft Drinks,513,Monsoon,0
2023-09-18,P010,Groceries,Soft Drinks,515,Monsoon,0
2023-09-25,P010,Groceries,Soft Drinks,555,Monsoon,0
2023-10-02,P010,Groceries,Soft Drinks,678,Autumn,0
2023-10-09,P010,Groceries,Soft Drinks,507,Autumn,0
2023-10-16,P010,Groceries,Soft Drinks,442,Autumn,0
2023-10-23,P010,Groceries,Soft Drinks,477,Autumn,0
2023-10-30,P010,Groceries,Soft Drinks,352,Autumn,0
2023-11-06,P010,Groceries,Soft Drinks,2112,Autumn,1
2023-11-13,P010,Groceries,Soft Drinks,450,Autumn,0
2023-11-20,P010,Groceries,Soft Drinks,441,Autumn,0
2023-11-27,P010,Groceries,Soft Drinks,490,Autumn,0
2023-12-04,P010,Groceries,Soft Drinks,420,Winter,0
2023-12-11,P010,Groceries,Soft Drinks,560,Winter,0
2023-12-18,P010,Groceries,Soft Drinks,479,Winter,0
2023-12-25,P010,Groceries,Soft Drinks,478,Winter,0
2024-01-01,P010,Groceries,Soft Drinks,472,Winter,0
2024-01-08,P010,Groceries,Soft Drinks,508,Winter,0
2024-01-15,P010,Groceries,Soft Drinks,558,Winter,0
2024-01-22,P010,Groceries,Soft Drinks,432,Winter,0
2024-01-29,P010,Groceries,Soft Drinks,448,Winter,0
2024-02-05,P010,Groceries,Soft Drinks,474,Winter,0
2024-02-12,P010,Groceries,Soft Drinks,396,Winter,0
2024-02-19,P010,Groceries,Soft Drinks,436,Winter,0
2024-02-26,P010,Groceries,Soft Drinks,461,Winter,0
2024-03-04,P010,Groceries,Soft Drinks,1406,Summer,0
2024-03-11,P010,Groceries,Soft Drinks,1292,Summer,0
2024-03-18,P010,Groceries,Soft Drinks,1279,Summer,0
2024-03-25,P010,Groceries,Soft Drinks,1401,Summer,0
2024-04-01,P010,Groceries,Soft Drinks,1217,Summer,0
2024-04-08,P010,Groceries,Soft Drinks,1316,Summer,0
2024-04-15,P010,Groceries,Soft Drinks,1223,Summer,0
2024-04-22,P010,Groceries,Soft Drinks,1292,Summer,0
2024-04-29,P010,Groceries,Soft Drinks,1134,Summer,0
2024-05-06,P010,Groceries,Soft Drinks,788,Summer,0
2024-05-13,P010,Groceries,Soft Drinks,1218,Summer,0
2024-05-20,P010,Groceries,Soft Drinks,1508,Summer,0
2024-05-27,P010,Groceries,Soft Drinks,1415,Summer,0
2024-06-03,P010,Groceries,Soft Drinks,1423,Summer,0
2024-06-10,P010,Groceries,Soft Drinks,1473,Summer,0
2024-06-17,P010,Groceries,Soft Drinks,1259,Summer,0
2024-06-24,P010,Groceries,Soft Drinks,1279,Summer,0
2024-07-01,P010,Groceries,Soft Drinks,451,Monsoon,0
2024-07-08,P010,Groceries,Soft Drinks,473,Monsoon,0
2024-07-15,P010,Groceries,Soft Drinks,543,Monsoon,0
2024-07-22,P010,Groceries,Soft Drinks,587,Monsoon,0
2024-07-29,P010,Groceries,Soft Drinks,486,Monsoon,0
2024-08-05,P010,Groceries,Soft Drinks,463,Monsoon,0
2024-08-12,P010,Groceries,Soft Drinks,497,Monsoon,0
2024-08-19,P010,Groceries,Soft Drinks,542,Monsoon,0
2024-08-26,P010,Groceries,Soft Drinks,389,Monsoon,0
2024-09-02,P010,Groceries,Soft Drinks,326,Monsoon,0
2024-09-09,P010,Groceries,Soft Drinks,456,Monsoon,0
2024-09-16,P010,Groceries,Soft Drinks,406,Monsoon,0
2024-09-23,P010,Groceries,Soft Drinks,459,Monsoon,0
2024-09-30,P010,Groceries,Soft Drinks,486,Monsoon,0
2024-10-07,P010,Groceries,Soft Drinks,463,Autumn,0
2024-10-14,P010,Groceries,Soft Drinks,605,Autumn,0
2024-10-21,P010,Groceries,Soft Drinks,521,Autumn,0
2024-10-28,P010,Groceries,Soft Drinks,2430,Autumn,1
2024-11-04,P010,Groceries,Soft Drinks,543,Autumn,0
2024-11-11,P010,Groceries,Soft Drinks,412,Autumn,0
2024-11-18,P010,Groceries,Soft Drinks,574,Autumn,0
2024-11-25,P010,Groceries,Soft Drinks,491,Autumn,0
2024-12-02,P010,Groceries,Soft Drinks,547,Winter,0
2024-12-09,P010,Groceries,Soft Drinks,417,Winter,0
2024-12-16,P010,Groceries,Soft Drinks,381,Winter,0
2024-12-23,P010,Groceries,Soft Drinks,558,Winter,0
2021-01-04,P011,Groceries,Ice Cream,627,Winter,0
2021-01-11,P011,Groceries,Ice Cream,583,Winter,0
2021-01-18,P011,Groceries,Ice Cream,842,Winter,0
2021-01-25,P011,Groceries,Ice Cream,523,Winter,0
2021-02-01,P011,Groceries,Ice Cream,707,Winter,0
2021-02-08,P011,Groceries,Ice Cream,662,Winter,0
2021-02-15,P011,Groceries,Ice Cream,636,Winter,0
2021-02-22,P011,Groceries,Ice Cream,751,Winter,0
2021-03-01,P011,Groceries,Ice Cream,1606,Summer,0
2021-03-08,P011,Groceries,Ice Cream,1391,Summer,0
2021-03-15,P011,Groceries,Ice Cream,1604,Summer,0
2021-03-22,P011,Groceries,Ice Cream,1495,Summer,0
2021-03-29,P011,Groceries,Ice Cream,1653,Summer,0
2021-04-05,P011,Groceries,Ice Cream,1725,Summer,0
2021-04-12,P011,Groceries,Ice Cream,1339,Summer,0
2021-04-19,P011,Groceries,Ice Cream,1813,Summer,0
2021-04-26,P011,Groceries,Ice Cream,1478,Summer,0
2021-05-03,P011,Groceries,Ice Cream,1639,Summer,0
2021-05-10,P011,Groceries,Ice Cream,1679,Summer,0
2021-05-17,P011,Groceries,Ice Cream,1622,Summer,0
2021-05-24,P011,Groceries,Ice Cream,1512,Summer,0
2021-05-31,P011,Groceries,Ice Cream,1424,Summer,0
2021-06-07,P011,Groceries,Ice Cream,1475,Summer,0
2021-06-14,P011,Groceries,Ice Cream,1898,Summer,0
2021-06-21,P011,Groceries,Ice Cream,1337,Summer,0
2021-06-28,P011,Groceries,Ice Cream,1371,Summer,0
2021-07-05,P011,Groceries,Ice Cream,544,Monsoon,0
2021-07-12,P011,Groceries,Ice Cream,627,Monsoon,0
2021-07-19,P011,Groceries,Ice Cream,474,Monsoon,0
2021-07-26,P011,Groceries,Ice Cream,490,Monsoon,0
2021-08-02,P011,Groceries,Ice Cream,590,Monsoon,0
2021-08-09,P011,Groceries,Ice Cream,496,Monsoon,0
2021-08-16,P011,Groceries,Ice Cream,503,Monsoon,0
2021-08-23,P011,Groceries,Ice Cream,496,Monsoon,0
2021-08-30,P011,Groceries,Ice Cream,536,Monsoon,0
2021-09-06,P011,Groceries,Ice Cream,682,Monsoon,0
2021-09-13,P011,Groceries,Ice Cream,703,Monsoon,0
2021-09-20,P011,Groceries,Ice Cream,792,Monsoon,0
2021-09-27,P011,Groceries,Ice Cream,788,Monsoon,0
2021-10-04,P011,Groceries,Ice Cream,687,Autumn,0
2021-10-11,P011,Groceries,Ice Cream,709,Autumn,0
2021-10-18,P011,Groceries,Ice Cream,627,Autumn,0
2021-10-25,P011,Groceries,Ice Cream,662,Autumn,0
2021-11-01,P011,Groceries,Ice Cream,3394,Autumn,1
2021-11-08,P011,Groceries,Ice Cream,649,Autumn,0
2021-11-15,P011,Groceries,Ice Cream,721,Autumn,0
2021-11-22,P011,Groceries,Ice Cream,528,Autumn,0
2021-11-29,P011,Groceries,Ice Cream,553,Autumn,0
2021-12-06,P011,Groceries,Ice Cream,643,Winter,0
2021-12-13,P011,Groceries,Ice Cream,628,Winter,0
2021-12-20,P011,Groceries,Ice Cream,557,Winter,0
2021-12-27,P011,Groceries,Ice Cream,837,Winter,0
2022-01-03,P011,Groceries,Ice Cream,656,Winter,0
2022-01-10,P011,Groceries,Ice Cream,597,Winter,0
2022-01-17,P011,Groceries,Ice Cream,654,Winter,0
2022-01-24,P011,Groceries,Ice Cream,642,Winter,0
2022-01-31,P011,Groceries,Ice Cream,657,Winter,0
2022-02-07,P011,Groceries,Ice Cream,486,Winter,0
2022-02-14,P011,Groceries,Ice Cream,763,Winter,0
2022-02-21,P011,Groceries,Ice Cream,769,Winter,0
2022-02-28,P011,Groceries,Ice Cream,780,Winter,0
2022-03-07,P011,Groceries,Ice Cream,1677,Summer,0
2022-03-14,P011,Groceries,Ice Cream,1757,Summer,0
2022-03-21,P011,Groceries,Ice Cream,1391,Summer,0
2022-03-28,P011,Groceries,Ice Cream,1798,Summer,0
2022-04-04,P011,Groceries,Ice Cream,1659,Summer,0
2022-04-11,P011,Groceries,Ice Cream,1488,Summer,0
2022-04-18,P011,Groceries,Ice Cream,1806,Summer,0
2022-04-25,P011,Groceries,Ice Cream,1815,Summer,0
2022-05-02,P011,Groceries,Ice Cream,1613,Summer,0
2022-05-09,P011,Groceries,Ice Cream,1704,Summer,0
2022-05-16,P011,Groceries,Ice Cream,1351,Summer,0
2022-05-23,P011,Groceries,Ice Cream,1897,Summer,0
2022-05-30,P011,Groceries,Ice Cream,1383,Summer,0
2022-06-06,P011,Groceries,Ice Cream,1429,Summer,0
2022-06-13,P011,Groceries,Ice Cream,1613,Summer,0
2022-06-20,P011,Groceries,Ice Cream,1866,Summer,0
2022-06-27,P011,Groceries,Ice Cream,1866,Summer,0
2022-07-04,P011,Groceries,Ice Cream,639,Monsoon,0
2022-07-11,P011,Groceries,Ice Cream,713,Monsoon,0
2022-07-18,P011,Groceries,Ice Cream,477,Monsoon,0
2022-07-25,P011,Groceries,Ice Cream,570,Monsoon,0
2022-08-01,P011,Groceries,Ice Cream,572,Monsoon,0
2022-08-08,P011,Groceries,Ice Cream,759,Monsoon,0
2022-08-15,P011,Groceries,Ice Cream,702,Monsoon,0
2022-08-22,P011,Groceries,Ice Cream,657,Monsoon,0
2022-08-29,P011,Groceries,Ice Cream,666,Monsoon,0
2022-09-05,P011,Groceries,Ice Cream,790,Monsoon,0
2022-09-12,P011,Groceries,Ice Cream,623,Monsoon,0
2022-09-19,P011,Groceries,Ice Cream,513,Monsoon,0
2022-09-26,P011,Groceries,Ice Cream,743,Monsoon,0
2022-10-03,P011,Groceries,Ice Cream,657,Autumn,0
2022-10-10,P011,Groceries,Ice Cream,731,Autumn,0
2022-10-17,P011,Groceries,Ice Cream,635,Autumn,0
2022-10-24,P011,Groceries,Ice Cream,2969,Autumn,1
2022-10-31,P011,Groceries,Ice Cream,678,Autumn,0
2022-11-07,P011,Groceries,Ice Cream,640,Autumn,0
2022-11-14,P011,Groceries,Ice Cream,657,Autumn,0
2022-11-21,P011,Groceries,Ice Cream,794,Autumn,0
2022-11-28,P011,Groceries,Ice Cream,534,Autumn,0
2022-12-05,P011,Groceries,Ice Cream,667,Winter,0
2022-12-12,P011,Groceries,Ice Cream,561,Winter,0
2022-12-19,P011,Groceries,Ice Cream,391,Winter,0
2022-12-26,P011,Groceries,Ice Cream,634,Winter,0
2023-01-02,P011,Groceries,Ice Cream,667,Winter,0
2023-01-09,P011,Groceries,Ice Cream,726,Winter,0
2023-01-16,P011,Groceries,Ice Cream,642,Winter,0
2023-01-23,P011,Groceries,Ice Cream,515,Winter,0
2023-01-30,P011,Groceries,Ice Cream,582,Winter,0
2023-02-06,P011,Groceries,Ice Cream,795,Winter,0
2023-02-13,P011,Groceries,Ice Cream,580,Winter,0
2023-02-20,P011,Groceries,Ice Cream,821,Winter,0
2023-02-27,P011,Groceries,Ice Cream,768,Winter,0
2023-03-06,P011,Groceries,Ice Cream,1581,Summer,0
2023-03-13,P011,Groceries,Ice Cream,1478,Summer,0
2023-03-20,P011,Groceries,Ice Cream,1921,Summer,0
2023-03-27,P011,Groceries,Ice Cream,1600,Summer,0
2023-04-03,P011,Groceries,Ice Cream,1275,Summer,0
2023-04-10,P011,Groceries,Ice Cream,1800,Summer,0
2023-04-17,P011,Groceries,Ice Cream,1764,Summer,0
2023-04-24,P011,Groceries,Ice Cream,1943,Summer,0
2023-05-01,P011,Groceries,Ice Cream,1747,Summer,0
2023-05-08,P011,Groceries,Ice Cream,1523,Summer,0
2023-05-15,P011,Groceries,Ice Cream,1976,Summer,0
2023-05-22,P011,Groceries,Ice Cream,2000,Summer,0
2023-05-29,P011,Groceries,Ice Cream,1718,Summer,0
2023-06-05,P011,Groceries,Ice Cream,1675,Summer,0
2023-06-12,P011,Groceries,Ice Cream,1330,Summer,0
2023-06-19,P011,Groceries,Ice Cream,1509,Summer,0
2023-06-26,P011,Groceries,Ice Cream,1849,Summer,0
2023-07-03,P011,Groceries,Ice Cream,608,Monsoon,0
2023-07-10,P011,Groceries,Ice Cream,519,Monsoon,0
2023-07-17,P011,Groceries,Ice Cream,1012,Monsoon,0
2023-07-24,P011,Groceries,Ice Cream,518,Monsoon,0
2023-07-31,P011,Groceries,Ice Cream,889,Monsoon,0
2023-08-07,P011,Groceries,Ice Cream,633,Monsoon,0
2023-08-14,P011,Groceries,Ice Cream,655,Monsoon,0
2023-08-21,P011,Groceries,Ice Cream,597,Monsoon,0
2023-08-28,P011,Groceries,Ice Cream,742,Monsoon,0
2023-09-04,P011,Groceries,Ice Cream,520,Monsoon,0
2023-09-11,P011,Groceries,Ice Cream,480,Monsoon,0
2023-09-18,P011,Groceries,Ice Cream,824,Monsoon,0
2023-09-25,P011,Groceries,Ice Cream,584,Monsoon,0
2023-10-02,P011,Groceries,Ice Cream,738,Autumn,0
2023-10-09,P011,Groceries,Ice Cream,556,Autumn,0
2023-10-16,P011,Groceries,Ice Cream,734,Autumn,0
2023-10-23,P011,Groceries,Ice Cream,831,Autumn,0
2023-10-30,P011,Groceries,Ice Cream,611,Autumn,0
2023-11-06,P011,Groceries,Ice Cream,2318,Autumn,1
2023-11-13,P011,Groceries,Ice Cream,832,Autumn,0
2023-11-20,P011,Groceries,Ice Cream,756,Autumn,0
2023-11-27,P011,Groceries,Ice Cream,617,Autumn,0
2023-12-04,P011,Groceries,Ice Cream,642,Winter,0
2023-12-11,P011,Groceries,Ice Cream,553,Winter,0
2023-12-18,P011,Groceries,Ice Cream,805,Winter,0
2023-12-25,P011,Groceries,Ice Cream,610,Winter,0
2024-01-01,P011,Groceries,Ice Cream,542,Winter,0
2024-01-08,P011,Groceries,Ice Cream,710,Winter,0
2024-01-15,P011,Groceries,Ice Cream,599,Winter,0
2024-01-22,P011,Groceries,Ice Cream,582,Winter,0
2024-01-29,P011,Groceries,Ice Cream,644,Winter,0
2024-02-05,P011,Groceries,Ice Cream,697,Winter,0
2024-02-12,P011,Groceries,Ice Cream,546,Winter,0
2024-02-19,P011,Groceries,Ice Cream,831,Winter,0
2024-02-26,P011,Groceries,Ice Cream,758,Winter,0
2024-03-04,P011,Groceries,Ice Cream,1627,Summer,0
2024-03-11,P011,Groceries,Ice Cream,1488,Summer,0
2024-03-18,P011,Groceries,Ice Cream,1698,Summer,0
2024-03-25,P011,Groceries,Ice Cream,1954,Summer,0
2024-04-01,P011,Groceries,Ice Cream,1914,Summer,0
2024-04-08,P011,Groceries,Ice Cream,1995,Summer,0
2024-04-15,P011,Groceries,Ice Cream,1597,Summer,0
2024-04-22,P011,Groceries,Ice Cream,966,Summer,0
2024-04-29,P011,Groceries,Ice Cream,2044,Summer,0
2024-05-06,P011,Groceries,Ice Cream,1678,Summer,0
2024-05-13,P011,Groceries,Ice Cream,1894,Summer,0
2024-05-20,P011,Groceries,Ice Cream,2153,Summer,0
2024-05-27,P011,Groceries,Ice Cream,2350,Summer,0
2024-06-03,P011,Groceries,Ice Cream,1554,Summer,0
2024-06-10,P011,Groceries,Ice Cream,1756,Summer,0
2024-06-17,P011,Groceries,Ice Cream,2075,Summer,0
2024-06-24,P011,Groceries,Ice Cream,1503,Summer,0
2024-07-01,P011,Groceries,Ice Cream,628,Monsoon,0
2024-07-08,P011,Groceries,Ice Cream,628,Monsoon,0
2024-07-15,P011,Groceries,Ice Cream,685,Monsoon,0
2024-07-22,P011,Groceries,Ice Cream,666,Monsoon,0
2024-07-29,P011,Groceries,Ice Cream,627,Monsoon,0
2024-08-05,P011,Groceries,Ice Cream,589,Monsoon,0
2024-08-12,P011,Groceries,Ice Cream,772,Monsoon,0
2024-08-19,P011,Groceries,Ice Cream,827,Monsoon,0
2024-08-26,P011,Groceries,Ice Cream,841,Monsoon,0
2024-09-02,P011,Groceries,Ice Cream,639,Monsoon,0
2024-09-09,P011,Groceries,Ice Cream,777,Monsoon,0
2024-09-16,P011,Groceries,Ice Cream,713,Monsoon,0
2024-09-23,P011,Groceries,Ice Cream,629,Monsoon,0
2024-09-30,P011,Groceries,Ice Cream,764,Monsoon,0
2024-10-07,P011,Groceries,Ice Cream,625,Autumn,0
2024-10-14,P011,Groceries,Ice Cream,649,Autumn,0
2024-10-21,P011,Groceries,Ice Cream,546,Autumn,0
2024-10-28,P011,Groceries,Ice Cream,2997,Autumn,1
2024-11-04,P011,Groceries,Ice Cream,715,Autumn,0
2024-11-11,P011,Groceries,Ice Cream,850,Autumn,0
2024-11-18,P011,Groceries,Ice Cream,652,Autumn,0
2024-11-25,P011,Groceries,Ice Cream,581,Autumn,0
2024-12-02,P011,Groceries,Ice Cream,843,Winter,0
2024-12-09,P011,Groceries,Ice Cream,636,Winter,0
2024-12-16,P011,Groceries,Ice Cream,508,Winter,0
2024-12-23,P011,Groceries,Ice Cream,702,Winter,0
2021-01-04,P012,Groceries,Chocolates,271,Winter,0
2021-01-11,P012,Groceries,Chocolates,390,Winter,0
2021-01-18,P012,Groceries,Chocolates,417,Winter,0
2021-01-25,P012,Groceries,Chocolates,439,Winter,0
2021-02-01,P012,Groceries,Chocolates,419,Winter,0
2021-02-08,P012,Groceries,Chocolates,344,Winter,0
2021-02-15,P012,Groceries,Chocolates,452,Winter,0
2021-02-22,P012,Groceries,Chocolates,467,Winter,0
2021-03-01,P012,Groceries,Chocolates,335,Summer,0
2021-03-08,P012,Groceries,Chocolates,397,Summer,0
2021-03-15,P012,Groceries,Chocolates,392,Summer,0
2021-03-22,P012,Groceries,Chocolates,422,Summer,0
2021-03-29,P012,Groceries,Chocolates,396,Summer,0
2021-04-05,P012,Groceries,Chocolates,404,Summer,0
2021-04-12,P012,Groceries,Chocolates,448,Summer,0
2021-04-19,P012,Groceries,Chocolates,340,Summer,0
2021-04-26,P012,Groceries,Chocolates,454,Summer,0
2021-05-03,P012,Groceries,Chocolates,479,Summer,0
2021-05-10,P012,Groceries,Chocolates,509,Summer,0
2021-05-17,P012,Groceries,Chocolates,277,Summer,0
2021-05-24,P012,Groceries,Chocolates,397,Summer,0
2021-05-31,P012,Groceries,Chocolates,288,Summer,0
2021-06-07,P012,Groceries,Chocolates,259,Summer,0
2021-06-14,P012,Groceries,Chocolates,417,Summer,0
2021-06-21,P012,Groceries,Chocolates,384,Summer,0
2021-06-28,P012,Groceries,Chocolates,427,Summer,0
2021-07-05,P012,Groceries,Chocolates,438,Monsoon,0
2021-07-12,P012,Groceries,Chocolates,485,Monsoon,0
2021-07-19,P012,Groceries,Chocolates,412,Monsoon,0
2021-07-26,P012,Groceries,Chocolates,588,Monsoon,0
2021-08-02,P012,Groceries,Chocolates,427,Monsoon,0
2021-08-09,P012,Groceries,Chocolates,522,Monsoon,0
2021-08-16,P012,Groceries,Chocolates,265,Monsoon,0
2021-08-23,P012,Groceries,Chocolates,491,Monsoon,0
2021-08-30,P012,Groceries,Chocolates,397,Monsoon,0
2021-09-06,P012,Groceries,Chocolates,289,Monsoon,0
2021-09-13,P012,Groceries,Chocolates,434,Monsoon,0
2021-09-20,P012,Groceries,Chocolates,390,Monsoon,0
2021-09-27,P012,Groceries,Chocolates,444,Monsoon,0
2021-10-04,P012,Groceries,Chocolates,471,Autumn,0
2021-10-11,P012,Groceries,Chocolates,317,Autumn,0
2021-10-18,P012,Groceries,Chocolates,471,Autumn,0
2021-10-25,P012,Groceries,Chocolates,409,Autumn,0
2021-11-01,P012,Groceries,Chocolates,2102,Autumn,1
2021-11-08,P012,Groceries,Chocolates,396,Autumn,0
2021-11-15,P012,Groceries,Chocolates,380,Autumn,0
2021-11-22,P012,Groceries,Chocolates,410,Autumn,0
2021-11-29,P012,Groceries,Chocolates,415,Autumn,0
2021-12-06,P012,Groceries,Chocolates,368,Winter,0
2021-12-13,P012,Groceries,Chocolates,378,Winter,0
2021-12-20,P012,Groceries,Chocolates,333,Winter,0
2021-12-27,P012,Groceries,Chocolates,382,Winter,0
2022-01-03,P012,Groceries,Chocolates,468,Winter,0
2022-01-10,P012,Groceries,Chocolates,416,Winter,0
2022-01-17,P012,Groceries,Chocolates,489,Winter,0
2022-01-24,P012,Groceries,Chocolates,413,Winter,0
2022-01-31,P012,Groceries,Chocolates,334,Winter,0
2022-02-07,P012,Groceries,Chocolates,463,Winter,0
2022-02-14,P012,Groceries,Chocolates,382,Winter,0
2022-02-21,P012,Groceries,Chocolates,410,Winter,0
2022-02-28,P012,Groceries,Chocolates,504,Winter,0
2022-03-07,P012,Groceries,Chocolates,351,Summer,0
2022-03-14,P012,Groceries,Chocolates,435,Summer,0
2022-03-21,P012,Groceries,Chocolates,422,Summer,0
2022-03-28,P012,Groceries,Chocolates,470,Summer,0
2022-04-04,P012,Groceries,Chocolates,479,Summer,0
2022-04-11,P012,Groceries,Chocolates,442,Summer,0
2022-04-18,P012,Groceries,Chocolates,402,Summer,0
2022-04-25,P012,Groceries,Chocolates,455,Summer,0
2022-05-02,P012,Groceries,Chocolates,510,Summer,0
2022-05-09,P012,Groceries,Chocolates,423,Summer,0
2022-05-16,P012,Groceries,Chocolates,408,Summer,0
2022-05-23,P012,Groceries,Chocolates,450,Summer,0
2022-05-30,P012,Groceries,Chocolates,427,Summer,0
2022-06-06,P012,Groceries,Chocolates,340,Summer,0
2022-06-13,P012,Groceries,Chocolates,440,Summer,0
2022-06-20,P012,Groceries,Chocolates,339,Summer,0
2022-06-27,P012,Groceries,Chocolates,449,Summer,0
2022-07-04,P012,Groceries,Chocolates,374,Monsoon,0
2022-07-11,P012,Groceries,Chocolates,427,Monsoon,0
2022-07-18,P012,Groceries,Chocolates,450,Monsoon,0
2022-07-25,P012,Groceries,Chocolates,581,Monsoon,0
2022-08-01,P012,Groceries,Chocolates,472,Monsoon,0
2022-08-08,P012,Groceries,Chocolates,512,Monsoon,0
2022-08-15,P012,Groceries,Chocolates,544,Monsoon,0
2022-08-22,P012,Groceries,Chocolates,456,Monsoon,0
2022-08-29,P012,Groceries,Chocolates,443,Monsoon,0
2022-09-05,P012,Groceries,Chocolates,357,Monsoon,0
2022-09-12,P012,Groceries,Chocolates,417,Monsoon,0
2022-09-19,P012,Groceries,Chocolates,379,Monsoon,0
2022-09-26,P012,Groceries,Chocolates,399,Monsoon,0
2022-10-03,P012,Groceries,Chocolates,544,Autumn,0
2022-10-10,P012,Groceries,Chocolates,432,Autumn,0
2022-10-17,P012,Groceries,Chocolates,369,Autumn,0
2022-10-24,P012,Groceries,Chocolates,2725,Autumn,1
2022-10-31,P012,Groceries,Chocolates,486,Autumn,0
2022-11-07,P012,Groceries,Chocolates,489,Autumn,0
2022-11-14,P012,Groceries,Chocolates,297,Autumn,0
2022-11-21,P012,Groceries,Chocolates,549,Autumn,0
2022-11-28,P012,Groceries,Chocolates,389,Autumn,0
2022-12-05,P012,Groceries,Chocolates,474,Winter,0
2022-12-12,P012,Groceries,Chocolates,586,Winter,0
2022-12-19,P012,Groceries,Chocolates,562,Winter,0
2022-12-26,P012,Groceries,Chocolates,362,Winter,0
2023-01-02,P012,Groceries,Chocolates,346,Winter,0
2023-01-09,P012,Groceries,Chocolates,536,Winter,0
2023-01-16,P012,Groceries,Chocolates,451,Winter,0
2023-01-23,P012,Groceries,Chocolates,408,Winter,0
2023-01-30,P012,Groceries,Chocolates,482,Winter,0
2023-02-06,P012,Groceries,Chocolates,430,Winter,0
2023-02-13,P012,Groceries,Chocolates,488,Winter,0
2023-02-20,P012,Groceries,Chocolates,446,Winter,0
2023-02-27,P012,Groceries,Chocolates,489,Winter,0
2023-03-06,P012,Groceries,Chocolates,382,Summer,0
2023-03-13,P012,Groceries,Chocolates,536,Summer,0
2023-03-20,P012,Groceries,Chocolates,487,Summer,0
2023-03-27,P012,Groceries,Chocolates,484,Summer,0
2023-04-03,P012,Groceries,Chocolates,367,Summer,0
2023-04-10,P012,Groceries,Chocolates,554,Summer,0
2023-04-17,P012,Groceries,Chocolates,440,Summer,0
2023-04-24,P012,Groceries,Chocolates,489,Summer,0
2023-05-01,P012,Groceries,Chocolates,420,Summer,0
2023-05-08,P012,Groceries,Chocolates,459,Summer,0
2023-05-15,P012,Groceries,Chocolates,461,Summer,0
2023-05-22,P012,Groceries,Chocolates,254,Summer,0
2023-05-29,P012,Groceries,Chocolates,480,Summer,0
2023-06-05,P012,Groceries,Chocolates,571,Summer,0
2023-06-12,P012,Groceries,Chocolates,477,Summer,0
2023-06-19,P012,Groceries,Chocolates,378,Summer,0
2023-06-26,P012,Groceries,Chocolates,484,Summer,0
2023-07-03,P012,Groceries,Chocolates,511,Monsoon,0
2023-07-10,P012,Groceries,Chocolates,475,Monsoon,0
2023-07-17,P012,Groceries,Chocolates,436,Monsoon,0
2023-07-24,P012,Groceries,Chocolates,425,Monsoon,0
2023-07-31,P012,Groceries,Chocolates,425,Monsoon,0
2023-08-07,P012,Groceries,Chocolates,487,Monsoon,0
2023-08-14,P012,Groceries,Chocolates,348,Monsoon,0
2023-08-21,P012,Groceries,Chocolates,417,Monsoon,0
2023-08-28,P012,Groceries,Chocolates,547,Monsoon,0
2023-09-04,P012,Groceries,Chocolates,549,Monsoon,0
2023-09-11,P012,Groceries,Chocolates,343,Monsoon,0
2023-09-18,P012,Groceries,Chocolates,366,Monsoon,0
2023-09-25,P012,Groceries,Chocolates,423,Monsoon,0
2023-10-02,P012,Groceries,Chocolates,500,Autumn,0
2023-10-09,P012,Groceries,Chocolates,320,Autumn,0
2023-10-16,P012,Groceries,Chocolates,438,Autumn,0
2023-10-23,P012,Groceries,Chocolates,410,Autumn,0
2023-10-30,P012,Groceries,Chocolates,529,Autumn,0
2023-11-06,P012,Groceries,Chocolates,1625,Autumn,1
2023-11-13,P012,Groceries,Chocolates,447,Autumn,0
2023-11-20,P012,Groceries,Chocolates,415,Autumn,0
2023-11-27,P012,Groceries,Chocolates,539,Autumn,0
2023-12-04,P012,Groceries,Chocolates,481,Winter,0
2023-12-11,P012,Groceries,Chocolates,402,Winter,0
2023-12-18,P012,Groceries,Chocolates,498,Winter,0
2023-12-25,P012,Groceries,Chocolates,415,Winter,0
2024-01-01,P012,Groceries,Chocolates,526,Winter,0
2024-01-08,P012,Groceries,Chocolates,441,Winter,0
2024-01-15,P012,Groceries,Chocolates,530,Winter,0
2024-01-22,P012,Groceries,Chocolates,488,Winter,0
2024-01-29,P012,Groceries,Chocolates,682,Winter,0
2024-02-05,P012,Groceries,Chocolates,454,Winter,0
2024-02-12,P012,Groceries,Chocolates,484,Winter,0
2024-02-19,P012,Groceries,Chocolates,425,Winter,0
2024-02-26,P012,Groceries,Chocolates,458,Winter,0
2024-03-04,P012,Groceries,Chocolates,272,Summer,0
2024-03-11,P012,Groceries,Chocolates,490,Summer,0
2024-03-18,P012,Groceries,Chocolates,550,Summer,0
2024-03-25,P012,Groceries,Chocolates,485,Summer,0
2024-04-01,P012,Groceries,Chocolates,367,Summer,0
2024-04-08,P012,Groceries,Chocolates,402,Summer,0
2024-04-15,P012,Groceries,Chocolates,291,Summer,0
2024-04-22,P012,Groceries,Chocolates,525,Summer,0
2024-04-29,P012,Groceries,Chocolates,388,Summer,0
2024-05-06,P012,Groceries,Chocolates,456,Summer,0
2024-05-13,P012,Groceries,Chocolates,447,Summer,0
2024-05-20,P012,Groceries,Chocolates,560,Summer,0
2024-05-27,P012,Groceries,Chocolates,463,Summer,0
2024-06-03,P012,Groceries,Chocolates,513,Summer,0
2024-06-10,P012,Groceries,Chocolates,495,Summer,0
2024-06-17,P012,Groceries,Chocolates,551,Summer,0
2024-06-24,P012,Groceries,Chocolates,441,Summer,0
2024-07-01,P012,Groceries,Chocolates,586,Monsoon,0
2024-07-08,P012,Groceries,Chocolates,321,Monsoon,0
2024-07-15,P012,Groceries,Chocolates,516,Monsoon,0
2024-07-22,P012,Groceries,Chocolates,398,Monsoon,0
2024-07-29,P012,Groceries,Chocolates,424,Monsoon,0
2024-08-05,P012,Groceries,Chocolates,497,Monsoon,0
2024-08-12,P012,Groceries,Chocolates,496,Monsoon,0
2024-08-19,P012,Groceries,Chocolates,499,Monsoon,0
2024-08-26,P012,Groceries,Chocolates,362,Monsoon,0
2024-09-02,P012,Groceries,Chocolates,557,Monsoon,0
2024-09-09,P012,Groceries,Chocolates,396,Monsoon,0
2024-09-16,P012,Groceries,Chocolates,405,Monsoon,0
2024-09-23,P012,Groceries,Chocolates,501,Monsoon,0
2024-09-30,P012,Groceries,Chocolates,438,Monsoon,0
2024-10-07,P012,Groceries,Chocolates,479,Autumn,0
2024-10-14,P012,Groceries,Chocolates,309,Autumn,0
2024-10-21,P012,Groceries,Chocolates,477,Autumn,0
2024-10-28,P012,Groceries,Chocolates,2212,Autumn,1
2024-11-04,P012,Groceries,Chocolates,423,Autumn,0
2024-11-11,P012,Groceries,Chocolates,315,Autumn,0
2024-11-18,P012,Groceries,Chocolates,443,Autumn,0
2024-11-25,P012,Groceries,Chocolates,455,Autumn,0
2024-12-02,P012,Groceries,Chocolates,432,Winter,0
2024-12-09,P012,Groceries,Chocolates,331,Winter,0
2024-12-16,P012,Groceries,Chocolates,567,Winter,0
2024-12-23,P012,Groceries,Chocolates,414,Winter,0
2021-01-04,P013,Groceries,Sweets,722,Winter,0
2021-01-11,P013,Groceries,Sweets,736,Winter,0
2021-01-18,P013,Groceries,Sweets,883,Winter,0
2021-01-25,P013,Groceries,Sweets,877,Winter,0
2021-02-01,P013,Groceries,Sweets,626,Winter,0
2021-02-08,P013,Groceries,Sweets,777,Winter,0
2021-02-15,P013,Groceries,Sweets,688,Winter,0
2021-02-22,P013,Groceries,Sweets,625,Winter,0
2021-03-01,P013,Groceries,Sweets,745,Summer,0
2021-03-08,P013,Groceries,Sweets,735,Summer,0
2021-03-15,P013,Groceries,Sweets,1051,Summer,0
2021-03-22,P013,Groceries,Sweets,821,Summer,0
2021-03-29,P013,Groceries,Sweets,611,Summer,0
2021-04-05,P013,Groceries,Sweets,705,Summer,0
2021-04-12,P013,Groceries,Sweets,889,Summer,0
2021-04-19,P013,Groceries,Sweets,1012,Summer,0
2021-04-26,P013,Groceries,Sweets,587,Summer,0
2021-05-03,P013,Groceries,Sweets,553,Summer,0
2021-05-10,P013,Groceries,Sweets,987,Summer,0
2021-05-17,P013,Groceries,Sweets,816,Summer,0
2021-05-24,P013,Groceries,Sweets,670,Summer,0
2021-05-31,P013,Groceries,Sweets,832,Summer,0
2021-06-07,P013,Groceries,Sweets,466,Summer,0
2021-06-14,P013,Groceries,Sweets,771,Summer,0
2021-06-21,P013,Groceries,Sweets,808,Summer,0
2021-06-28,P013,Groceries,Sweets,877,Summer,0
2021-07-05,P013,Groceries,Sweets,653,Monsoon,0
2021-07-12,P013,Groceries,Sweets,780,Monsoon,0
2021-07-19,P013,Groceries,Sweets,663,Monsoon,0
2021-07-26,P013,Groceries,Sweets,800,Monsoon,0
2021-08-02,P013,Groceries,Sweets,667,Monsoon,0
2021-08-09,P013,Groceries,Sweets,723,Monsoon,0
2021-08-16,P013,Groceries,Sweets,655,Monsoon,0
2021-08-23,P013,Groceries,Sweets,846,Monsoon,0
2021-08-30,P013,Groceries,Sweets,870,Monsoon,0
2021-09-06,P013,Groceries,Sweets,743,Monsoon,0
2021-09-13,P013,Groceries,Sweets,775,Monsoon,0
2021-09-20,P013,Groceries,Sweets,603,Monsoon,0
2021-09-27,P013,Groceries,Sweets,736,Monsoon,0
2021-10-04,P013,Groceries,Sweets,765,Autumn,0
2021-10-11,P013,Groceries,Sweets,1074,Autumn,0
2021-10-18,P013,Groceries,Sweets,642,Autumn,0
2021-10-25,P013,Groceries,Sweets,940,Autumn,0
2021-11-01,P013,Groceries,Sweets,3788,Autumn,1
2021-11-08,P013,Groceries,Sweets,803,Autumn,0
2021-11-15,P013,Groceries,Sweets,974,Autumn,0
2021-11-22,P013,Groceries,Sweets,814,Autumn,0
2021-11-29,P013,Groceries,Sweets,816,Autumn,0
2021-12-06,P013,Groceries,Sweets,764,Winter,0
2021-12-13,P013,Groceries,Sweets,912,Winter,0
2021-12-20,P013,Groceries,Sweets,897,Winter,0
2021-12-27,P013,Groceries,Sweets,698,Winter,0
2022-01-03,P013,Groceries,Sweets,643,Winter,0
2022-01-10,P013,Groceries,Sweets,777,Winter,0
2022-01-17,P013,Groceries,Sweets,705,Winter,0
2022-01-24,P013,Groceries,Sweets,794,Winter,0
2022-01-31,P013,Groceries,Sweets,950,Winter,0
2022-02-07,P013,Groceries,Sweets,746,Winter,0
2022-02-14,P013,Groceries,Sweets,796,Winter,0
2022-02-21,P013,Groceries,Sweets,808,Winter,0
2022-02-28,P013,Groceries,Sweets,903,Winter,0
2022-03-07,P013,Groceries,Sweets,531,Summer,0
2022-03-14,P013,Groceries,Sweets,728,Summer,0
2022-03-21,P013,Groceries,Sweets,827,Summer,0
2022-03-28,P013,Groceries,Sweets,946,Summer,0
2022-04-04,P013,Groceries,Sweets,742,Summer,0
2022-04-11,P013,Groceries,Sweets,576,Summer,0
2022-04-18,P013,Groceries,Sweets,876,Summer,0
2022-04-25,P013,Groceries,Sweets,725,Summer,0
2022-05-02,P013,Groceries,Sweets,658,Summer,0
2022-05-09,P013,Groceries,Sweets,726,Summer,0
2022-05-16,P013,Groceries,Sweets,779,Summer,0
2022-05-23,P013,Groceries,Sweets,729,Summer,0
2022-05-30,P013,Groceries,Sweets,536,Summer,0
2022-06-06,P013,Groceries,Sweets,909,Summer,0
2022-06-13,P013,Groceries,Sweets,955,Summer,0
2022-06-20,P013,Groceries,Sweets,880,Summer,0
2022-06-27,P013,Groceries,Sweets,665,Summer,0
2022-07-04,P013,Groceries,Sweets,777,Monsoon,0
2022-07-11,P013,Groceries,Sweets,801,Monsoon,0
2022-07-18,P013,Groceries,Sweets,873,Monsoon,0
2022-07-25,P013,Groceries,Sweets,882,Monsoon,0
2022-08-01,P013,Groceries,Sweets,713,Monsoon,0
2022-08-08,P013,Groceries,Sweets,811,Monsoon,0
2022-08-15,P013,Groceries,Sweets,856,Monsoon,0
2022-08-22,P013,Groceries,Sweets,976,Monsoon,0
2022-08-29,P013,Groceries,Sweets,886,Monsoon,0
2022-09-05,P013,Groceries,Sweets,896,Monsoon,0
2022-09-12,P013,Groceries,Sweets,811,Monsoon,0
2022-09-19,P013,Groceries,Sweets,971,Monsoon,0
2022-09-26,P013,Groceries,Sweets,851,Monsoon,0
2022-10-03,P013,Groceries,Sweets,698,Autumn,0
2022-10-10,P013,Groceries,Sweets,970,Autumn,0
2022-10-17,P013,Groceries,Sweets,885,Autumn,0
2022-10-24,P013,Groceries,Sweets,3975,Autumn,1
2022-10-31,P013,Groceries,Sweets,744,Autumn,0
2022-11-07,P013,Groceries,Sweets,837,Autumn,0
2022-11-14,P013,Groceries,Sweets,857,Autumn,0
2022-11-21,P013,Groceries,Sweets,825,Autumn,0
2022-11-28,P013,Groceries,Sweets,839,Autumn,0
2022-12-05,P013,Groceries,Sweets,1006,Winter,0
2022-12-12,P013,Groceries,Sweets,930,Winter,0
2022-12-19,P013,Groceries,Sweets,824,Winter,0
2022-12-26,P013,Groceries,Sweets,915,Winter,0
2023-01-02,P013,Groceries,Sweets,703,Winter,0
2023-01-09,P013,Groceries,Sweets,882,Winter,0
2023-01-16,P013,Groceries,Sweets,1058,Winter,0
2023-01-23,P013,Groceries,Sweets,805,Winter,0
2023-01-30,P013,Groceries,Sweets,726,Winter,0
2023-02-06,P013,Groceries,Sweets,751,Winter,0
2023-02-13,P013,Groceries,Sweets,696,Winter,0
2023-02-20,P013,Groceries,Sweets,734,Winter,0
2023-02-27,P013,Groceries,Sweets,786,Winter,0
2023-03-06,P013,Groceries,Sweets,657,Summer,0
2023-03-13,P013,Groceries,Sweets,834,Summer,0
2023-03-20,P013,Groceries,Sweets,945,Summer,0
2023-03-27,P013,Groceries,Sweets,719,Summer,0
2023-04-03,P013,Groceries,Sweets,1022,Summer,0
2023-04-10,P013,Groceries,Sweets,896,Summer,0
2023-04-17,P013,Groceries,Sweets,961,Summer,0
2023-04-24,P013,Groceries,Sweets,750,Summer,0
2023-05-01,P013,Groceries,Sweets,939,Summer,0
2023-05-08,P013,Groceries,Sweets,696,Summer,0
2023-05-15,P013,Groceries,Sweets,943,Summer,0
2023-05-22,P013,Groceries,Sweets,854,Summer,0
2023-05-29,P013,Groceries,Sweets,901,Summer,0
2023-06-05,P013,Groceries,Sweets,685,Summer,0
2023-06-12,P013,Groceries,Sweets,720,Summer,0
2023-06-19,P013,Groceries,Sweets,907,Summer,0
2023-06-26,P013,Groceries,Sweets,714,Summer,0
2023-07-03,P013,Groceries,Sweets,890,Monsoon,0
2023-07-10,P013,Groceries,Sweets,661,Monsoon,0
2023-07-17,P013,Groceries,Sweets,938,Monsoon,0
2023-07-24,P013,Groceries,Sweets,678,Monsoon,0
2023-07-31,P013,Groceries,Sweets,901,Monsoon,0
2023-08-07,P013,Groceries,Sweets,910,Monsoon,0
2023-08-14,P013,Groceries,Sweets,745,Monsoon,0
2023-08-21,P013,Groceries,Sweets,905,Monsoon,0
2023-08-28,P013,Groceries,Sweets,865,Monsoon,0
2023-09-04,P013,Groceries,Sweets,765,Monsoon,0
2023-09-11,P013,Groceries,Sweets,706,Monsoon,0
2023-09-18,P013,Groceries,Sweets,587,Monsoon,0
2023-09-25,P013,Groceries,Sweets,876,Monsoon,0
2023-10-02,P013,Groceries,Sweets,637,Autumn,0
2023-10-09,P013,Groceries,Sweets,844,Autumn,0
2023-10-16,P013,Groceries,Sweets,799,Autumn,0
2023-10-23,P013,Groceries,Sweets,917,Autumn,0
2023-10-30,P013,Groceries,Sweets,794,Autumn,0
2023-11-06,P013,Groceries,Sweets,3892,Autumn,1
2023-11-13,P013,Groceries,Sweets,924,Autumn,0
2023-11-20,P013,Groceries,Sweets,874,Autumn,0
2023-11-27,P013,Groceries,Sweets,872,Autumn,0
2023-12-04,P013,Groceries,Sweets,891,Winter,0
2023-12-11,P013,Groceries,Sweets,640,Winter,0
2023-12-18,P013,Groceries,Sweets,927,Winter,0
2023-12-25,P013,Groceries,Sweets,909,Winter,0
2024-01-01,P013,Groceries,Sweets,731,Winter,0
2024-01-08,P013,Groceries,Sweets,831,Winter,0
2024-01-15,P013,Groceries,Sweets,858,Winter,0
2024-01-22,P013,Groceries,Sweets,846,Winter,0
2024-01-29,P013,Groceries,Sweets,906,Winter,0
2024-02-05,P013,Groceries,Sweets,1048,Winter,0
2024-02-12,P013,Groceries,Sweets,1003,Winter,0
2024-02-19,P013,Groceries,Sweets,693,Winter,0
2024-02-26,P013,Groceries,Sweets,944,Winter,0
2024-03-04,P013,Groceries,Sweets,1035,Summer,0
2024-03-11,P013,Groceries,Sweets,913,Summer,0
2024-03-18,P013,Groceries,Sweets,1004,Summer,0
2024-03-25,P013,Groceries,Sweets,1124,Summer,0
2024-04-01,P013,Groceries,Sweets,996,Summer,0
2024-04-08,P013,Groceries,Sweets,895,Summer,0
2024-04-15,P013,Groceries,Sweets,998,Summer,0
2024-04-22,P013,Groceries,Sweets,882,Summer,0
2024-04-29,P013,Groceries,Sweets,866,Summer,0
2024-05-06,P013,Groceries,Sweets,818,Summer,0
2024-05-13,P013,Groceries,Sweets,1066,Summer,0
2024-05-20,P013,Groceries,Sweets,757,Summer,0
2024-05-27,P013,Groceries,Sweets,1062,Summer,0
2024-06-03,P013,Groceries,Sweets,928,Summer,0
2024-06-10,P013,Groceries,Sweets,682,Summer,0
2024-06-17,P013,Groceries,Sweets,911,Summer,0
2024-06-24,P013,Groceries,Sweets,591,Summer,0
2024-07-01,P013,Groceries,Sweets,944,Monsoon,0
2024-07-08,P013,Groceries,Sweets,978,Monsoon,0
2024-07-15,P013,Groceries,Sweets,786,Monsoon,0
2024-07-22,P013,Groceries,Sweets,879,Monsoon,0
2024-07-29,P013,Groceries,Sweets,1116,Monsoon,0
2024-08-05,P013,Groceries,Sweets,798,Monsoon,0
2024-08-12,P013,Groceries,Sweets,726,Monsoon,0
2024-08-19,P013,Groceries,Sweets,1055,Monsoon,0
2024-08-26,P013,Groceries,Sweets,1117,Monsoon,0
2024-09-02,P013,Groceries,Sweets,863,Monsoon,0
2024-09-09,P013,Groceries,Sweets,994,Monsoon,0
2024-09-16,P013,Groceries,Sweets,1037,Monsoon,0
2024-09-23,P013,Groceries,Sweets,767,Monsoon,0
2024-09-30,P013,Groceries,Sweets,800,Monsoon,0
2024-10-07,P013,Groceries,Sweets,1022,Autumn,0
2024-10-14,P013,Groceries,Sweets,1081,Autumn,0
2024-10-21,P013,Groceries,Sweets,936,Autumn,0
2024-10-28,P013,Groceries,Sweets,3506,Autumn,1
2024-11-04,P013,Groceries,Sweets,1120,Autumn,0
2024-11-11,P013,Groceries,Sweets,794,Autumn,0
2024-11-18,P013,Groceries,Sweets,820,Autumn,0
2024-11-25,P013,Groceries,Sweets,907,Autumn,0
2024-12-02,P013,Groceries,Sweets,1064,Winter,0
2024-12-09,P013,Groceries,Sweets,974,Winter,0
2024-12-16,P013,Groceries,Sweets,917,Winter,0
2024-12-23,P013,Groceries,Sweets,923,Winter,0
2021-01-04,P014,Groceries,Rice,643,Winter,0
2021-01-11,P014,Groceries,Rice,687,Winter,0
2021-01-18,P014,Groceries,Rice,731,Winter,0
2021-01-25,P014,Groceries,Rice,648,Winter,0
2021-02-01,P014,Groceries,Rice,560,Winter,0
2021-02-08,P014,Groceries,Rice,641,Winter,0
2021-02-15,P014,Groceries,Rice,581,Winter,0
2021-02-22,P014,Groceries,Rice,644,Winter,0
2021-03-01,P014,Groceries,Rice,772,Summer,0
2021-03-08,P014,Groceries,Rice,691,Summer,0
2021-03-15,P014,Groceries,Rice,640,Summer,0
2021-03-22,P014,Groceries,Rice,689,Summer,0
2021-03-29,P014,Groceries,Rice,696,Summer,0
2021-04-05,P014,Groceries,Rice,520,Summer,0
2021-04-12,P014,Groceries,Rice,624,Summer,0
2021-04-19,P014,Groceries,Rice,859,Summer,0
2021-04-26,P014,Groceries,Rice,733,Summer,0
2021-05-03,P014,Groceries,Rice,574,Summer,0
2021-05-10,P014,Groceries,Rice,564,Summer,0
2021-05-17,P014,Groceries,Rice,561,Summer,0
2021-05-24,P014,Groceries,Rice,701,Summer,0
2021-05-31,P014,Groceries,Rice,770,Summer,0
2021-06-07,P014,Groceries,Rice,675,Summer,0
2021-06-14,P014,Groceries,Rice,635,Summer,0
2021-06-21,P014,Groceries,Rice,579,Summer,0
2021-06-28,P014,Groceries,Rice,651,Summer,0
2021-07-05,P014,Groceries,Rice,544,Monsoon,0
2021-07-12,P014,Groceries,Rice,440,Monsoon,0
2021-07-19,P014,Groceries,Rice,773,Monsoon,0
2021-07-26,P014,Groceries,Rice,527,Monsoon,0
2021-08-02,P014,Groceries,Rice,590,Monsoon,0
2021-08-09,P014,Groceries,Rice,682,Monsoon,0
2021-08-16,P014,Groceries,Rice,754,Monsoon,0
2021-08-23,P014,Groceries,Rice,644,Monsoon,0
2021-08-30,P014,Groceries,Rice,509,Monsoon,0
2021-09-06,P014,Groceries,Rice,592,Monsoon,0
2021-09-13,P014,Groceries,Rice,557,Monsoon,0
2021-09-20,P014,Groceries,Rice,617,Monsoon,0
2021-09-27,P014,Groceries,Rice,735,Monsoon,0
2021-10-04,P014,Groceries,Rice,384,Autumn,0
2021-10-11,P014,Groceries,Rice,582,Autumn,0
2021-10-18,P014,Groceries,Rice,575,Autumn,0
2021-10-25,P014,Groceries,Rice,503,Autumn,0
2021-11-01,P014,Groceries,Rice,2887,Autumn,1
2021-11-08,P014,Groceries,Rice,489,Autumn,0
2021-11-15,P014,Groceries,Rice,499,Autumn,0
2021-11-22,P014,Groceries,Rice,700,Autumn,0
2021-11-29,P014,Groceries,Rice,760,Autumn,0
2021-12-06,P014,Groceries,Rice,613,Winter,0
2021-12-13,P014,Groceries,Rice,507,Winter,0
2021-12-20,P014,Groceries,Rice,555,Winter,0
2021-12-27,P014,Groceries,Rice,714,Winter,0
2022-01-03,P014,Groceries,Rice,657,Winter,0
2022-01-10,P014,Groceries,Rice,636,Winter,0
2022-01-17,P014,Groceries,Rice,676,Winter,0
2022-01-24,P014,Groceries,Rice,642,Winter,0
2022-01-31,P014,Groceries,Rice,795,Winter,0
2022-02-07,P014,Groceries,Rice,573,Winter,0
2022-02-14,P014,Groceries,Rice,562,Winter,0
2022-02-21,P014,Groceries,Rice,511,Winter,0
2022-02-28,P014,Groceries,Rice,593,Winter,0
2022-03-07,P014,Groceries,Rice,540,Summer,0
2022-03-14,P014,Groceries,Rice,666,Summer,0
2022-03-21,P014,Groceries,Rice,647,Summer,0
2022-03-28,P014,Groceries,Rice,541,Summer,0
2022-04-04,P014,Groceries,Rice,702,Summer,0
2022-04-11,P014,Groceries,Rice,792,Summer,0
2022-04-18,P014,Groceries,Rice,680,Summer,0
2022-04-25,P014,Groceries,Rice,399,Summer,0
2022-05-02,P014,Groceries,Rice,838,Summer,0
2022-05-09,P014,Groceries,Rice,718,Summer,0
2022-05-16,P014,Groceries,Rice,835,Summer,0
2022-05-23,P014,Groceries,Rice,751,Summer,0
2022-05-30,P014,Groceries,Rice,770,Summer,0
2022-06-06,P014,Groceries,Rice,665,Summer,0
2022-06-13,P014,Groceries,Rice,620,Summer,0
2022-06-20,P014,Groceries,Rice,682,Summer,0
2022-06-27,P014,Groceries,Rice,577,Summer,0
2022-07-04,P014,Groceries,Rice,687,Monsoon,0
2022-07-11,P014,Groceries,Rice,391,Monsoon,0
2022-07-18,P014,Groceries,Rice,649,Monsoon,0
2022-07-25,P014,Groceries,Rice,776,Monsoon,0
2022-08-01,P014,Groceries,Rice,654,Monsoon,0
2022-08-08,P014,Groceries,Rice,813,Monsoon,0
2022-08-15,P014,Groceries,Rice,620,Monsoon,0
2022-08-22,P014,Groceries,Rice,742,Monsoon,0
2022-08-29,P014,Groceries,Rice,560,Monsoon,0
2022-09-05,P014,Groceries,Rice,739,Monsoon,0
2022-09-12,P014,Groceries,Rice,668,Monsoon,0
2022-09-19,P014,Groceries,Rice,624,Monsoon,0
2022-09-26,P014,Groceries,Rice,396,Monsoon,0
2022-10-03,P014,Groceries,Rice,621,Autumn,0
2022-10-10,P014,Groceries,Rice,666,Autumn,0
2022-10-17,P014,Groceries,Rice,726,Autumn,0
2022-10-24,P014,Groceries,Rice,4233,Autumn,1
2022-10-31,P014,Groceries,Rice,842,Autumn,0
2022-11-07,P014,Groceries,Rice,766,Autumn,0
2022-11-14,P014,Groceries,Rice,591,Autumn,0
2022-11-21,P014,Groceries,Rice,616,Autumn,0
2022-11-28,P014,Groceries,Rice,717,Autumn,0
2022-12-05,P014,Groceries,Rice,696,Winter,0
2022-12-12,P014,Groceries,Rice,803,Winter,0
2022-12-19,P014,Groceries,Rice,886,Winter,0
2022-12-26,P014,Groceries,Rice,865,Winter,0
2023-01-02,P014,Groceries,Rice,820,Winter,0
2023-01-09,P014,Groceries,Rice,723,Winter,0
2023-01-16,P014,Groceries,Rice,806,Winter,0
2023-01-23,P014,Groceries,Rice,837,Winter,0
2023-01-30,P014,Groceries,Rice,655,Winter,0
2023-02-06,P014,Groceries,Rice,617,Winter,0
2023-02-13,P014,Groceries,Rice,593,Winter,0
2023-02-20,P014,Groceries,Rice,582,Winter,0
2023-02-27,P014,Groceries,Rice,531,Winter,0
2023-03-06,P014,Groceries,Rice,695,Summer,0
2023-03-13,P014,Groceries,Rice,570,Summer,0
2023-03-20,P014,Groceries,Rice,591,Summer,0
2023-03-27,P014,Groceries,Rice,741,Summer,0
2023-04-03,P014,Groceries,Rice,688,Summer,0
2023-04-10,P014,Groceries,Rice,713,Summer,0
2023-04-17,P014,Groceries,Rice,808,Summer,0
2023-04-24,P014,Groceries,Rice,757,Summer,0
2023-05-01,P014,Groceries,Rice,823,Summer,0
2023-05-08,P014,Groceries,Rice,678,Summer,0
2023-05-15,P014,Groceries,Rice,832,Summer,0
2023-05-22,P014,Groceries,Rice,706,Summer,0
2023-05-29,P014,Groceries,Rice,687,Summer,0
2023-06-05,P014,Groceries,Rice,817,Summer,0
2023-06-12,P014,Groceries,Rice,582,Summer,0
2023-06-19,P014,Groceries,Rice,874,Summer,0
2023-06-26,P014,Groceries,Rice,642,Summer,0
2023-07-03,P014,Groceries,Rice,548,Monsoon,0
2023-07-10,P014,Groceries,Rice,736,Monsoon,0
2023-07-17,P014,Groceries,Rice,632,Monsoon,0
2023-07-24,P014,Groceries,Rice,874,Monsoon,0
2023-07-31,P014,Groceries,Rice,627,Monsoon,0
2023-08-07,P014,Groceries,Rice,702,Monsoon,0
2023-08-14,P014,Groceries,Rice,527,Monsoon,0
2023-08-21,P014,Groceries,Rice,752,Monsoon,0
2023-08-28,P014,Groceries,Rice,592,Monsoon,0
2023-09-04,P014,Groceries,Rice,740,Monsoon,0
2023-09-11,P014,Groceries,Rice,627,Monsoon,0
2023-09-18,P014,Groceries,Rice,464,Monsoon,0
2023-09-25,P014,Groceries,Rice,683,Monsoon,0
2023-10-02,P014,Groceries,Rice,679,Autumn,0
2023-10-09,P014,Groceries,Rice,759,Autumn,0
2023-10-16,P014,Groceries,Rice,827,Autumn,0
2023-10-23,P014,Groceries,Rice,863,Autumn,0
2023-10-30,P014,Groceries,Rice,757,Autumn,0
2023-11-06,P014,Groceries,Rice,3435,Autumn,1
2023-11-13,P014,Groceries,Rice,527,Autumn,0
2023-11-20,P014,Groceries,Rice,691,Autumn,0
2023-11-27,P014,Groceries,Rice,692,Autumn,0
2023-12-04,P014,Groceries,Rice,650,Winter,0
2023-12-11,P014,Groceries,Rice,734,Winter,0
2023-12-18,P014,Groceries,Rice,783,Winter,0
2023-12-25,P014,Groceries,Rice,588,Winter,0
2024-01-01,P014,Groceries,Rice,608,Winter,0
2024-01-08,P014,Groceries,Rice,680,Winter,0
2024-01-15,P014,Groceries,Rice,631,Winter,0
2024-01-22,P014,Groceries,Rice,524,Winter,0
2024-01-29,P014,Groceries,Rice,591,Winter,0
2024-02-05,P014,Groceries,Rice,566,Winter,0
2024-02-12,P014,Groceries,Rice,821,Winter,0
2024-02-19,P014,Groceries,Rice,873,Winter,0
2024-02-26,P014,Groceries,Rice,581,Winter,0
2024-03-04,P014,Groceries,Rice,752,Summer,0
2024-03-11,P014,Groceries,Rice,786,Summer,0
2024-03-18,P014,Groceries,Rice,539,Summer,0
2024-03-25,P014,Groceries,Rice,712,Summer,0
2024-04-01,P014,Groceries,Rice,959,Summer,0
2024-04-08,P014,Groceries,Rice,766,Summer,0
2024-04-15,P014,Groceries,Rice,669,Summer,0
2024-04-22,P014,Groceries,Rice,637,Summer,0
2024-04-29,P014,Groceries,Rice,484,Summer,0
2024-05-06,P014,Groceries,Rice,744,Summer,0
2024-05-13,P014,Groceries,Rice,898,Summer,0
2024-05-20,P014,Groceries,Rice,610,Summer,0
2024-05-27,P014,Groceries,Rice,493,Summer,0
2024-06-03,P014,Groceries,Rice,626,Summer,0
2024-06-10,P014,Groceries,Rice,787,Summer,0
2024-06-17,P014,Groceries,Rice,650,Summer,0
2024-06-24,P014,Groceries,Rice,609,Summer,0
2024-07-01,P014,Groceries,Rice,697,Monsoon,0
2024-07-08,P014,Groceries,Rice,719,Monsoon,0
2024-07-15,P014,Groceries,Rice,550,Monsoon,0
2024-07-22,P014,Groceries,Rice,672,Monsoon,0
2024-07-29,P014,Groceries,Rice,643,Monsoon,0
2024-08-05,P014,Groceries,Rice,628,Monsoon,0
2024-08-12,P014,Groceries,Rice,589,Monsoon,0
2024-08-19,P014,Groceries,Rice,793,Monsoon,0
2024-08-26,P014,Groceries,Rice,628,Monsoon,0
2024-09-02,P014,Groceries,Rice,487,Monsoon,0
2024-09-09,P014,Groceries,Rice,723,Monsoon,0
2024-09-16,P014,Groceries,Rice,771,Monsoon,0
2024-09-23,P014,Groceries,Rice,612,Monsoon,0
2024-09-30,P014,Groceries,Rice,637,Monsoon,0
2024-10-07,P014,Groceries,Rice,627,Autumn,0
2024-10-14,P014,Groceries,Rice,659,Autumn,0
2024-10-21,P014,Groceries,Rice,810,Autumn,0
2024-10-28,P014,Groceries,Rice,3197,Autumn,1
2024-11-04,P014,Groceries,Rice,783,Autumn,0
2024-11-11,P014,Groceries,Rice,594,Autumn,0
2024-11-18,P014,Groceries,Rice,655,Autumn,0
2024-11-25,P014,Groceries,Rice,795,Autumn,0
2024-12-02,P014,Groceries,Rice,611,Winter,0
2024-12-09,P014,Groceries,Rice,801,Winter,0
2024-12-16,P014,Groceries,Rice,629,Winter,0
2024-12-23,P014,Groceries,Rice,661,Winter,0
2021-01-04,P015,Groceries,Oil,596,Winter,0
2021-01-11,P015,Groceries,Oil,597,Winter,0
2021-01-18,P015,Groceries,Oil,564,Winter,0
2021-01-25,P015,Groceries,Oil,462,Winter,0
2021-02-01,P015,Groceries,Oil,667,Winter,0
2021-02-08,P015,Groceries,Oil,810,Winter,0
2021-02-15,P015,Groceries,Oil,638,Winter,0
2021-02-22,P015,Groceries,Oil,465,Winter,0
2021-03-01,P015,Groceries,Oil,720,Summer,0
2021-03-08,P015,Groceries,Oil,487,Summer,0
2021-03-15,P015,Groceries,Oil,528,Summer,0
2021-03-22,P015,Groceries,Oil,621,Summer,0
2021-03-29,P015,Groceries,Oil,656,Summer,0
2021-04-05,P015,Groceries,Oil,547,Summer,0
2021-04-12,P015,Groceries,Oil,618,Summer,0
2021-04-19,P015,Groceries,Oil,714,Summer,0
2021-04-26,P015,Groceries,Oil,727,Summer,0
2021-05-03,P015,Groceries,Oil,766,Summer,0
2021-05-10,P015,Groceries,Oil,829,Summer,0
2021-05-17,P015,Groceries,Oil,723,Summer,0
2021-05-24,P015,Groceries,Oil,624,Summer,0
2021-05-31,P015,Groceries,Oil,728,Summer,0
2021-06-07,P015,Groceries,Oil,690,Summer,0
2021-06-14,P015,Groceries,Oil,693,Summer,0
2021-06-21,P015,Groceries,Oil,662,Summer,0
2021-06-28,P015,Groceries,Oil,556,Summer,0
2021-07-05,P015,Groceries,Oil,545,Monsoon,0
2021-07-12,P015,Groceries,Oil,635,Monsoon,0
2021-07-19,P015,Groceries,Oil,659,Monsoon,0
2021-07-26,P015,Groceries,Oil,579,Monsoon,0
2021-08-02,P015,Groceries,Oil,685,Monsoon,0
2021-08-09,P015,Groceries,Oil,846,Monsoon,0
2021-08-16,P015,Groceries,Oil,476,Monsoon,0
2021-08-23,P015,Groceries,Oil,701,Monsoon,0
2021-08-30,P015,Groceries,Oil,638,Monsoon,0
2021-09-06,P015,Groceries,Oil,688,Monsoon,0
2021-09-13,P015,Groceries,Oil,603,Monsoon,0
2021-09-20,P015,Groceries,Oil,630,Monsoon,0
2021-09-27,P015,Groceries,Oil,657,Monsoon,0
2021-10-04,P015,Groceries,Oil,615,Autumn,0
2021-10-11,P015,Groceries,Oil,497,Autumn,0
2021-10-18,P015,Groceries,Oil,622,Autumn,0
2021-10-25,P015,Groceries,Oil,507,Autumn,0
2021-11-01,P015,Groceries,Oil,3026,Autumn,1
2021-11-08,P015,Groceries,Oil,464,Autumn,0
2021-11-15,P015,Groceries,Oil,744,Autumn,0
2021-11-22,P015,Groceries,Oil,686,Autumn,0
2021-11-29,P015,Groceries,Oil,686,Autumn,0
2021-12-06,P015,Groceries,Oil,435,Winter,0
2021-12-13,P015,Groceries,Oil,613,Winter,0
2021-12-20,P015,Groceries,Oil,756,Winter,0
2021-12-27,P015,Groceries,Oil,594,Winter,0
2022-01-03,P015,Groceries,Oil,562,Winter,0
2022-01-10,P015,Groceries,Oil,606,Winter,0
2022-01-17,P015,Groceries,Oil,663,Winter,0
2022-01-24,P015,Groceries,Oil,585,Winter,0
2022-01-31,P015,Groceries,Oil,794,Winter,0
2022-02-07,P015,Groceries,Oil,664,Winter,0
2022-02-14,P015,Groceries,Oil,614,Winter,0
2022-02-21,P015,Groceries,Oil,539,Winter,0
2022-02-28,P015,Groceries,Oil,719,Winter,0
2022-03-07,P015,Groceries,Oil,717,Summer,0
2022-03-14,P015,Groceries,Oil,591,Summer,0
2022-03-21,P015,Groceries,Oil,445,Summer,0
2022-03-28,P015,Groceries,Oil,712,Summer,0
2022-04-04,P015,Groceries,Oil,652,Summer,0
2022-04-11,P015,Groceries,Oil,704,Summer,0
2022-04-18,P015,Groceries,Oil,867,Summer,0
2022-04-25,P015,Groceries,Oil,668,Summer,0
2022-05-02,P015,Groceries,Oil,619,Summer,0
2022-05-09,P015,Groceries,Oil,555,Summer,0
2022-05-16,P015,Groceries,Oil,639,Summer,0
2022-05-23,P015,Groceries,Oil,686,Summer,0
2022-05-30,P015,Groceries,Oil,676,Summer,0
2022-06-06,P015,Groceries,Oil,844,Summer,0
2022-06-13,P015,Groceries,Oil,721,Summer,0
2022-06-20,P015,Groceries,Oil,657,Summer,0
2022-06-27,P015,Groceries,Oil,599,Summer,0
2022-07-04,P015,Groceries,Oil,697,Monsoon,0
2022-07-11,P015,Groceries,Oil,579,Monsoon,0
2022-07-18,P015,Groceries,Oil,688,Monsoon,0
2022-07-25,P015,Groceries,Oil,719,Monsoon,0
2022-08-01,P015,Groceries,Oil,649,Monsoon,0
2022-08-08,P015,Groceries,Oil,607,Monsoon,0
2022-08-15,P015,Groceries,Oil,450,Monsoon,0
2022-08-22,P015,Groceries,Oil,785,Monsoon,0
2022-08-29,P015,Groceries,Oil,711,Monsoon,0
2022-09-05,P015,Groceries,Oil,713,Monsoon,0
2022-09-12,P015,Groceries,Oil,513,Monsoon,0
2022-09-19,P015,Groceries,Oil,809,Monsoon,0
2022-09-26,P015,Groceries,Oil,623,Monsoon,0
2022-10-03,P015,Groceries,Oil,641,Autumn,0
2022-10-10,P015,Groceries,Oil,563,Autumn,0
2022-10-17,P015,Groceries,Oil,490,Autumn,0
2022-10-24,P015,Groceries,Oil,4181,Autumn,1
2022-10-31,P015,Groceries,Oil,800,Autumn,0
2022-11-07,P015,Groceries,Oil,654,Autumn,0
2022-11-14,P015,Groceries,Oil,602,Autumn,0
2022-11-21,P015,Groceries,Oil,632,Autumn,0
2022-11-28,P015,Groceries,Oil,635,Autumn,0
2022-12-05,P015,Groceries,Oil,550,Winter,0
2022-12-12,P015,Groceries,Oil,641,Winter,0
2022-12-19,P015,Groceries,Oil,686,Winter,0
2022-12-26,P015,Groceries,Oil,773,Winter,0
2023-01-02,P015,Groceries,Oil,698,Winter,0
2023-01-09,P015,Groceries,Oil,531,Winter,0
2023-01-16,P015,Groceries,Oil,733,Winter,0
2023-01-23,P015,Groceries,Oil,669,Winter,0
2023-01-30,P015,Groceries,Oil,839,Winter,0
2023-02-06,P015,Groceries,Oil,845,Winter,0
2023-02-13,P015,Groceries,Oil,849,Winter,0
2023-02-20,P015,Groceries,Oil,637,Winter,0
2023-02-27,P015,Groceries,Oil,904,Winter,0
2023-03-06,P015,Groceries,Oil,733,Summer,0
2023-03-13,P015,Groceries,Oil,866,Summer,0
2023-03-20,P015,Groceries,Oil,644,Summer,0
2023-03-27,P015,Groceries,Oil,665,Summer,0
2023-04-03,P015,Groceries,Oil,725,Summer,0
2023-04-10,P015,Groceries,Oil,712,Summer,0
2023-04-17,P015,Groceries,Oil,827,Summer,0
2023-04-24,P015,Groceries,Oil,672,Summer,0
2023-05-01,P015,Groceries,Oil,818,Summer,0
2023-05-08,P015,Groceries,Oil,773,Summer,0
2023-05-15,P015,Groceries,Oil,674,Summer,0
2023-05-22,P015,Groceries,Oil,765,Summer,0
2023-05-29,P015,Groceries,Oil,647,Summer,0
2023-06-05,P015,Groceries,Oil,942,Summer,0
2023-06-12,P015,Groceries,Oil,418,Summer,0
2023-06-19,P015,Groceries,Oil,766,Summer,0
2023-06-26,P015,Groceries,Oil,512,Summer,0
2023-07-03,P015,Groceries,Oil,673,Monsoon,0
2023-07-10,P015,Groceries,Oil,687,Monsoon,0
2023-07-17,P015,Groceries,Oil,854,Monsoon,0
2023-07-24,P015,Groceries,Oil,624,Monsoon,0
2023-07-31,P015,Groceries,Oil,833,Monsoon,0
2023-08-07,P015,Groceries,Oil,573,Monsoon,0
2023-08-14,P015,Groceries,Oil,837,Monsoon,0
2023-08-21,P015,Groceries,Oil,647,Monsoon,0
2023-08-28,P015,Groceries,Oil,704,Monsoon,0
2023-09-04,P015,Groceries,Oil,661,Monsoon,0
2023-09-11,P015,Groceries,Oil,830,Monsoon,0
2023-09-18,P015,Groceries,Oil,810,Monsoon,0
2023-09-25,P015,Groceries,Oil,742,Monsoon,0
2023-10-02,P015,Groceries,Oil,576,Autumn,0
2023-10-09,P015,Groceries,Oil,621,Autumn,0
2023-10-16,P015,Groceries,Oil,589,Autumn,0
2023-10-23,P015,Groceries,Oil,461,Autumn,0
2023-10-30,P015,Groceries,Oil,828,Autumn,0
2023-11-06,P015,Groceries,Oil,3257,Autumn,1
2023-11-13,P015,Groceries,Oil,661,Autumn,0
2023-11-20,P015,Groceries,Oil,852,Autumn,0
2023-11-27,P015,Groceries,Oil,646,Autumn,0
2023-12-04,P015,Groceries,Oil,608,Winter,0
2023-12-11,P015,Groceries,Oil,673,Winter,0
2023-12-18,P015,Groceries,Oil,578,Winter,0
2023-12-25,P015,Groceries,Oil,732,Winter,0
2024-01-01,P015,Groceries,Oil,681,Winter,0
2024-01-08,P015,Groceries,Oil,667,Winter,0
2024-01-15,P015,Groceries,Oil,658,Winter,0
2024-01-22,P015,Groceries,Oil,710,Winter,0
2024-01-29,P015,Groceries,Oil,731,Winter,0
2024-02-05,P015,Groceries,Oil,666,Winter,0
2024-02-12,P015,Groceries,Oil,683,Winter,0
2024-02-19,P015,Groceries,Oil,713,Winter,0
2024-02-26,P015,Groceries,Oil,702,Winter,0
2024-03-04,P015,Groceries,Oil,725,Summer,0
2024-03-11,P015,Groceries,Oil,649,Summer,0
2024-03-18,P015,Groceries,Oil,831,Summer,0
2024-03-25,P015,Groceries,Oil,732,Summer,0
2024-04-01,P015,Groceries,Oil,667,Summer,0
2024-04-08,P015,Groceries,Oil,759,Summer,0
2024-04-15,P015,Groceries,Oil,714,Summer,0
2024-04-22,P015,Groceries,Oil,534,Summer,0
2024-04-29,P015,Groceries,Oil,759,Summer,0
2024-05-06,P015,Groceries,Oil,611,Summer,0
2024-05-13,P015,Groceries,Oil,823,Summer,0
2024-05-20,P015,Groceries,Oil,696,Summer,0
2024-05-27,P015,Groceries,Oil,806,Summer,0
2024-06-03,P015,Groceries,Oil,654,Summer,0
2024-06-10,P015,Groceries,Oil,729,Summer,0
2024-06-17,P015,Groceries,Oil,853,Summer,0
2024-06-24,P015,Groceries,Oil,693,Summer,0
2024-07-01,P015,Groceries,Oil,658,Monsoon,0
2024-07-08,P015,Groceries,Oil,793,Monsoon,0
2024-07-15,P015,Groceries,Oil,791,Monsoon,0
2024-07-22,P015,Groceries,Oil,662,Monsoon,0
2024-07-29,P015,Groceries,Oil,507,Monsoon,0
2024-08-05,P015,Groceries,Oil,656,Monsoon,0
2024-08-12,P015,Groceries,Oil,795,Monsoon,0
2024-08-19,P015,Groceries,Oil,638,Monsoon,0
2024-08-26,P015,Groceries,Oil,721,Monsoon,0
2024-09-02,P015,Groceries,Oil,651,Monsoon,0
2024-09-09,P015,Groceries,Oil,513,Monsoon,0
2024-09-16,P015,Groceries,Oil,649,Monsoon,0
2024-09-23,P015,Groceries,Oil,795,Monsoon,0
2024-09-30,P015,Groceries,Oil,465,Monsoon,0
2024-10-07,P015,Groceries,Oil,749,Autumn,0
2024-10-14,P015,Groceries,Oil,593,Autumn,0
2024-10-21,P015,Groceries,Oil,788,Autumn,0
2024-10-28,P015,Groceries,Oil,3741,Autumn,1
2024-11-04,P015,Groceries,Oil,703,Autumn,0
2024-11-11,P015,Groceries,Oil,704,Autumn,0
2024-11-18,P015,Groceries,Oil,635,Autumn,0
2024-11-25,P015,Groceries,Oil,576,Autumn,0
2024-12-02,P015,Groceries,Oil,906,Winter,0
2024-12-09,P015,Groceries,Oil,628,Winter,0
2024-12-16,P015,Groceries,Oil,892,Winter,0
2024-12-23,P015,Groceries,Oil,629,Winter,0
2021-01-04,P016,Clothing,T-shirt,274,Winter,0
2021-01-11,P016,Clothing,T-shirt,277,Winter,0
2021-01-18,P016,Clothing,T-shirt,302,Winter,0
2021-01-25,P016,Clothing,T-shirt,321,Winter,0
2021-02-01,P016,Clothing,T-shirt,355,Winter,0
2021-02-08,P016,Clothing,T-shirt,299,Winter,0
2021-02-15,P016,Clothing,T-shirt,354,Winter,0
2021-02-22,P016,Clothing,T-shirt,358,Winter,0
2021-03-01,P016,Clothing,T-shirt,347,Summer,0
2021-03-08,P016,Clothing,T-shirt,282,Summer,0
2021-03-15,P016,Clothing,T-shirt,363,Summer,0
2021-03-22,P016,Clothing,T-shirt,446,Summer,0
2021-03-29,P016,Clothing,T-shirt,352,Summer,0
2021-04-05,P016,Clothing,T-shirt,378,Summer,0
2021-04-12,P016,Clothing,T-shirt,806,Summer,0
2021-04-19,P016,Clothing,T-shirt,608,Summer,0
2021-04-26,P016,Clothing,T-shirt,911,Summer,0
2021-05-03,P016,Clothing,T-shirt,691,Summer,0
2021-05-10,P016,Clothing,T-shirt,508,Summer,0
2021-05-17,P016,Clothing,T-shirt,469,Summer,0
2021-05-24,P016,Clothing,T-shirt,837,Summer,0
2021-05-31,P016,Clothing,T-shirt,792,Summer,0
2021-06-07,P016,Clothing,T-shirt,907,Summer,0
2021-06-14,P016,Clothing,T-shirt,681,Summer,0
2021-06-21,P016,Clothing,T-shirt,674,Summer,0
2021-06-28,P016,Clothing,T-shirt,640,Summer,0
2021-07-05,P016,Clothing,T-shirt,306,Monsoon,0
2021-07-12,P016,Clothing,T-shirt,319,Monsoon,0
2021-07-19,P016,Clothing,T-shirt,351,Monsoon,0
2021-07-26,P016,Clothing,T-shirt,296,Monsoon,0
2021-08-02,P016,Clothing,T-shirt,254,Monsoon,0
2021-08-09,P016,Clothing,T-shirt,348,Monsoon,0
2021-08-16,P016,Clothing,T-shirt,295,Monsoon,0
2021-08-23,P016,Clothing,T-shirt,174,Monsoon,0
2021-08-30,P016,Clothing,T-shirt,368,Monsoon,0
2021-09-06,P016,Clothing,T-shirt,283,Monsoon,0
2021-09-13,P016,Clothing,T-shirt,373,Monsoon,0
2021-09-20,P016,Clothing,T-shirt,372,Monsoon,0
2021-09-27,P016,Clothing,T-shirt,354,Monsoon,0
2021-10-04,P016,Clothing,T-shirt,467,Autumn,0
2021-10-11,P016,Clothing,T-shirt,332,Autumn,0
2021-10-18,P016,Clothing,T-shirt,325,Autumn,0
2021-10-25,P016,Clothing,T-shirt,374,Autumn,0
2021-11-01,P016,Clothing,T-shirt,1441,Autumn,1
2021-11-08,P016,Clothing,T-shirt,399,Autumn,0
2021-11-15,P016,Clothing,T-shirt,275,Autumn,0
2021-11-22,P016,Clothing,T-shirt,276,Autumn,0
2021-11-29,P016,Clothing,T-shirt,379,Autumn,0
2021-12-06,P016,Clothing,T-shirt,280,Winter,0
2021-12-13,P016,Clothing,T-shirt,371,Winter,0
2021-12-20,P016,Clothing,T-shirt,358,Winter,0
2021-12-27,P016,Clothing,T-shirt,304,Winter,0
2022-01-03,P016,Clothing,T-shirt,373,Winter,0
2022-01-10,P016,Clothing,T-shirt,288,Winter,0
2022-01-17,P016,Clothing,T-shirt,300,Winter,0
2022-01-24,P016,Clothing,T-shirt,341,Winter,0
2022-01-31,P016,Clothing,T-shirt,357,Winter,0
2022-02-07,P016,Clothing,T-shirt,337,Winter,0
2022-02-14,P016,Clothing,T-shirt,376,Winter,0
2022-02-21,P016,Clothing,T-shirt,374,Winter,0
2022-02-28,P016,Clothing,T-shirt,434,Winter,0
2022-03-07,P016,Clothing,T-shirt,348,Summer,0
2022-03-14,P016,Clothing,T-shirt,416,Summer,0
2022-03-21,P016,Clothing,T-shirt,402,Summer,0
2022-03-28,P016,Clothing,T-shirt,475,Summer,0
2022-04-04,P016,Clothing,T-shirt,693,Summer,0
2022-04-11,P016,Clothing,T-shirt,662,Summer,0
2022-04-18,P016,Clothing,T-shirt,840,Summer,0
2022-04-25,P016,Clothing,T-shirt,748,Summer,0
2022-05-02,P016,Clothing,T-shirt,843,Summer,0
2022-05-09,P016,Clothing,T-shirt,783,Summer,0
2022-05-16,P016,Clothing,T-shirt,483,Summer,0
2022-05-23,P016,Clothing,T-shirt,747,Summer,0
2022-05-30,P016,Clothing,T-shirt,740,Summer,0
2022-06-06,P016,Clothing,T-shirt,721,Summer,0
2022-06-13,P016,Clothing,T-shirt,693,Summer,0
2022-06-20,P016,Clothing,T-shirt,538,Summer,0
2022-06-27,P016,Clothing,T-shirt,799,Summer,0
2022-07-04,P016,Clothing,T-shirt,373,Monsoon,0
2022-07-11,P016,Clothing,T-shirt,412,Monsoon,0
2022-07-18,P016,Clothing,T-shirt,271,Monsoon,0
2022-07-25,P016,Clothing,T-shirt,380,Monsoon,0
2022-08-01,P016,Clothing,T-shirt,341,Monsoon,0
2022-08-08,P016,Clothing,T-shirt,361,Monsoon,0
2022-08-15,P016,Clothing,T-shirt,341,Monsoon,0
2022-08-22,P016,Clothing,T-shirt,382,Monsoon,0
2022-08-29,P016,Clothing,T-shirt,344,Monsoon,0
2022-09-05,P016,Clothing,T-shirt,297,Monsoon,0
2022-09-12,P016,Clothing,T-shirt,358,Monsoon,0
2022-09-19,P016,Clothing,T-shirt,342,Monsoon,0
2022-09-26,P016,Clothing,T-shirt,349,Monsoon,0
2022-10-03,P016,Clothing,T-shirt,184,Autumn,0
2022-10-10,P016,Clothing,T-shirt,389,Autumn,0
2022-10-17,P016,Clothing,T-shirt,336,Autumn,0
2022-10-24,P016,Clothing,T-shirt,1498,Autumn,1
2022-10-31,P016,Clothing,T-shirt,402,Autumn,0
2022-11-07,P016,Clothing,T-shirt,387,Autumn,0
2022-11-14,P016,Clothing,T-shirt,336,Autumn,0
2022-11-21,P016,Clothing,T-shirt,292,Autumn,0
2022-11-28,P016,Clothing,T-shirt,363,Autumn,0
2022-12-05,P016,Clothing,T-shirt,360,Winter,0
2022-12-12,P016,Clothing,T-shirt,402,Winter,0
2022-12-19,P016,Clothing,T-shirt,330,Winter,0
2022-12-26,P016,Clothing,T-shirt,416,Winter,0
2023-01-02,P016,Clothing,T-shirt,337,Winter,0
2023-01-09,P016,Clothing,T-shirt,293,Winter,0
2023-01-16,P016,Clothing,T-shirt,304,Winter,0
2023-01-23,P016,Clothing,T-shirt,363,Winter,0
2023-01-30,P016,Clothing,T-shirt,363,Winter,0
2023-02-06,P016,Clothing,T-shirt,385,Winter,0
2023-02-13,P016,Clothing,T-shirt,362,Winter,0
2023-02-20,P016,Clothing,T-shirt,421,Winter,0
2023-02-27,P016,Clothing,T-shirt,352,Winter,0
2023-03-06,P016,Clothing,T-shirt,257,Summer,0
2023-03-13,P016,Clothing,T-shirt,360,Summer,0
2023-03-20,P016,Clothing,T-shirt,256,Summer,0
2023-03-27,P016,Clothing,T-shirt,382,Summer,0
2023-04-03,P016,Clothing,T-shirt,850,Summer,0
2023-04-10,P016,Clothing,T-shirt,625,Summer,0
2023-04-17,P016,Clothing,T-shirt,890,Summer,0
2023-04-24,P016,Clothing,T-shirt,827,Summer,0
2023-05-01,P016,Clothing,T-shirt,867,Summer,0
2023-05-08,P016,Clothing,T-shirt,755,Summer,0
2023-05-15,P016,Clothing,T-shirt,625,Summer,0
2023-05-22,P016,Clothing,T-shirt,820,Summer,0
2023-05-29,P016,Clothing,T-shirt,665,Summer,0
2023-06-05,P016,Clothing,T-shirt,747,Summer,0
2023-06-12,P016,Clothing,T-shirt,715,Summer,0
2023-06-19,P016,Clothing,T-shirt,858,Summer,0
2023-06-26,P016,Clothing,T-shirt,814,Summer,0
2023-07-03,P016,Clothing,T-shirt,362,Monsoon,0
2023-07-10,P016,Clothing,T-shirt,259,Monsoon,0
2023-07-17,P016,Clothing,T-shirt,332,Monsoon,0
2023-07-24,P016,Clothing,T-shirt,405,Monsoon,0
2023-07-31,P016,Clothing,T-shirt,382,Monsoon,0
2023-08-07,P016,Clothing,T-shirt,284,Monsoon,0
2023-08-14,P016,Clothing,T-shirt,267,Monsoon,0
2023-08-21,P016,Clothing,T-shirt,377,Monsoon,0
2023-08-28,P016,Clothing,T-shirt,308,Monsoon,0
2023-09-04,P016,Clothing,T-shirt,314,Monsoon,0
2023-09-11,P016,Clothing,T-shirt,404,Monsoon,0
2023-09-18,P016,Clothing,T-shirt,433,Monsoon,0
2023-09-25,P016,Clothing,T-shirt,325,Monsoon,0
2023-10-02,P016,Clothing,T-shirt,364,Autumn,0
2023-10-09,P016,Clothing,T-shirt,363,Autumn,0
2023-10-16,P016,Clothing,T-shirt,358,Autumn,0
2023-10-23,P016,Clothing,T-shirt,369,Autumn,0
2023-10-30,P016,Clothing,T-shirt,408,Autumn,0
2023-11-06,P016,Clothing,T-shirt,1623,Autumn,1
2023-11-13,P016,Clothing,T-shirt,283,Autumn,0
2023-11-20,P016,Clothing,T-shirt,460,Autumn,0
2023-11-27,P016,Clothing,T-shirt,427,Autumn,0
2023-12-04,P016,Clothing,T-shirt,306,Winter,0
2023-12-11,P016,Clothing,T-shirt,374,Winter,0
2023-12-18,P016,Clothing,T-shirt,422,Winter,0
2023-12-25,P016,Clothing,T-shirt,408,Winter,0
2024-01-01,P016,Clothing,T-shirt,407,Winter,0
2024-01-08,P016,Clothing,T-shirt,371,Winter,0
2024-01-15,P016,Clothing,T-shirt,479,Winter,0
2024-01-22,P016,Clothing,T-shirt,393,Winter,0
2024-01-29,P016,Clothing,T-shirt,351,Winter,0
2024-02-05,P016,Clothing,T-shirt,430,Winter,0
2024-02-12,P016,Clothing,T-shirt,386,Winter,0
2024-02-19,P016,Clothing,T-shirt,400,Winter,0
2024-02-26,P016,Clothing,T-shirt,392,Winter,0
2024-03-04,P016,Clothing,T-shirt,409,Summer,0
2024-03-11,P016,Clothing,T-shirt,324,Summer,0
2024-03-18,P016,Clothing,T-shirt,297,Summer,0
2024-03-25,P016,Clothing,T-shirt,462,Summer,0
2024-04-01,P016,Clothing,T-shirt,790,Summer,0
2024-04-08,P016,Clothing,T-shirt,849,Summer,0
2024-04-15,P016,Clothing,T-shirt,560,Summer,0
2024-04-22,P016,Clothing,T-shirt,883,Summer,0
2024-04-29,P016,Clothing,T-shirt,702,Summer,0
2024-05-06,P016,Clothing,T-shirt,669,Summer,0
2024-05-13,P016,Clothing,T-shirt,754,Summer,0
2024-05-20,P016,Clothing,T-shirt,649,Summer,0
2024-05-27,P016,Clothing,T-shirt,761,Summer,0
2024-06-03,P016,Clothing,T-shirt,746,Summer,0
2024-06-10,P016,Clothing,T-shirt,882,Summer,0
2024-06-17,P016,Clothing,T-shirt,934,Summer,0
2024-06-24,P016,Clothing,T-shirt,930,Summer,0
2024-07-01,P016,Clothing,T-shirt,251,Monsoon,0
2024-07-08,P016,Clothing,T-shirt,327,Monsoon,0
2024-07-15,P016,Clothing,T-shirt,250,Monsoon,0
2024-07-22,P016,Clothing,T-shirt,312,Monsoon,0
2024-07-29,P016,Clothing,T-shirt,343,Monsoon,0
2024-08-05,P016,Clothing,T-shirt,404,Monsoon,0
2024-08-12,P016,Clothing,T-shirt,351,Monsoon,0
2024-08-19,P016,Clothing,T-shirt,352,Monsoon,0
2024-08-26,P016,Clothing,T-shirt,391,Monsoon,0
2024-09-02,P016,Clothing,T-shirt,283,Monsoon,0
2024-09-09,P016,Clothing,T-shirt,332,Monsoon,0
2024-09-16,P016,Clothing,T-shirt,352,Monsoon,0
2024-09-23,P016,Clothing,T-shirt,369,Monsoon,0
2024-09-30,P016,Clothing,T-shirt,385,Monsoon,0
2024-10-07,P016,Clothing,T-shirt,466,Autumn,0
2024-10-14,P016,Clothing,T-shirt,432,Autumn,0
2024-10-21,P016,Clothing,T-shirt,336,Autumn,0
2024-10-28,P016,Clothing,T-shirt,1711,Autumn,1
2024-11-04,P016,Clothing,T-shirt,361,Autumn,0
2024-11-11,P016,Clothing,T-shirt,351,Autumn,0
2024-11-18,P016,Clothing,T-shirt,396,Autumn,0
2024-11-25,P016,Clothing,T-shirt,274,Autumn,0
2024-12-02,P016,Clothing,T-shirt,431,Winter,0
2024-12-09,P016,Clothing,T-shirt,477,Winter,0
2024-12-16,P016,Clothing,T-shirt,365,Winter,0
2024-12-23,P016,Clothing,T-shirt,364,Winter,0
2021-01-04,P017,Clothing,Hoodie,623,Winter,0
2021-01-11,P017,Clothing,Hoodie,551,Winter,0
2021-01-18,P017,Clothing,Hoodie,648,Winter,0
2021-01-25,P017,Clothing,Hoodie,413,Winter,0
2021-02-01,P017,Clothing,Hoodie,376,Winter,0
2021-02-08,P017,Clothing,Hoodie,558,Winter,0
2021-02-15,P017,Clothing,Hoodie,559,Winter,0
2021-02-22,P017,Clothing,Hoodie,268,Winter,0
2021-03-01,P017,Clothing,Hoodie,194,Summer,0
2021-03-08,P017,Clothing,Hoodie,182,Summer,0
2021-03-15,P017,Clothing,Hoodie,170,Summer,0
2021-03-22,P017,Clothing,Hoodie,182,Summer,0
2021-03-29,P017,Clothing,Hoodie,234,Summer,0
2021-04-05,P017,Clothing,Hoodie,182,Summer,0
2021-04-12,P017,Clothing,Hoodie,183,Summer,0
2021-04-19,P017,Clothing,Hoodie,162,Summer,0
2021-04-26,P017,Clothing,Hoodie,255,Summer,0
2021-05-03,P017,Clothing,Hoodie,229,Summer,0
2021-05-10,P017,Clothing,Hoodie,134,Summer,0
2021-05-17,P017,Clothing,Hoodie,183,Summer,0
2021-05-24,P017,Clothing,Hoodie,232,Summer,0
2021-05-31,P017,Clothing,Hoodie,256,Summer,0
2021-06-07,P017,Clothing,Hoodie,242,Summer,0
2021-06-14,P017,Clothing,Hoodie,203,Summer,0
2021-06-21,P017,Clothing,Hoodie,152,Summer,0
2021-06-28,P017,Clothing,Hoodie,243,Summer,0
2021-07-05,P017,Clothing,Hoodie,205,Monsoon,0
2021-07-12,P017,Clothing,Hoodie,217,Monsoon,0
2021-07-19,P017,Clothing,Hoodie,209,Monsoon,0
2021-07-26,P017,Clothing,Hoodie,171,Monsoon,0
2021-08-02,P017,Clothing,Hoodie,226,Monsoon,0
2021-08-09,P017,Clothing,Hoodie,222,Monsoon,0
2021-08-16,P017,Clothing,Hoodie,201,Monsoon,0
2021-08-23,P017,Clothing,Hoodie,230,Monsoon,0
2021-08-30,P017,Clothing,Hoodie,170,Monsoon,0
2021-09-06,P017,Clothing,Hoodie,206,Monsoon,0
2021-09-13,P017,Clothing,Hoodie,215,Monsoon,0
2021-09-20,P017,Clothing,Hoodie,159,Monsoon,0
2021-09-27,P017,Clothing,Hoodie,213,Monsoon,0
2021-10-04,P017,Clothing,Hoodie,238,Autumn,0
2021-10-11,P017,Clothing,Hoodie,205,Autumn,0
2021-10-18,P017,Clothing,Hoodie,213,Autumn,0
2021-10-25,P017,Clothing,Hoodie,233,Autumn,0
2021-11-01,P017,Clothing,Hoodie,865,Autumn,1
2021-11-08,P017,Clothing,Hoodie,205,Autumn,0
2021-11-15,P017,Clothing,Hoodie,177,Autumn,0
2021-11-22,P017,Clothing,Hoodie,214,Autumn,0
2021-11-29,P017,Clothing,Hoodie,204,Autumn,0
2021-12-06,P017,Clothing,Hoodie,577,Winter,0
2021-12-13,P017,Clothing,Hoodie,582,Winter,0
2021-12-20,P017,Clothing,Hoodie,601,Winter,0
2021-12-27,P017,Clothing,Hoodie,496,Winter,0
2022-01-03,P017,Clothing,Hoodie,376,Winter,0
2022-01-10,P017,Clothing,Hoodie,621,Winter,0
2022-01-17,P017,Clothing,Hoodie,595,Winter,0
2022-01-24,P017,Clothing,Hoodie,505,Winter,0
2022-01-31,P017,Clothing,Hoodie,605,Winter,0
2022-02-07,P017,Clothing,Hoodie,437,Winter,0
2022-02-14,P017,Clothing,Hoodie,645,Winter,0
2022-02-21,P017,Clothing,Hoodie,531,Winter,0
2022-02-28,P017,Clothing,Hoodie,489,Winter,0
2022-03-07,P017,Clothing,Hoodie,202,Summer,0
2022-03-14,P017,Clothing,Hoodie,215,Summer,0
2022-03-21,P017,Clothing,Hoodie,223,Summer,0
2022-03-28,P017,Clothing,Hoodie,225,Summer,0
2022-04-04,P017,Clothing,Hoodie,209,Summer,0
2022-04-11,P017,Clothing,Hoodie,230,Summer,0
2022-04-18,P017,Clothing,Hoodie,223,Summer,0
2022-04-25,P017,Clothing,Hoodie,201,Summer,0
2022-05-02,P017,Clothing,Hoodie,196,Summer,0
2022-05-09,P017,Clothing,Hoodie,244,Summer,0
2022-05-16,P017,Clothing,Hoodie,241,Summer,0
2022-05-23,P017,Clothing,Hoodie,225,Summer,0
2022-05-30,P017,Clothing,Hoodie,254,Summer,0
2022-06-06,P017,Clothing,Hoodie,157,Summer,0
2022-06-13,P017,Clothing,Hoodie,204,Summer,0
2022-06-20,P017,Clothing,Hoodie,184,Summer,0
2022-06-27,P017,Clothing,Hoodie,299,Summer,0
2022-07-04,P017,Clothing,Hoodie,247,Monsoon,0
2022-07-11,P017,Clothing,Hoodie,220,Monsoon,0
2022-07-18,P017,Clothing,Hoodie,249,Monsoon,0
2022-07-25,P017,Clothing,Hoodie,261,Monsoon,0
2022-08-01,P017,Clothing,Hoodie,260,Monsoon,0
2022-08-08,P017,Clothing,Hoodie,254,Monsoon,0
2022-08-15,P017,Clothing,Hoodie,214,Monsoon,0
2022-08-22,P017,Clothing,Hoodie,206,Monsoon,0
2022-08-29,P017,Clothing,Hoodie,191,Monsoon,0
2022-09-05,P017,Clothing,Hoodie,240,Monsoon,0
2022-09-12,P017,Clothing,Hoodie,218,Monsoon,0
2022-09-19,P017,Clothing,Hoodie,209,Monsoon,0
2022-09-26,P017,Clothing,Hoodie,207,Monsoon,0
2022-10-03,P017,Clothing,Hoodie,272,Autumn,0
2022-10-10,P017,Clothing,Hoodie,255,Autumn,0
2022-10-17,P017,Clothing,Hoodie,284,Autumn,0
2022-10-24,P017,Clothing,Hoodie,1281,Autumn,1
2022-10-31,P017,Clothing,Hoodie,225,Autumn,0
2022-11-07,P017,Clothing,Hoodie,222,Autumn,0
2022-11-14,P017,Clothing,Hoodie,189,Autumn,0
2022-11-21,P017,Clothing,Hoodie,181,Autumn,0
2022-11-28,P017,Clothing,Hoodie,240,Autumn,0
2022-12-05,P017,Clothing,Hoodie,480,Winter,0
2022-12-12,P017,Clothing,Hoodie,576,Winter,0
2022-12-19,P017,Clothing,Hoodie,652,Winter,0
2022-12-26,P017,Clothing,Hoodie,503,Winter,0
2023-01-02,P017,Clothing,Hoodie,755,Winter,0
2023-01-09,P017,Clothing,Hoodie,494,Winter,0
2023-01-16,P017,Clothing,Hoodie,666,Winter,0
2023-01-23,P017,Clothing,Hoodie,617,Winter,0
2023-01-30,P017,Clothing,Hoodie,684,Winter,0
2023-02-06,P017,Clothing,Hoodie,483,Winter,0
2023-02-13,P017,Clothing,Hoodie,781,Winter,0
2023-02-20,P017,Clothing,Hoodie,564,Winter,0
2023-02-27,P017,Clothing,Hoodie,639,Winter,0
2023-03-06,P017,Clothing,Hoodie,282,Summer,0
2023-03-13,P017,Clothing,Hoodie,211,Summer,0
2023-03-20,P017,Clothing,Hoodie,260,Summer,0
2023-03-27,P017,Clothing,Hoodie,205,Summer,0
2023-04-03,P017,Clothing,Hoodie,280,Summer,0
2023-04-10,P017,Clothing,Hoodie,205,Summer,0
2023-04-17,P017,Clothing,Hoodie,233,Summer,0
2023-04-24,P017,Clothing,Hoodie,242,Summer,0
2023-05-01,P017,Clothing,Hoodie,259,Summer,0
2023-05-08,P017,Clothing,Hoodie,300,Summer,0
2023-05-15,P017,Clothing,Hoodie,216,Summer,0
2023-05-22,P017,Clothing,Hoodie,271,Summer,0
2023-05-29,P017,Clothing,Hoodie,300,Summer,0
2023-06-05,P017,Clothing,Hoodie,237,Summer,0
2023-06-12,P017,Clothing,Hoodie,213,Summer,0
2023-06-19,P017,Clothing,Hoodie,171,Summer,0
2023-06-26,P017,Clothing,Hoodie,297,Summer,0
2023-07-03,P017,Clothing,Hoodie,223,Monsoon,0
2023-07-10,P017,Clothing,Hoodie,197,Monsoon,0
2023-07-17,P017,Clothing,Hoodie,184,Monsoon,0
2023-07-24,P017,Clothing,Hoodie,197,Monsoon,0
2023-07-31,P017,Clothing,Hoodie,264,Monsoon,0
2023-08-07,P017,Clothing,Hoodie,269,Monsoon,0
2023-08-14,P017,Clothing,Hoodie,254,Monsoon,0
2023-08-21,P017,Clothing,Hoodie,236,Monsoon,0
2023-08-28,P017,Clothing,Hoodie,188,Monsoon,0
2023-09-04,P017,Clothing,Hoodie,206,Monsoon,0
2023-09-11,P017,Clothing,Hoodie,193,Monsoon,0
2023-09-18,P017,Clothing,Hoodie,252,Monsoon,0
2023-09-25,P017,Clothing,Hoodie,195,Monsoon,0
2023-10-02,P017,Clothing,Hoodie,207,Autumn,0
2023-10-09,P017,Clothing,Hoodie,225,Autumn,0
2023-10-16,P017,Clothing,Hoodie,174,Autumn,0
2023-10-23,P017,Clothing,Hoodie,233,Autumn,0
2023-10-30,P017,Clothing,Hoodie,228,Autumn,0
2023-11-06,P017,Clothing,Hoodie,1344,Autumn,1
2023-11-13,P017,Clothing,Hoodie,203,Autumn,0
2023-11-20,P017,Clothing,Hoodie,186,Autumn,0
2023-11-27,P017,Clothing,Hoodie,219,Autumn,0
2023-12-04,P017,Clothing,Hoodie,484,Winter,0
2023-12-11,P017,Clothing,Hoodie,583,Winter,0
2023-12-18,P017,Clothing,Hoodie,418,Winter,0
2023-12-25,P017,Clothing,Hoodie,527,Winter,0
2024-01-01,P017,Clothing,Hoodie,518,Winter,0
2024-01-08,P017,Clothing,Hoodie,653,Winter,0
2024-01-15,P017,Clothing,Hoodie,528,Winter,0
2024-01-22,P017,Clothing,Hoodie,445,Winter,0
2024-01-29,P017,Clothing,Hoodie,583,Winter,0
2024-02-05,P017,Clothing,Hoodie,630,Winter,0
2024-02-12,P017,Clothing,Hoodie,577,Winter,0
2024-02-19,P017,Clothing,Hoodie,546,Winter,0
2024-02-26,P017,Clothing,Hoodie,541,Winter,0
2024-03-04,P017,Clothing,Hoodie,244,Summer,0
2024-03-11,P017,Clothing,Hoodie,208,Summer,0
2024-03-18,P017,Clothing,Hoodie,228,Summer,0
2024-03-25,P017,Clothing,Hoodie,267,Summer,0
2024-04-01,P017,Clothing,Hoodie,193,Summer,0
2024-04-08,P017,Clothing,Hoodie,239,Summer,0
2024-04-15,P017,Clothing,Hoodie,176,Summer,0
2024-04-22,P017,Clothing,Hoodie,249,Summer,0
2024-04-29,P017,Clothing,Hoodie,205,Summer,0
2024-05-06,P017,Clothing,Hoodie,277,Summer,0
2024-05-13,P017,Clothing,Hoodie,187,Summer,0
2024-05-20,P017,Clothing,Hoodie,256,Summer,0
2024-05-27,P017,Clothing,Hoodie,284,Summer,0
2024-06-03,P017,Clothing,Hoodie,203,Summer,0
2024-06-10,P017,Clothing,Hoodie,209,Summer,0
2024-06-17,P017,Clothing,Hoodie,206,Summer,0
2024-06-24,P017,Clothing,Hoodie,223,Summer,0
2024-07-01,P017,Clothing,Hoodie,259,Monsoon,0
2024-07-08,P017,Clothing,Hoodie,220,Monsoon,0
2024-07-15,P017,Clothing,Hoodie,200,Monsoon,0
2024-07-22,P017,Clothing,Hoodie,167,Monsoon,0
2024-07-29,P017,Clothing,Hoodie,298,Monsoon,0
2024-08-05,P017,Clothing,Hoodie,301,Monsoon,0
2024-08-12,P017,Clothing,Hoodie,261,Monsoon,0
2024-08-19,P017,Clothing,Hoodie,211,Monsoon,0
2024-08-26,P017,Clothing,Hoodie,267,Monsoon,0
2024-09-02,P017,Clothing,Hoodie,275,Monsoon,0
2024-09-09,P017,Clothing,Hoodie,231,Monsoon,0
2024-09-16,P017,Clothing,Hoodie,242,Monsoon,0
2024-09-23,P017,Clothing,Hoodie,285,Monsoon,0
2024-09-30,P017,Clothing,Hoodie,181,Monsoon,0
2024-10-07,P017,Clothing,Hoodie,276,Autumn,0
2024-10-14,P017,Clothing,Hoodie,229,Autumn,0
2024-10-21,P017,Clothing,Hoodie,200,Autumn,0
2024-10-28,P017,Clothing,Hoodie,952,Autumn,1
2024-11-04,P017,Clothing,Hoodie,209,Autumn,0
2024-11-11,P017,Clothing,Hoodie,197,Autumn,0
2024-11-18,P017,Clothing,Hoodie,304,Autumn,0
2024-11-25,P017,Clothing,Hoodie,258,Autumn,0
2024-12-02,P017,Clothing,Hoodie,698,Winter,0
2024-12-09,P017,Clothing,Hoodie,652,Winter,0
2024-12-16,P017,Clothing,Hoodie,607,Winter,0
2024-12-23,P017,Clothing,Hoodie,608,Winter,0
2021-01-04,P018,Clothing,Sweater,1259,Winter,0
2021-01-11,P018,Clothing,Sweater,1084,Winter,0
2021-01-18,P018,Clothing,Sweater,1099,Winter,0
2021-01-25,P018,Clothing,Sweater,1225,Winter,0
2021-02-01,P018,Clothing,Sweater,1065,Winter,0
2021-02-08,P018,Clothing,Sweater,1084,Winter,0
2021-02-15,P018,Clothing,Sweater,1147,Winter,0
2021-02-22,P018,Clothing,Sweater,1345,Winter,0
2021-03-01,P018,Clothing,Sweater,381,Summer,0
2021-03-08,P018,Clothing,Sweater,511,Summer,0
2021-03-15,P018,Clothing,Sweater,513,Summer,0
2021-03-22,P018,Clothing,Sweater,513,Summer,0
2021-03-29,P018,Clothing,Sweater,403,Summer,0
2021-04-05,P018,Clothing,Sweater,342,Summer,0
2021-04-12,P018,Clothing,Sweater,497,Summer,0
2021-04-19,P018,Clothing,Sweater,471,Summer,0
2021-04-26,P018,Clothing,Sweater,528,Summer,0
2021-05-03,P018,Clothing,Sweater,410,Summer,0
2021-05-10,P018,Clothing,Sweater,511,Summer,0
2021-05-17,P018,Clothing,Sweater,531,Summer,0
2021-05-24,P018,Clothing,Sweater,452,Summer,0
2021-05-31,P018,Clothing,Sweater,487,Summer,0
2021-06-07,P018,Clothing,Sweater,485,Summer,0
2021-06-14,P018,Clothing,Sweater,402,Summer,0
2021-06-21,P018,Clothing,Sweater,495,Summer,0
2021-06-28,P018,Clothing,Sweater,570,Summer,0
2021-07-05,P018,Clothing,Sweater,460,Monsoon,0
2021-07-12,P018,Clothing,Sweater,358,Monsoon,0
2021-07-19,P018,Clothing,Sweater,411,Monsoon,0
2021-07-26,P018,Clothing,Sweater,336,Monsoon,0
2021-08-02,P018,Clothing,Sweater,547,Monsoon,0
2021-08-09,P018,Clothing,Sweater,511,Monsoon,0
2021-08-16,P018,Clothing,Sweater,424,Monsoon,0
2021-08-23,P018,Clothing,Sweater,361,Monsoon,0
2021-08-30,P018,Clothing,Sweater,401,Monsoon,0
2021-09-06,P018,Clothing,Sweater,415,Monsoon,0
2021-09-13,P018,Clothing,Sweater,466,Monsoon,0
2021-09-20,P018,Clothing,Sweater,464,Monsoon,0
2021-09-27,P018,Clothing,Sweater,551,Monsoon,0
2021-10-04,P018,Clothing,Sweater,411,Autumn,0
2021-10-11,P018,Clothing,Sweater,355,Autumn,0
2021-10-18,P018,Clothing,Sweater,379,Autumn,0
2021-10-25,P018,Clothing,Sweater,457,Autumn,0
2021-11-01,P018,Clothing,Sweater,1747,Autumn,1
2021-11-08,P018,Clothing,Sweater,438,Autumn,0
2021-11-15,P018,Clothing,Sweater,427,Autumn,0
2021-11-22,P018,Clothing,Sweater,527,Autumn,0
2021-11-29,P018,Clothing,Sweater,418,Autumn,0
2021-12-06,P018,Clothing,Sweater,1082,Winter,0
2021-12-13,P018,Clothing,Sweater,1270,Winter,0
2021-12-20,P018,Clothing,Sweater,1050,Winter,0
2021-12-27,P018,Clothing,Sweater,1220,Winter,0
2022-01-03,P018,Clothing,Sweater,1252,Winter,0
2022-01-10,P018,Clothing,Sweater,1218,Winter,0
2022-01-17,P018,Clothing,Sweater,990,Winter,0
2022-01-24,P018,Clothing,Sweater,1413,Winter,0
2022-01-31,P018,Clothing,Sweater,1590,Winter,0
2022-02-07,P018,Clothing,Sweater,1194,Winter,0
2022-02-14,P018,Clothing,Sweater,1006,Winter,0
2022-02-21,P018,Clothing,Sweater,1198,Winter,0
2022-02-28,P018,Clothing,Sweater,1370,Winter,0
2022-03-07,P018,Clothing,Sweater,433,Summer,0
2022-03-14,P018,Clothing,Sweater,468,Summer,0
2022-03-21,P018,Clothing,Sweater,501,Summer,0
2022-03-28,P018,Clothing,Sweater,563,Summer,0
2022-04-04,P018,Clothing,Sweater,532,Summer,0
2022-04-11,P018,Clothing,Sweater,535,Summer,0
2022-04-18,P018,Clothing,Sweater,446,Summer,0
2022-04-25,P018,Clothing,Sweater,506,Summer,0
2022-05-02,P018,Clothing,Sweater,425,Summer,0
2022-05-09,P018,Clothing,Sweater,537,Summer,0
2022-05-16,P018,Clothing,Sweater,559,Summer,0
2022-05-23,P018,Clothing,Sweater,516,Summer,0
2022-05-30,P018,Clothing,Sweater,451,Summer,0
2022-06-06,P018,Clothing,Sweater,462,Summer,0
2022-06-13,P018,Clothing,Sweater,606,Summer,0
2022-06-20,P018,Clothing,Sweater,452,Summer,0
2022-06-27,P018,Clothing,Sweater,552,Summer,0
2022-07-04,P018,Clothing,Sweater,501,Monsoon,0
2022-07-11,P018,Clothing,Sweater,453,Monsoon,0
2022-07-18,P018,Clothing,Sweater,381,Monsoon,0
2022-07-25,P018,Clothing,Sweater,492,Monsoon,0
2022-08-01,P018,Clothing,Sweater,483,Monsoon,0
2022-08-08,P018,Clothing,Sweater,606,Monsoon,0
2022-08-15,P018,Clothing,Sweater,415,Monsoon,0
2022-08-22,P018,Clothing,Sweater,641,Monsoon,0
2022-08-29,P018,Clothing,Sweater,504,Monsoon,0
2022-09-05,P018,Clothing,Sweater,504,Monsoon,0
2022-09-12,P018,Clothing,Sweater,434,Monsoon,0
2022-09-19,P018,Clothing,Sweater,499,Monsoon,0
2022-09-26,P018,Clothing,Sweater,511,Monsoon,0
2022-10-03,P018,Clothing,Sweater,544,Autumn,0
2022-10-10,P018,Clothing,Sweater,407,Autumn,0
2022-10-17,P018,Clothing,Sweater,578,Autumn,0
2022-10-24,P018,Clothing,Sweater,2672,Autumn,1
2022-10-31,P018,Clothing,Sweater,520,Autumn,0
2022-11-07,P018,Clothing,Sweater,461,Autumn,0
2022-11-14,P018,Clothing,Sweater,410,Autumn,0
2022-11-21,P018,Clothing,Sweater,482,Autumn,0
2022-11-28,P018,Clothing,Sweater,490,Autumn,0
2022-12-05,P018,Clothing,Sweater,945,Winter,0
2022-12-12,P018,Clothing,Sweater,1335,Winter,0
2022-12-19,P018,Clothing,Sweater,1371,Winter,0
2022-12-26,P018,Clothing,Sweater,1062,Winter,0
2023-01-02,P018,Clothing,Sweater,1049,Winter,0
2023-01-09,P018,Clothing,Sweater,1182,Winter,0
2023-01-16,P018,Clothing,Sweater,1243,Winter,0
2023-01-23,P018,Clothing,Sweater,1190,Winter,0
2023-01-30,P018,Clothing,Sweater,1227,Winter,0
2023-02-06,P018,Clothing,Sweater,1280,Winter,0
2023-02-13,P018,Clothing,Sweater,984,Winter,0
2023-02-20,P018,Clothing,Sweater,1006,Winter,0
2023-02-27,P018,Clothing,Sweater,733,Winter,0
2023-03-06,P018,Clothing,Sweater,565,Summer,0
2023-03-13,P018,Clothing,Sweater,496,Summer,0
2023-03-20,P018,Clothing,Sweater,573,Summer,0
2023-03-27,P018,Clothing,Sweater,411,Summer,0
2023-04-03,P018,Clothing,Sweater,497,Summer,0
2023-04-10,P018,Clothing,Sweater,511,Summer,0
2023-04-17,P018,Clothing,Sweater,453,Summer,0
2023-04-24,P018,Clothing,Sweater,380,Summer,0
2023-05-01,P018,Clothing,Sweater,625,Summer,0
2023-05-08,P018,Clothing,Sweater,599,Summer,0
2023-05-15,P018,Clothing,Sweater,467,Summer,0
2023-05-22,P018,Clothing,Sweater,533,Summer,0
2023-05-29,P018,Clothing,Sweater,459,Summer,0
2023-06-05,P018,Clothing,Sweater,421,Summer,0
2023-06-12,P018,Clothing,Sweater,631,Summer,0
2023-06-19,P018,Clothing,Sweater,372,Summer,0
2023-06-26,P018,Clothing,Sweater,474,Summer,0
2023-07-03,P018,Clothing,Sweater,501,Monsoon,0
2023-07-10,P018,Clothing,Sweater,618,Monsoon,0
2023-07-17,P018,Clothing,Sweater,562,Monsoon,0
2023-07-24,P018,Clothing,Sweater,371,Monsoon,0
2023-07-31,P018,Clothing,Sweater,495,Monsoon,0
2023-08-07,P018,Clothing,Sweater,497,Monsoon,0
2023-08-14,P018,Clothing,Sweater,478,Monsoon,0
2023-08-21,P018,Clothing,Sweater,541,Monsoon,0
2023-08-28,P018,Clothing,Sweater,390,Monsoon,0
2023-09-04,P018,Clothing,Sweater,465,Monsoon,0
2023-09-11,P018,Clothing,Sweater,531,Monsoon,0
2023-09-18,P018,Clothing,Sweater,546,Monsoon,0
2023-09-25,P018,Clothing,Sweater,506,Monsoon,0
2023-10-02,P018,Clothing,Sweater,474,Autumn,0
2023-10-09,P018,Clothing,Sweater,486,Autumn,0
2023-10-16,P018,Clothing,Sweater,550,Autumn,0
2023-10-23,P018,Clothing,Sweater,498,Autumn,0
2023-10-30,P018,Clothing,Sweater,418,Autumn,0
2023-11-06,P018,Clothing,Sweater,1986,Autumn,1
2023-11-13,P018,Clothing,Sweater,384,Autumn,0
2023-11-20,P018,Clothing,Sweater,603,Autumn,0
2023-11-27,P018,Clothing,Sweater,555,Autumn,0
2023-12-04,P018,Clothing,Sweater,1219,Winter,0
2023-12-11,P018,Clothing,Sweater,1154,Winter,0
2023-12-18,P018,Clothing,Sweater,1132,Winter,0
2023-12-25,P018,Clothing,Sweater,1442,Winter,0
2024-01-01,P018,Clothing,Sweater,1652,Winter,0
2024-01-08,P018,Clothing,Sweater,1168,Winter,0
2024-01-15,P018,Clothing,Sweater,1504,Winter,0
2024-01-22,P018,Clothing,Sweater,1290,Winter,0
2024-01-29,P018,Clothing,Sweater,1244,Winter,0
2024-02-05,P018,Clothing,Sweater,1575,Winter,0
2024-02-12,P018,Clothing,Sweater,1283,Winter,0
2024-02-19,P018,Clothing,Sweater,1342,Winter,0
2024-02-26,P018,Clothing,Sweater,1333,Winter,0
2024-03-04,P018,Clothing,Sweater,388,Summer,0
2024-03-11,P018,Clothing,Sweater,536,Summer,0
2024-03-18,P018,Clothing,Sweater,470,Summer,0
2024-03-25,P018,Clothing,Sweater,404,Summer,0
2024-04-01,P018,Clothing,Sweater,474,Summer,0
2024-04-08,P018,Clothing,Sweater,473,Summer,0
2024-04-15,P018,Clothing,Sweater,593,Summer,0
2024-04-22,P018,Clothing,Sweater,432,Summer,0
2024-04-29,P018,Clothing,Sweater,453,Summer,0
2024-05-06,P018,Clothing,Sweater,532,Summer,0
2024-05-13,P018,Clothing,Sweater,411,Summer,0
2024-05-20,P018,Clothing,Sweater,463,Summer,0
2024-05-27,P018,Clothing,Sweater,385,Summer,0
2024-06-03,P018,Clothing,Sweater,585,Summer,0
2024-06-10,P018,Clothing,Sweater,490,Summer,0
2024-06-17,P018,Clothing,Sweater,512,Summer,0
2024-06-24,P018,Clothing,Sweater,584,Summer,0
2024-07-01,P018,Clothing,Sweater,458,Monsoon,0
2024-07-08,P018,Clothing,Sweater,490,Monsoon,0
2024-07-15,P018,Clothing,Sweater,432,Monsoon,0
2024-07-22,P018,Clothing,Sweater,432,Monsoon,0
2024-07-29,P018,Clothing,Sweater,443,Monsoon,0
2024-08-05,P018,Clothing,Sweater,476,Monsoon,0
2024-08-12,P018,Clothing,Sweater,484,Monsoon,0
2024-08-19,P018,Clothing,Sweater,536,Monsoon,0
2024-08-26,P018,Clothing,Sweater,445,Monsoon,0
2024-09-02,P018,Clothing,Sweater,538,Monsoon,0
2024-09-09,P018,Clothing,Sweater,551,Monsoon,0
2024-09-16,P018,Clothing,Sweater,478,Monsoon,0
2024-09-23,P018,Clothing,Sweater,452,Monsoon,0
2024-09-30,P018,Clothing,Sweater,520,Monsoon,0
2024-10-07,P018,Clothing,Sweater,498,Autumn,0
2024-10-14,P018,Clothing,Sweater,531,Autumn,0
2024-10-21,P018,Clothing,Sweater,635,Autumn,0
2024-10-28,P018,Clothing,Sweater,2429,Autumn,1
2024-11-04,P018,Clothing,Sweater,464,Autumn,0
2024-11-11,P018,Clothing,Sweater,445,Autumn,0
2024-11-18,P018,Clothing,Sweater,448,Autumn,0
2024-11-25,P018,Clothing,Sweater,401,Autumn,0
2024-12-02,P018,Clothing,Sweater,1465,Winter,0
2024-12-09,P018,Clothing,Sweater,854,Winter,0
2024-12-16,P018,Clothing,Sweater,1379,Winter,0
2024-12-23,P018,Clothing,Sweater,1117,Winter,0
2021-01-04,P019,Clothing,Jacket,504,Winter,0
2021-01-11,P019,Clothing,Jacket,415,Winter,0
2021-01-18,P019,Clothing,Jacket,559,Winter,0
2021-01-25,P019,Clothing,Jacket,602,Winter,0
2021-02-01,P019,Clothing,Jacket,659,Winter,0
2021-02-08,P019,Clothing,Jacket,448,Winter,0
2021-02-15,P019,Clothing,Jacket,503,Winter,0
2021-02-22,P019,Clothing,Jacket,448,Winter,0
2021-03-01,P019,Clothing,Jacket,189,Summer,0
2021-03-08,P019,Clothing,Jacket,229,Summer,0
2021-03-15,P019,Clothing,Jacket,187,Summer,0
2021-03-22,P019,Clothing,Jacket,183,Summer,0
2021-03-29,P019,Clothing,Jacket,233,Summer,0
2021-04-05,P019,Clothing,Jacket,223,Summer,0
2021-04-12,P019,Clothing,Jacket,219,Summer,0
2021-04-19,P019,Clothing,Jacket,188,Summer,0
2021-04-26,P019,Clothing,Jacket,249,Summer,0
2021-05-03,P019,Clothing,Jacket,209,Summer,0
2021-05-10,P019,Clothing,Jacket,283,Summer,0
2021-05-17,P019,Clothing,Jacket,214,Summer,0
2021-05-24,P019,Clothing,Jacket,135,Summer,0
2021-05-31,P019,Clothing,Jacket,134,Summer,0
2021-06-07,P019,Clothing,Jacket,228,Summer,0
2021-06-14,P019,Clothing,Jacket,249,Summer,0
2021-06-21,P019,Clothing,Jacket,184,Summer,0
2021-06-28,P019,Clothing,Jacket,274,Summer,0
2021-07-05,P019,Clothing,Jacket,261,Monsoon,0
2021-07-12,P019,Clothing,Jacket,215,Monsoon,0
2021-07-19,P019,Clothing,Jacket,225,Monsoon,0
2021-07-26,P019,Clothing,Jacket,237,Monsoon,0
2021-08-02,P019,Clothing,Jacket,268,Monsoon,0
2021-08-09,P019,Clothing,Jacket,230,Monsoon,0
2021-08-16,P019,Clothing,Jacket,214,Monsoon,0
2021-08-23,P019,Clothing,Jacket,230,Monsoon,0
2021-08-30,P019,Clothing,Jacket,225,Monsoon,0
2021-09-06,P019,Clothing,Jacket,237,Monsoon,0
2021-09-13,P019,Clothing,Jacket,159,Monsoon,0
2021-09-20,P019,Clothing,Jacket,218,Monsoon,0
2021-09-27,P019,Clothing,Jacket,223,Monsoon,0
2021-10-04,P019,Clothing,Jacket,206,Autumn,0
2021-10-11,P019,Clothing,Jacket,233,Autumn,0
2021-10-18,P019,Clothing,Jacket,269,Autumn,0
2021-10-25,P019,Clothing,Jacket,213,Autumn,0
2021-11-01,P019,Clothing,Jacket,985,Autumn,1
2021-11-08,P019,Clothing,Jacket,259,Autumn,0
2021-11-15,P019,Clothing,Jacket,214,Autumn,0
2021-11-22,P019,Clothing,Jacket,181,Autumn,0
2021-11-29,P019,Clothing,Jacket,228,Autumn,0
2021-12-06,P019,Clothing,Jacket,349,Winter,0
2021-12-13,P019,Clothing,Jacket,342,Winter,0
2021-12-20,P019,Clothing,Jacket,548,Winter,0
2021-12-27,P019,Clothing,Jacket,338,Winter,0
2022-01-03,P019,Clothing,Jacket,436,Winter,0
2022-01-10,P019,Clothing,Jacket,512,Winter,0
2022-01-17,P019,Clothing,Jacket,484,Winter,0
2022-01-24,P019,Clothing,Jacket,531,Winter,0
2022-01-31,P019,Clothing,Jacket,634,Winter,0
2022-02-07,P019,Clothing,Jacket,562,Winter,0
2022-02-14,P019,Clothing,Jacket,474,Winter,0
2022-02-21,P019,Clothing,Jacket,653,Winter,0
2022-02-28,P019,Clothing,Jacket,426,Winter,0
2022-03-07,P019,Clothing,Jacket,224,Summer,0
2022-03-14,P019,Clothing,Jacket,167,Summer,0
2022-03-21,P019,Clothing,Jacket,225,Summer,0
2022-03-28,P019,Clothing,Jacket,206,Summer,0
2022-04-04,P019,Clothing,Jacket,252,Summer,0
2022-04-11,P019,Clothing,Jacket,240,Summer,0
2022-04-18,P019,Clothing,Jacket,198,Summer,0
2022-04-25,P019,Clothing,Jacket,191,Summer,0
2022-05-02,P019,Clothing,Jacket,207,Summer,0
2022-05-09,P019,Clothing,Jacket,278,Summer,0
2022-05-16,P019,Clothing,Jacket,270,Summer,0
2022-05-23,P019,Clothing,Jacket,185,Summer,0
2022-05-30,P019,Clothing,Jacket,243,Summer,0
2022-06-06,P019,Clothing,Jacket,160,Summer,0
2022-06-13,P019,Clothing,Jacket,202,Summer,0
2022-06-20,P019,Clothing,Jacket,187,Summer,0
2022-06-27,P019,Clothing,Jacket,252,Summer,0
2022-07-04,P019,Clothing,Jacket,175,Monsoon,0
2022-07-11,P019,Clothing,Jacket,231,Monsoon,0
2022-07-18,P019,Clothing,Jacket,217,Monsoon,0
2022-07-25,P019,Clothing,Jacket,211,Monsoon,0
2022-08-01,P019,Clothing,Jacket,271,Monsoon,0
2022-08-08,P019,Clothing,Jacket,274,Monsoon,0
2022-08-15,P019,Clothing,Jacket,212,Monsoon,0
2022-08-22,P019,Clothing,Jacket,206,Monsoon,0
2022-08-29,P019,Clothing,Jacket,168,Monsoon,0
2022-09-05,P019,Clothing,Jacket,217,Monsoon,0
2022-09-12,P019,Clothing,Jacket,281,Monsoon,0
2022-09-19,P019,Clothing,Jacket,213,Monsoon,0
2022-09-26,P019,Clothing,Jacket,241,Monsoon,0
2022-10-03,P019,Clothing,Jacket,171,Autumn,0
2022-10-10,P019,Clothing,Jacket,203,Autumn,0
2022-10-17,P019,Clothing,Jacket,232,Autumn,0
2022-10-24,P019,Clothing,Jacket,1172,Autumn,1
2022-10-31,P019,Clothing,Jacket,244,Autumn,0
2022-11-07,P019,Clothing,Jacket,197,Autumn,0
2022-11-14,P019,Clothing,Jacket,160,Autumn,0
2022-11-21,P019,Clothing,Jacket,253,Autumn,0
2022-11-28,P019,Clothing,Jacket,186,Autumn,0
2022-12-05,P019,Clothing,Jacket,584,Winter,0
2022-12-12,P019,Clothing,Jacket,580,Winter,0
2022-12-19,P019,Clothing,Jacket,407,Winter,0
2022-12-26,P019,Clothing,Jacket,628,Winter,0
2023-01-02,P019,Clothing,Jacket,516,Winter,0
2023-01-09,P019,Clothing,Jacket,568,Winter,0
2023-01-16,P019,Clothing,Jacket,533,Winter,0
2023-01-23,P019,Clothing,Jacket,701,Winter,0
2023-01-30,P019,Clothing,Jacket,678,Winter,0
2023-02-06,P019,Clothing,Jacket,410,Winter,0
2023-02-13,P019,Clothing,Jacket,755,Winter,0
2023-02-20,P019,Clothing,Jacket,506,Winter,0
2023-02-27,P019,Clothing,Jacket,742,Winter,0
2023-03-06,P019,Clothing,Jacket,217,Summer,0
2023-03-13,P019,Clothing,Jacket,214,Summer,0
2023-03-20,P019,Clothing,Jacket,217,Summer,0
2023-03-27,P019,Clothing,Jacket,212,Summer,0
2023-04-03,P019,Clothing,Jacket,311,Summer,0
2023-04-10,P019,Clothing,Jacket,223,Summer,0
2023-04-17,P019,Clothing,Jacket,215,Summer,0
2023-04-24,P019,Clothing,Jacket,228,Summer,0
2023-05-01,P019,Clothing,Jacket,192,Summer,0
2023-05-08,P019,Clothing,Jacket,279,Summer,0
2023-05-15,P019,Clothing,Jacket,175,Summer,0
2023-05-22,P019,Clothing,Jacket,204,Summer,0
2023-05-29,P019,Clothing,Jacket,257,Summer,0
2023-06-05,P019,Clothing,Jacket,227,Summer,0
2023-06-12,P019,Clothing,Jacket,244,Summer,0
2023-06-19,P019,Clothing,Jacket,277,Summer,0
2023-06-26,P019,Clothing,Jacket,259,Summer,0
2023-07-03,P019,Clothing,Jacket,230,Monsoon,0
2023-07-10,P019,Clothing,Jacket,296,Monsoon,0
2023-07-17,P019,Clothing,Jacket,204,Monsoon,0
2023-07-24,P019,Clothing,Jacket,222,Monsoon,0
2023-07-31,P019,Clothing,Jacket,224,Monsoon,0
2023-08-07,P019,Clothing,Jacket,222,Monsoon,0
2023-08-14,P019,Clothing,Jacket,189,Monsoon,0
2023-08-21,P019,Clothing,Jacket,172,Monsoon,0
2023-08-28,P019,Clothing,Jacket,239,Monsoon,0
2023-09-04,P019,Clothing,Jacket,204,Monsoon,0
2023-09-11,P019,Clothing,Jacket,290,Monsoon,0
2023-09-18,P019,Clothing,Jacket,223,Monsoon,0
2023-09-25,P019,Clothing,Jacket,217,Monsoon,0
2023-10-02,P019,Clothing,Jacket,262,Autumn,0
2023-10-09,P019,Clothing,Jacket,239,Autumn,0
2023-10-16,P019,Clothing,Jacket,219,Autumn,0
2023-10-23,P019,Clothing,Jacket,204,Autumn,0
2023-10-30,P019,Clothing,Jacket,349,Autumn,0
2023-11-06,P019,Clothing,Jacket,1170,Autumn,1
2023-11-13,P019,Clothing,Jacket,262,Autumn,0
2023-11-20,P019,Clothing,Jacket,191,Autumn,0
2023-11-27,P019,Clothing,Jacket,206,Autumn,0
2023-12-04,P019,Clothing,Jacket,743,Winter,0
2023-12-11,P019,Clothing,Jacket,682,Winter,0
2023-12-18,P019,Clothing,Jacket,603,Winter,0
2023-12-25,P019,Clothing,Jacket,532,Winter,0
2024-01-01,P019,Clothing,Jacket,564,Winter,0
2024-01-08,P019,Clothing,Jacket,525,Winter,0
2024-01-15,P019,Clothing,Jacket,483,Winter,0
2024-01-22,P019,Clothing,Jacket,666,Winter,0
2024-01-29,P019,Clothing,Jacket,632,Winter,0
2024-02-05,P019,Clothing,Jacket,649,Winter,0
2024-02-12,P019,Clothing,Jacket,555,Winter,0
2024-02-19,P019,Clothing,Jacket,607,Winter,0
2024-02-26,P019,Clothing,Jacket,547,Winter,0
2024-03-04,P019,Clothing,Jacket,208,Summer,0
2024-03-11,P019,Clothing,Jacket,292,Summer,0
2024-03-18,P019,Clothing,Jacket,238,Summer,0
2024-03-25,P019,Clothing,Jacket,251,Summer,0
2024-04-01,P019,Clothing,Jacket,263,Summer,0
2024-04-08,P019,Clothing,Jacket,238,Summer,0
2024-04-15,P019,Clothing,Jacket,242,Summer,0
2024-04-22,P019,Clothing,Jacket,195,Summer,0
2024-04-29,P019,Clothing,Jacket,202,Summer,0
2024-05-06,P019,Clothing,Jacket,200,Summer,0
2024-05-13,P019,Clothing,Jacket,255,Summer,0
2024-05-20,P019,Clothing,Jacket,236,Summer,0
2024-05-27,P019,Clothing,Jacket,202,Summer,0
2024-06-03,P019,Clothing,Jacket,254,Summer,0
2024-06-10,P019,Clothing,Jacket,253,Summer,0
2024-06-17,P019,Clothing,Jacket,209,Summer,0
2024-06-24,P019,Clothing,Jacket,233,Summer,0
2024-07-01,P019,Clothing,Jacket,253,Monsoon,0
2024-07-08,P019,Clothing,Jacket,203,Monsoon,0
2024-07-15,P019,Clothing,Jacket,253,Monsoon,0
2024-07-22,P019,Clothing,Jacket,244,Monsoon,0
2024-07-29,P019,Clothing,Jacket,198,Monsoon,0
2024-08-05,P019,Clothing,Jacket,241,Monsoon,0
2024-08-12,P019,Clothing,Jacket,246,Monsoon,0
2024-08-19,P019,Clothing,Jacket,212,Monsoon,0
2024-08-26,P019,Clothing,Jacket,214,Monsoon,0
2024-09-02,P019,Clothing,Jacket,198,Monsoon,0
2024-09-09,P019,Clothing,Jacket,218,Monsoon,0
2024-09-16,P019,Clothing,Jacket,233,Monsoon,0
2024-09-23,P019,Clothing,Jacket,214,Monsoon,0
2024-09-30,P019,Clothing,Jacket,181,Monsoon,0
2024-10-07,P019,Clothing,Jacket,209,Autumn,0
2024-10-14,P019,Clothing,Jacket,219,Autumn,0
2024-10-21,P019,Clothing,Jacket,262,Autumn,0
2024-10-28,P019,Clothing,Jacket,1192,Autumn,1
2024-11-04,P019,Clothing,Jacket,263,Autumn,0
2024-11-11,P019,Clothing,Jacket,208,Autumn,0
2024-11-18,P019,Clothing,Jacket,239,Autumn,0
2024-11-25,P019,Clothing,Jacket,149,Autumn,0
2024-12-02,P019,Clothing,Jacket,622,Winter,0
2024-12-09,P019,Clothing,Jacket,638,Winter,0
2024-12-16,P019,Clothing,Jacket,554,Winter,0
2024-12-23,P019,Clothing,Jacket,611,Winter,0
2021-01-04,P020,Clothing,Saree,352,Winter,0
2021-01-11,P020,Clothing,Saree,413,Winter,0
2021-01-18,P020,Clothing,Saree,421,Winter,0
2021-01-25,P020,Clothing,Saree,313,Winter,0
2021-02-01,P020,Clothing,Saree,374,Winter,0
2021-02-08,P020,Clothing,Saree,373,Winter,0
2021-02-15,P020,Clothing,Saree,412,Winter,0
2021-02-22,P020,Clothing,Saree,341,Winter,0
2021-03-01,P020,Clothing,Saree,333,Summer,0
2021-03-08,P020,Clothing,Saree,375,Summer,0
2021-03-15,P020,Clothing,Saree,430,Summer,0
2021-03-22,P020,Clothing,Saree,300,Summer,0
2021-03-29,P020,Clothing,Saree,309,Summer,0
2021-04-05,P020,Clothing,Saree,337,Summer,0
2021-04-12,P020,Clothing,Saree,347,Summer,0
2021-04-19,P020,Clothing,Saree,269,Summer,0
2021-04-26,P020,Clothing,Saree,448,Summer,0
2021-05-03,P020,Clothing,Saree,358,Summer,0
2021-05-10,P020,Clothing,Saree,350,Summer,0
2021-05-17,P020,Clothing,Saree,455,Summer,0
2021-05-24,P020,Clothing,Saree,405,Summer,0
2021-05-31,P020,Clothing,Saree,336,Summer,0
2021-06-07,P020,Clothing,Saree,375,Summer,0
2021-06-14,P020,Clothing,Saree,363,Summer,0
2021-06-21,P020,Clothing,Saree,445,Summer,0
2021-06-28,P020,Clothing,Saree,356,Summer,0
2021-07-05,P020,Clothing,Saree,286,Monsoon,0
2021-07-12,P020,Clothing,Saree,262,Monsoon,0
2021-07-19,P020,Clothing,Saree,446,Monsoon,0
2021-07-26,P020,Clothing,Saree,322,Monsoon,0
2021-08-02,P020,Clothing,Saree,402,Monsoon,0
2021-08-09,P020,Clothing,Saree,369,Monsoon,0
2021-08-16,P020,Clothing,Saree,343,Monsoon,0
2021-08-23,P020,Clothing,Saree,351,Monsoon,0
2021-08-30,P020,Clothing,Saree,452,Monsoon,0
2021-09-06,P020,Clothing,Saree,286,Monsoon,0
2021-09-13,P020,Clothing,Saree,344,Monsoon,0
2021-09-20,P020,Clothing,Saree,415,Monsoon,0
2021-09-27,P020,Clothing,Saree,295,Monsoon,0
2021-10-04,P020,Clothing,Saree,438,Autumn,0
2021-10-11,P020,Clothing,Saree,414,Autumn,0
2021-10-18,P020,Clothing,Saree,380,Autumn,0
2021-10-25,P020,Clothing,Saree,338,Autumn,0
2021-11-01,P020,Clothing,Saree,1233,Autumn,1
2021-11-08,P020,Clothing,Saree,404,Autumn,0
2021-11-15,P020,Clothing,Saree,516,Autumn,0
2021-11-22,P020,Clothing,Saree,374,Autumn,0
2021-11-29,P020,Clothing,Saree,265,Autumn,0
2021-12-06,P020,Clothing,Saree,391,Winter,0
2021-12-13,P020,Clothing,Saree,413,Winter,0
2021-12-20,P020,Clothing,Saree,315,Winter,0
2021-12-27,P020,Clothing,Saree,330,Winter,0
2022-01-03,P020,Clothing,Saree,337,Winter,0
2022-01-10,P020,Clothing,Saree,350,Winter,0
2022-01-17,P020,Clothing,Saree,370,Winter,0
2022-01-24,P020,Clothing,Saree,331,Winter,0
2022-01-31,P020,Clothing,Saree,310,Winter,0
2022-02-07,P020,Clothing,Saree,390,Winter,0
2022-02-14,P020,Clothing,Saree,370,Winter,0
2022-02-21,P020,Clothing,Saree,355,Winter,0
2022-02-28,P020,Clothing,Saree,385,Winter,0
2022-03-07,P020,Clothing,Saree,293,Summer,0
2022-03-14,P020,Clothing,Saree,395,Summer,0
2022-03-21,P020,Clothing,Saree,356,Summer,0
2022-03-28,P020,Clothing,Saree,394,Summer,0
2022-04-04,P020,Clothing,Saree,403,Summer,0
2022-04-11,P020,Clothing,Saree,445,Summer,0
2022-04-18,P020,Clothing,Saree,386,Summer,0
2022-04-25,P020,Clothing,Saree,441,Summer,0
2022-05-02,P020,Clothing,Saree,362,Summer,0
2022-05-09,P020,Clothing,Saree,364,Summer,0
2022-05-16,P020,Clothing,Saree,375,Summer,0
2022-05-23,P020,Clothing,Saree,424,Summer,0
2022-05-30,P020,Clothing,Saree,416,Summer,0
2022-06-06,P020,Clothing,Saree,388,Summer,0
2022-06-13,P020,Clothing,Saree,310,Summer,0
2022-06-20,P020,Clothing,Saree,415,Summer,0
2022-06-27,P020,Clothing,Saree,331,Summer,0
2022-07-04,P020,Clothing,Saree,328,Monsoon,0
2022-07-11,P020,Clothing,Saree,315,Monsoon,0
2022-07-18,P020,Clothing,Saree,375,Monsoon,0
2022-07-25,P020,Clothing,Saree,449,Monsoon,0
2022-08-01,P020,Clothing,Saree,325,Monsoon,0
2022-08-08,P020,Clothing,Saree,476,Monsoon,0
2022-08-15,P020,Clothing,Saree,432,Monsoon,0
2022-08-22,P020,Clothing,Saree,297,Monsoon,0
2022-08-29,P020,Clothing,Saree,358,Monsoon,0
2022-09-05,P020,Clothing,Saree,321,Monsoon,0
2022-09-12,P020,Clothing,Saree,418,Monsoon,0
2022-09-19,P020,Clothing,Saree,324,Monsoon,0
2022-09-26,P020,Clothing,Saree,288,Monsoon,0
2022-10-03,P020,Clothing,Saree,362,Autumn,0
2022-10-10,P020,Clothing,Saree,447,Autumn,0
2022-10-17,P020,Clothing,Saree,369,Autumn,0
2022-10-24,P020,Clothing,Saree,2142,Autumn,1
2022-10-31,P020,Clothing,Saree,405,Autumn,0
2022-11-07,P020,Clothing,Saree,294,Autumn,0
2022-11-14,P020,Clothing,Saree,329,Autumn,0
2022-11-21,P020,Clothing,Saree,381,Autumn,0
2022-11-28,P020,Clothing,Saree,348,Autumn,0
2022-12-05,P020,Clothing,Saree,477,Winter,0
2022-12-12,P020,Clothing,Saree,310,Winter,0
2022-12-19,P020,Clothing,Saree,328,Winter,0
2022-12-26,P020,Clothing,Saree,397,Winter,0
2023-01-02,P020,Clothing,Saree,358,Winter,0
2023-01-09,P020,Clothing,Saree,223,Winter,0
2023-01-16,P020,Clothing,Saree,509,Winter,0
2023-01-23,P020,Clothing,Saree,331,Winter,0
2023-01-30,P020,Clothing,Saree,428,Winter,0
2023-02-06,P020,Clothing,Saree,320,Winter,0
2023-02-13,P020,Clothing,Saree,344,Winter,0
2023-02-20,P020,Clothing,Saree,299,Winter,0
2023-02-27,P020,Clothing,Saree,351,Winter,0
2023-03-06,P020,Clothing,Saree,357,Summer,0
2023-03-13,P020,Clothing,Saree,387,Summer,0
2023-03-20,P020,Clothing,Saree,373,Summer,0
2023-03-27,P020,Clothing,Saree,309,Summer,0
2023-04-03,P020,Clothing,Saree,364,Summer,0
2023-04-10,P020,Clothing,Saree,481,Summer,0
2023-04-17,P020,Clothing,Saree,474,Summer,0
2023-04-24,P020,Clothing,Saree,422,Summer,0
2023-05-01,P020,Clothing,Saree,434,Summer,0
2023-05-08,P020,Clothing,Saree,517,Summer,0
2023-05-15,P020,Clothing,Saree,429,Summer,0
2023-05-22,P020,Clothing,Saree,433,Summer,0
2023-05-29,P020,Clothing,Saree,302,Summer,0
2023-06-05,P020,Clothing,Saree,329,Summer,0
2023-06-12,P020,Clothing,Saree,393,Summer,0
2023-06-19,P020,Clothing,Saree,347,Summer,0
2023-06-26,P020,Clothing,Saree,336,Summer,0
2023-07-03,P020,Clothing,Saree,342,Monsoon,0
2023-07-10,P020,Clothing,Saree,310,Monsoon,0
2023-07-17,P020,Clothing,Saree,348,Monsoon,0
2023-07-24,P020,Clothing,Saree,415,Monsoon,0
2023-07-31,P020,Clothing,Saree,501,Monsoon,0
2023-08-07,P020,Clothing,Saree,442,Monsoon,0
2023-08-14,P020,Clothing,Saree,432,Monsoon,0
2023-08-21,P020,Clothing,Saree,299,Monsoon,0
2023-08-28,P020,Clothing,Saree,402,Monsoon,0
2023-09-04,P020,Clothing,Saree,391,Monsoon,0
2023-09-11,P020,Clothing,Saree,412,Monsoon,0
2023-09-18,P020,Clothing,Saree,373,Monsoon,0
2023-09-25,P020,Clothing,Saree,493,Monsoon,0
2023-10-02,P020,Clothing,Saree,398,Autumn,0
2023-10-09,P020,Clothing,Saree,404,Autumn,0
2023-10-16,P020,Clothing,Saree,278,Autumn,0
2023-10-23,P020,Clothing,Saree,388,Autumn,0
2023-10-30,P020,Clothing,Saree,463,Autumn,0
2023-11-06,P020,Clothing,Saree,2105,Autumn,1
2023-11-13,P020,Clothing,Saree,267,Autumn,0
2023-11-20,P020,Clothing,Saree,368,Autumn,0
2023-11-27,P020,Clothing,Saree,497,Autumn,0
2023-12-04,P020,Clothing,Saree,386,Winter,0
2023-12-11,P020,Clothing,Saree,414,Winter,0
2023-12-18,P020,Clothing,Saree,491,Winter,0
2023-12-25,P020,Clothing,Saree,386,Winter,0
2024-01-01,P020,Clothing,Saree,458,Winter,0
2024-01-08,P020,Clothing,Saree,435,Winter,0
2024-01-15,P020,Clothing,Saree,448,Winter,0
2024-01-22,P020,Clothing,Saree,433,Winter,0
2024-01-29,P020,Clothing,Saree,376,Winter,0
2024-02-05,P020,Clothing,Saree,382,Winter,0
2024-02-12,P020,Clothing,Saree,357,Winter,0
2024-02-19,P020,Clothing,Saree,309,Winter,0
2024-02-26,P020,Clothing,Saree,486,Winter,0
2024-03-04,P020,Clothing,Saree,410,Summer,0
2024-03-11,P020,Clothing,Saree,483,Summer,0
2024-03-18,P020,Clothing,Saree,506,Summer,0
2024-03-25,P020,Clothing,Saree,413,Summer,0
2024-04-01,P020,Clothing,Saree,329,Summer,0
2024-04-08,P020,Clothing,Saree,397,Summer,0
2024-04-15,P020,Clothing,Saree,368,Summer,0
2024-04-22,P020,Clothing,Saree,288,Summer,0
2024-04-29,P020,Clothing,Saree,379,Summer,0
2024-05-06,P020,Clothing,Saree,405,Summer,0
2024-05-13,P020,Clothing,Saree,370,Summer,0
2024-05-20,P020,Clothing,Saree,362,Summer,0
2024-05-27,P020,Clothing,Saree,331,Summer,0
2024-06-03,P020,Clothing,Saree,421,Summer,0
2024-06-10,P020,Clothing,Saree,524,Summer,0
2024-06-17,P020,Clothing,Saree,488,Summer,0
2024-06-24,P020,Clothing,Saree,450,Summer,0
2024-07-01,P020,Clothing,Saree,451,Monsoon,0
2024-07-08,P020,Clothing,Saree,401,Monsoon,0
2024-07-15,P020,Clothing,Saree,298,Monsoon,0
2024-07-22,P020,Clothing,Saree,387,Monsoon,0
2024-07-29,P020,Clothing,Saree,350,Monsoon,0
2024-08-05,P020,Clothing,Saree,419,Monsoon,0
2024-08-12,P020,Clothing,Saree,485,Monsoon,0
2024-08-19,P020,Clothing,Saree,531,Monsoon,0
2024-08-26,P020,Clothing,Saree,413,Monsoon,0
2024-09-02,P020,Clothing,Saree,307,Monsoon,0
2024-09-09,P020,Clothing,Saree,413,Monsoon,0
2024-09-16,P020,Clothing,Saree,415,Monsoon,0
2024-09-23,P020,Clothing,Saree,451,Monsoon,0
2024-09-30,P020,Clothing,Saree,408,Monsoon,0
2024-10-07,P020,Clothing,Saree,414,Autumn,0
2024-10-14,P020,Clothing,Saree,371,Autumn,0
2024-10-21,P020,Clothing,Saree,390,Autumn,0
2024-10-28,P020,Clothing,Saree,2065,Autumn,1
2024-11-04,P020,Clothing,Saree,286,Autumn,0
2024-11-11,P020,Clothing,Saree,390,Autumn,0
2024-11-18,P020,Clothing,Saree,452,Autumn,0
2024-11-25,P020,Clothing,Saree,510,Autumn,0
2024-12-02,P020,Clothing,Saree,385,Winter,0
2024-12-09,P020,Clothing,Saree,482,Winter,0
2024-12-16,P020,Clothing,Saree,513,Winter,0
2024-12-23,P020,Clothing,Saree,386,Winter,0
2021-01-04,P021,Clothing,Kurta,324,Winter,0
2021-01-11,P021,Clothing,Kurta,440,Winter,0
2021-01-18,P021,Clothing,Kurta,398,Winter,0
2021-01-25,P021,Clothing,Kurta,419,Winter,0
2021-02-01,P021,Clothing,Kurta,425,Winter,0
2021-02-08,P021,Clothing,Kurta,464,Winter,0
2021-02-15,P021,Clothing,Kurta,491,Winter,0
2021-02-22,P021,Clothing,Kurta,445,Winter,0
2021-03-01,P021,Clothing,Kurta,415,Summer,0
2021-03-08,P021,Clothing,Kurta,437,Summer,0
2021-03-15,P021,Clothing,Kurta,413,Summer,0
2021-03-22,P021,Clothing,Kurta,328,Summer,0
2021-03-29,P021,Clothing,Kurta,507,Summer,0
2021-04-05,P021,Clothing,Kurta,495,Summer,0
2021-04-12,P021,Clothing,Kurta,566,Summer,0
2021-04-19,P021,Clothing,Kurta,585,Summer,0
2021-04-26,P021,Clothing,Kurta,359,Summer,0
2021-05-03,P021,Clothing,Kurta,414,Summer,0
2021-05-10,P021,Clothing,Kurta,600,Summer,0
2021-05-17,P021,Clothing,Kurta,433,Summer,0
2021-05-24,P021,Clothing,Kurta,451,Summer,0
2021-05-31,P021,Clothing,Kurta,336,Summer,0
2021-06-07,P021,Clothing,Kurta,445,Summer,0
2021-06-14,P021,Clothing,Kurta,562,Summer,0
2021-06-21,P021,Clothing,Kurta,520,Summer,0
2021-06-28,P021,Clothing,Kurta,396,Summer,0
2021-07-05,P021,Clothing,Kurta,410,Monsoon,0
2021-07-12,P021,Clothing,Kurta,362,Monsoon,0
2021-07-19,P021,Clothing,Kurta,380,Monsoon,0
2021-07-26,P021,Clothing,Kurta,311,Monsoon,0
2021-08-02,P021,Clothing,Kurta,430,Monsoon,0
2021-08-09,P021,Clothing,Kurta,534,Monsoon,0
2021-08-16,P021,Clothing,Kurta,459,Monsoon,0
2021-08-23,P021,Clothing,Kurta,525,Monsoon,0
2021-08-30,P021,Clothing,Kurta,506,Monsoon,0
2021-09-06,P021,Clothing,Kurta,400,Monsoon,0
2021-09-13,P021,Clothing,Kurta,386,Monsoon,0
2021-09-20,P021,Clothing,Kurta,388,Monsoon,0
2021-09-27,P021,Clothing,Kurta,323,Monsoon,0
2021-10-04,P021,Clothing,Kurta,438,Autumn,0
2021-10-11,P021,Clothing,Kurta,246,Autumn,0
2021-10-18,P021,Clothing,Kurta,474,Autumn,0
2021-10-25,P021,Clothing,Kurta,440,Autumn,0
2021-11-01,P021,Clothing,Kurta,1995,Autumn,1
2021-11-08,P021,Clothing,Kurta,505,Autumn,0
2021-11-15,P021,Clothing,Kurta,449,Autumn,0
2021-11-22,P021,Clothing,Kurta,542,Autumn,0
2021-11-29,P021,Clothing,Kurta,476,Autumn,0
2021-12-06,P021,Clothing,Kurta,386,Winter,0
2021-12-13,P021,Clothing,Kurta,420,Winter,0
2021-12-20,P021,Clothing,Kurta,288,Winter,0
2021-12-27,P021,Clothing,Kurta,376,Winter,0
2022-01-03,P021,Clothing,Kurta,427,Winter,0
2022-01-10,P021,Clothing,Kurta,490,Winter,0
2022-01-17,P021,Clothing,Kurta,402,Winter,0
2022-01-24,P021,Clothing,Kurta,368,Winter,0
2022-01-31,P021,Clothing,Kurta,325,Winter,0
2022-02-07,P021,Clothing,Kurta,412,Winter,0
2022-02-14,P021,Clothing,Kurta,586,Winter,0
2022-02-21,P021,Clothing,Kurta,471,Winter,0
2022-02-28,P021,Clothing,Kurta,517,Winter,0
2022-03-07,P021,Clothing,Kurta,392,Summer,0
2022-03-14,P021,Clothing,Kurta,346,Summer,0
2022-03-21,P021,Clothing,Kurta,370,Summer,0
2022-03-28,P021,Clothing,Kurta,446,Summer,0
2022-04-04,P021,Clothing,Kurta,317,Summer,0
2022-04-11,P021,Clothing,Kurta,384,Summer,0
2022-04-18,P021,Clothing,Kurta,413,Summer,0
2022-04-25,P021,Clothing,Kurta,363,Summer,0
2022-05-02,P021,Clothing,Kurta,308,Summer,0
2022-05-09,P021,Clothing,Kurta,473,Summer,0
2022-05-16,P021,Clothing,Kurta,456,Summer,0
2022-05-23,P021,Clothing,Kurta,506,Summer,0
2022-05-30,P021,Clothing,Kurta,377,Summer,0
2022-06-06,P021,Clothing,Kurta,505,Summer,0
2022-06-13,P021,Clothing,Kurta,557,Summer,0
2022-06-20,P021,Clothing,Kurta,471,Summer,0
2022-06-27,P021,Clothing,Kurta,411,Summer,0
2022-07-04,P021,Clothing,Kurta,463,Monsoon,0
2022-07-11,P021,Clothing,Kurta,408,Monsoon,0
2022-07-18,P021,Clothing,Kurta,397,Monsoon,0
2022-07-25,P021,Clothing,Kurta,499,Monsoon,0
2022-08-01,P021,Clothing,Kurta,443,Monsoon,0
2022-08-08,P021,Clothing,Kurta,535,Monsoon,0
2022-08-15,P021,Clothing,Kurta,423,Monsoon,0
2022-08-22,P021,Clothing,Kurta,430,Monsoon,0
2022-08-29,P021,Clothing,Kurta,414,Monsoon,0
2022-09-05,P021,Clothing,Kurta,377,Monsoon,0
2022-09-12,P021,Clothing,Kurta,508,Monsoon,0
2022-09-19,P021,Clothing,Kurta,602,Monsoon,0
2022-09-26,P021,Clothing,Kurta,427,Monsoon,0
2022-10-03,P021,Clothing,Kurta,407,Autumn,0
2022-10-10,P021,Clothing,Kurta,402,Autumn,0
2022-10-17,P021,Clothing,Kurta,407,Autumn,0
2022-10-24,P021,Clothing,Kurta,3004,Autumn,1
2022-10-31,P021,Clothing,Kurta,404,Autumn,0
2022-11-07,P021,Clothing,Kurta,413,Autumn,0
2022-11-14,P021,Clothing,Kurta,369,Autumn,0
2022-11-21,P021,Clothing,Kurta,473,Autumn,0
2022-11-28,P021,Clothing,Kurta,448,Autumn,0
2022-12-05,P021,Clothing,Kurta,376,Winter,0
2022-12-12,P021,Clothing,Kurta,392,Winter,0
2022-12-19,P021,Clothing,Kurta,557,Winter,0
2022-12-26,P021,Clothing,Kurta,455,Winter,0
2023-01-02,P021,Clothing,Kurta,478,Winter,0
2023-01-09,P021,Clothing,Kurta,478,Winter,0
2023-01-16,P021,Clothing,Kurta,569,Winter,0
2023-01-23,P021,Clothing,Kurta,397,Winter,0
2023-01-30,P021,Clothing,Kurta,442,Winter,0
2023-02-06,P021,Clothing,Kurta,458,Winter,0
2023-02-13,P021,Clothing,Kurta,349,Winter,0
2023-02-20,P021,Clothing,Kurta,406,Winter,0
2023-02-27,P021,Clothing,Kurta,544,Winter,0
2023-03-06,P021,Clothing,Kurta,524,Summer,0
2023-03-13,P021,Clothing,Kurta,537,Summer,0
2023-03-20,P021,Clothing,Kurta,429,Summer,0
2023-03-27,P021,Clothing,Kurta,437,Summer,0
2023-04-03,P021,Clothing,Kurta,344,Summer,0
2023-04-10,P021,Clothing,Kurta,536,Summer,0
2023-04-17,P021,Clothing,Kurta,548,Summer,0
2023-04-24,P021,Clothing,Kurta,547,Summer,0
2023-05-01,P021,Clothing,Kurta,584,Summer,0
2023-05-08,P021,Clothing,Kurta,500,Summer,0
2023-05-15,P021,Clothing,Kurta,580,Summer,0
2023-05-22,P021,Clothing,Kurta,456,Summer,0
2023-05-29,P021,Clothing,Kurta,346,Summer,0
2023-06-05,P021,Clothing,Kurta,531,Summer,0
2023-06-12,P021,Clothing,Kurta,343,Summer,0
2023-06-19,P021,Clothing,Kurta,482,Summer,0
2023-06-26,P021,Clothing,Kurta,538,Summer,0
2023-07-03,P021,Clothing,Kurta,493,Monsoon,0
2023-07-10,P021,Clothing,Kurta,631,Monsoon,0
2023-07-17,P021,Clothing,Kurta,332,Monsoon,0
2023-07-24,P021,Clothing,Kurta,465,Monsoon,0
2023-07-31,P021,Clothing,Kurta,472,Monsoon,0
2023-08-07,P021,Clothing,Kurta,375,Monsoon,0
2023-08-14,P021,Clothing,Kurta,389,Monsoon,0
2023-08-21,P021,Clothing,Kurta,411,Monsoon,0
2023-08-28,P021,Clothing,Kurta,393,Monsoon,0
2023-09-04,P021,Clothing,Kurta,463,Monsoon,0
2023-09-11,P021,Clothing,Kurta,428,Monsoon,0
2023-09-18,P021,Clothing,Kurta,493,Monsoon,0
2023-09-25,P021,Clothing,Kurta,516,Monsoon,0
2023-10-02,P021,Clothing,Kurta,511,Autumn,0
2023-10-09,P021,Clothing,Kurta,441,Autumn,0
2023-10-16,P021,Clothing,Kurta,490,Autumn,0
2023-10-23,P021,Clothing,Kurta,543,Autumn,0
2023-10-30,P021,Clothing,Kurta,502,Autumn,0
2023-11-06,P021,Clothing,Kurta,2961,Autumn,1
2023-11-13,P021,Clothing,Kurta,540,Autumn,0
2023-11-20,P021,Clothing,Kurta,592,Autumn,0
2023-11-27,P021,Clothing,Kurta,294,Autumn,0
2023-12-04,P021,Clothing,Kurta,477,Winter,0
2023-12-11,P021,Clothing,Kurta,447,Winter,0
2023-12-18,P021,Clothing,Kurta,462,Winter,0
2023-12-25,P021,Clothing,Kurta,414,Winter,0
2024-01-01,P021,Clothing,Kurta,517,Winter,0
2024-01-08,P021,Clothing,Kurta,355,Winter,0
2024-01-15,P021,Clothing,Kurta,517,Winter,0
2024-01-22,P021,Clothing,Kurta,431,Winter,0
2024-01-29,P021,Clothing,Kurta,451,Winter,0
2024-02-05,P021,Clothing,Kurta,520,Winter,0
2024-02-12,P021,Clothing,Kurta,494,Winter,0
2024-02-19,P021,Clothing,Kurta,565,Winter,0
2024-02-26,P021,Clothing,Kurta,417,Winter,0
2024-03-04,P021,Clothing,Kurta,482,Summer,0
2024-03-11,P021,Clothing,Kurta,553,Summer,0
2024-03-18,P021,Clothing,Kurta,514,Summer,0
2024-03-25,P021,Clothing,Kurta,519,Summer,0
2024-04-01,P021,Clothing,Kurta,569,Summer,0
2024-04-08,P021,Clothing,Kurta,458,Summer,0
2024-04-15,P021,Clothing,Kurta,443,Summer,0
2024-04-22,P021,Clothing,Kurta,530,Summer,0
2024-04-29,P021,Clothing,Kurta,477,Summer,0
2024-05-06,P021,Clothing,Kurta,570,Summer,0
2024-05-13,P021,Clothing,Kurta,515,Summer,0
2024-05-20,P021,Clothing,Kurta,442,Summer,0
2024-05-27,P021,Clothing,Kurta,513,Summer,0
2024-06-03,P021,Clothing,Kurta,422,Summer,0
2024-06-10,P021,Clothing,Kurta,557,Summer,0
2024-06-17,P021,Clothing,Kurta,385,Summer,0
2024-06-24,P021,Clothing,Kurta,577,Summer,0
2024-07-01,P021,Clothing,Kurta,511,Monsoon,0
2024-07-08,P021,Clothing,Kurta,476,Monsoon,0
2024-07-15,P021,Clothing,Kurta,544,Monsoon,0
2024-07-22,P021,Clothing,Kurta,525,Monsoon,0
2024-07-29,P021,Clothing,Kurta,585,Monsoon,0
2024-08-05,P021,Clothing,Kurta,585,Monsoon,0
2024-08-12,P021,Clothing,Kurta,514,Monsoon,0
2024-08-19,P021,Clothing,Kurta,424,Monsoon,0
2024-08-26,P021,Clothing,Kurta,448,Monsoon,0
2024-09-02,P021,Clothing,Kurta,483,Monsoon,0
2024-09-09,P021,Clothing,Kurta,567,Monsoon,0
2024-09-16,P021,Clothing,Kurta,454,Monsoon,0
2024-09-23,P021,Clothing,Kurta,461,Monsoon,0
2024-09-30,P021,Clothing,Kurta,623,Monsoon,0
2024-10-07,P021,Clothing,Kurta,480,Autumn,0
2024-10-14,P021,Clothing,Kurta,441,Autumn,0
2024-10-21,P021,Clothing,Kurta,545,Autumn,0
2024-10-28,P021,Clothing,Kurta,2264,Autumn,1
2024-11-04,P021,Clothing,Kurta,386,Autumn,0
2024-11-11,P021,Clothing,Kurta,564,Autumn,0
2024-11-18,P021,Clothing,Kurta,433,Autumn,0
2024-11-25,P021,Clothing,Kurta,491,Autumn,0
2024-12-02,P021,Clothing,Kurta,483,Winter,0
2024-12-09,P021,Clothing,Kurta,505,Winter,0
2024-12-16,P021,Clothing,Kurta,327,Winter,0
2024-12-23,P021,Clothing,Kurta,463,Winter,0
2021-01-04,P022,Clothing,Footwear,436,Winter,0
2021-01-11,P022,Clothing,Footwear,448,Winter,0
2021-01-18,P022,Clothing,Footwear,368,Winter,0
2021-01-25,P022,Clothing,Footwear,379,Winter,0
2021-02-01,P022,Clothing,Footwear,462,Winter,0
2021-02-08,P022,Clothing,Footwear,317,Winter,0
2021-02-15,P022,Clothing,Footwear,412,Winter,0
2021-02-22,P022,Clothing,Footwear,346,Winter,0
2021-03-01,P022,Clothing,Footwear,452,Summer,0
2021-03-08,P022,Clothing,Footwear,386,Summer,0
2021-03-15,P022,Clothing,Footwear,388,Summer,0
2021-03-22,P022,Clothing,Footwear,488,Summer,0
2021-03-29,P022,Clothing,Footwear,325,Summer,0
2021-04-05,P022,Clothing,Footwear,400,Summer,0
2021-04-12,P022,Clothing,Footwear,377,Summer,0
2021-04-19,P022,Clothing,Footwear,418,Summer,0
2021-04-26,P022,Clothing,Footwear,500,Summer,0
2021-05-03,P022,Clothing,Footwear,352,Summer,0
2021-05-10,P022,Clothing,Footwear,318,Summer,0
2021-05-17,P022,Clothing,Footwear,340,Summer,0
2021-05-24,P022,Clothing,Footwear,374,Summer,0
2021-05-31,P022,Clothing,Footwear,391,Summer,0
2021-06-07,P022,Clothing,Footwear,394,Summer,0
2021-06-14,P022,Clothing,Footwear,492,Summer,0
2021-06-21,P022,Clothing,Footwear,482,Summer,0
2021-06-28,P022,Clothing,Footwear,463,Summer,0
2021-07-05,P022,Clothing,Footwear,534,Monsoon,0
2021-07-12,P022,Clothing,Footwear,435,Monsoon,0
2021-07-19,P022,Clothing,Footwear,452,Monsoon,0
2021-07-26,P022,Clothing,Footwear,434,Monsoon,0
2021-08-02,P022,Clothing,Footwear,425,Monsoon,0
2021-08-09,P022,Clothing,Footwear,410,Monsoon,0
2021-08-16,P022,Clothing,Footwear,364,Monsoon,0
2021-08-23,P022,Clothing,Footwear,315,Monsoon,0
2021-08-30,P022,Clothing,Footwear,380,Monsoon,0
2021-09-06,P022,Clothing,Footwear,420,Monsoon,0
2021-09-13,P022,Clothing,Footwear,392,Monsoon,0
2021-09-20,P022,Clothing,Footwear,325,Monsoon,0
2021-09-27,P022,Clothing,Footwear,378,Monsoon,0
2021-10-04,P022,Clothing,Footwear,375,Autumn,0
2021-10-11,P022,Clothing,Footwear,384,Autumn,0
2021-10-18,P022,Clothing,Footwear,416,Autumn,0
2021-10-25,P022,Clothing,Footwear,429,Autumn,0
2021-11-01,P022,Clothing,Footwear,1533,Autumn,1
2021-11-08,P022,Clothing,Footwear,445,Autumn,0
2021-11-15,P022,Clothing,Footwear,453,Autumn,0
2021-11-22,P022,Clothing,Footwear,406,Autumn,0
2021-11-29,P022,Clothing,Footwear,426,Autumn,0
2021-12-06,P022,Clothing,Footwear,445,Winter,0
2021-12-13,P022,Clothing,Footwear,324,Winter,0
2021-12-20,P022,Clothing,Footwear,449,Winter,0
2021-12-27,P022,Clothing,Footwear,342,Winter,0
2022-01-03,P022,Clothing,Footwear,361,Winter,0
2022-01-10,P022,Clothing,Footwear,415,Winter,0
2022-01-17,P022,Clothing,Footwear,273,Winter,0
2022-01-24,P022,Clothing,Footwear,414,Winter,0
2022-01-31,P022,Clothing,Footwear,462,Winter,0
2022-02-07,P022,Clothing,Footwear,303,Winter,0
2022-02-14,P022,Clothing,Footwear,469,Winter,0
2022-02-21,P022,Clothing,Footwear,361,Winter,0
2022-02-28,P022,Clothing,Footwear,416,Winter,0
2022-03-07,P022,Clothing,Footwear,370,Summer,0
2022-03-14,P022,Clothing,Footwear,438,Summer,0
2022-03-21,P022,Clothing,Footwear,465,Summer,0
2022-03-28,P022,Clothing,Footwear,442,Summer,0
2022-04-04,P022,Clothing,Footwear,403,Summer,0
2022-04-11,P022,Clothing,Footwear,374,Summer,0
2022-04-18,P022,Clothing,Footwear,399,Summer,0
2022-04-25,P022,Clothing,Footwear,443,Summer,0
2022-05-02,P022,Clothing,Footwear,445,Summer,0
2022-05-09,P022,Clothing,Footwear,436,Summer,0
2022-05-16,P022,Clothing,Footwear,325,Summer,0
2022-05-23,P022,Clothing,Footwear,402,Summer,0
2022-05-30,P022,Clothing,Footwear,365,Summer,0
2022-06-06,P022,Clothing,Footwear,443,Summer,0
2022-06-13,P022,Clothing,Footwear,357,Summer,0
2022-06-20,P022,Clothing,Footwear,430,Summer,0
2022-06-27,P022,Clothing,Footwear,386,Summer,0
2022-07-04,P022,Clothing,Footwear,289,Monsoon,0
2022-07-11,P022,Clothing,Footwear,459,Monsoon,0
2022-07-18,P022,Clothing,Footwear,401,Monsoon,0
2022-07-25,P022,Clothing,Footwear,480,Monsoon,0
2022-08-01,P022,Clothing,Footwear,302,Monsoon,0
2022-08-08,P022,Clothing,Footwear,385,Monsoon,0
2022-08-15,P022,Clothing,Footwear,390,Monsoon,0
2022-08-22,P022,Clothing,Footwear,419,Monsoon,0
2022-08-29,P022,Clothing,Footwear,323,Monsoon,0
2022-09-05,P022,Clothing,Footwear,436,Monsoon,0
2022-09-12,P022,Clothing,Footwear,519,Monsoon,0
2022-09-19,P022,Clothing,Footwear,432,Monsoon,0
2022-09-26,P022,Clothing,Footwear,409,Monsoon,0
2022-10-03,P022,Clothing,Footwear,320,Autumn,0
2022-10-10,P022,Clothing,Footwear,356,Autumn,0
2022-10-17,P022,Clothing,Footwear,400,Autumn,0
2022-10-24,P022,Clothing,Footwear,1972,Autumn,1
2022-10-31,P022,Clothing,Footwear,465,Autumn,0
2022-11-07,P022,Clothing,Footwear,435,Autumn,0
2022-11-14,P022,Clothing,Footwear,566,Autumn,0
2022-11-21,P022,Clothing,Footwear,344,Autumn,0
2022-11-28,P022,Clothing,Footwear,405,Autumn,0
2022-12-05,P022,Clothing,Footwear,319,Winter,0
2022-12-12,P022,Clothing,Footwear,269,Winter,0
2022-12-19,P022,Clothing,Footwear,447,Winter,0
2022-12-26,P022,Clothing,Footwear,433,Winter,0
2023-01-02,P022,Clothing,Footwear,365,Winter,0
2023-01-09,P022,Clothing,Footwear,424,Winter,0
2023-01-16,P022,Clothing,Footwear,379,Winter,0
2023-01-23,P022,Clothing,Footwear,387,Winter,0
2023-01-30,P022,Clothing,Footwear,398,Winter,0
2023-02-06,P022,Clothing,Footwear,362,Winter,0
2023-02-13,P022,Clothing,Footwear,373,Winter,0
2023-02-20,P022,Clothing,Footwear,375,Winter,0
2023-02-27,P022,Clothing,Footwear,445,Winter,0
2023-03-06,P022,Clothing,Footwear,244,Summer,0
2023-03-13,P022,Clothing,Footwear,404,Summer,0
2023-03-20,P022,Clothing,Footwear,350,Summer,0
2023-03-27,P022,Clothing,Footwear,352,Summer,0
2023-04-03,P022,Clothing,Footwear,385,Summer,0
2023-04-10,P022,Clothing,Footwear,418,Summer,0
2023-04-17,P022,Clothing,Footwear,405,Summer,0
2023-04-24,P022,Clothing,Footwear,352,Summer,0
2023-05-01,P022,Clothing,Footwear,464,Summer,0
2023-05-08,P022,Clothing,Footwear,362,Summer,0
2023-05-15,P022,Clothing,Footwear,372,Summer,0
2023-05-22,P022,Clothing,Footwear,436,Summer,0
2023-05-29,P022,Clothing,Footwear,439,Summer,0
2023-06-05,P022,Clothing,Footwear,380,Summer,0
2023-06-12,P022,Clothing,Footwear,234,Summer,0
2023-06-19,P022,Clothing,Footwear,363,Summer,0
2023-06-26,P022,Clothing,Footwear,429,Summer,0
2023-07-03,P022,Clothing,Footwear,462,Monsoon,0
2023-07-10,P022,Clothing,Footwear,414,Monsoon,0
2023-07-17,P022,Clothing,Footwear,388,Monsoon,0
2023-07-24,P022,Clothing,Footwear,563,Monsoon,0
2023-07-31,P022,Clothing,Footwear,395,Monsoon,0
2023-08-07,P022,Clothing,Footwear,457,Monsoon,0
2023-08-14,P022,Clothing,Footwear,335,Monsoon,0
2023-08-21,P022,Clothing,Footwear,350,Monsoon,0
2023-08-28,P022,Clothing,Footwear,459,Monsoon,0
2023-09-04,P022,Clothing,Footwear,484,Monsoon,0
2023-09-11,P022,Clothing,Footwear,394,Monsoon,0
2023-09-18,P022,Clothing,Footwear,302,Monsoon,0
2023-09-25,P022,Clothing,Footwear,408,Monsoon,0
2023-10-02,P022,Clothing,Footwear,430,Autumn,0
2023-10-09,P022,Clothing,Footwear,425,Autumn,0
2023-10-16,P022,Clothing,Footwear,383,Autumn,0
2023-10-23,P022,Clothing,Footwear,409,Autumn,0
2023-10-30,P022,Clothing,Footwear,371,Autumn,0
2023-11-06,P022,Clothing,Footwear,1716,Autumn,1
2023-11-13,P022,Clothing,Footwear,466,Autumn,0
2023-11-20,P022,Clothing,Footwear,425,Autumn,0
2023-11-27,P022,Clothing,Footwear,409,Autumn,0
2023-12-04,P022,Clothing,Footwear,387,Winter,0
2023-12-11,P022,Clothing,Footwear,407,Winter,0
2023-12-18,P022,Clothing,Footwear,429,Winter,0
2023-12-25,P022,Clothing,Footwear,527,Winter,0
2024-01-01,P022,Clothing,Footwear,477,Winter,0
2024-01-08,P022,Clothing,Footwear,391,Winter,0
2024-01-15,P022,Clothing,Footwear,391,Winter,0
2024-01-22,P022,Clothing,Footwear,381,Winter,0
2024-01-29,P022,Clothing,Footwear,421,Winter,0
2024-02-05,P022,Clothing,Footwear,381,Winter,0
2024-02-12,P022,Clothing,Footwear,465,Winter,0
2024-02-19,P022,Clothing,Footwear,262,Winter,0
2024-02-26,P022,Clothing,Footwear,469,Winter,0
2024-03-04,P022,Clothing,Footwear,452,Summer,0
2024-03-11,P022,Clothing,Footwear,516,Summer,0
2024-03-18,P022,Clothing,Footwear,491,Summer,0
2024-03-25,P022,Clothing,Footwear,389,Summer,0
2024-04-01,P022,Clothing,Footwear,484,Summer,0
2024-04-08,P022,Clothing,Footwear,423,Summer,0
2024-04-15,P022,Clothing,Footwear,308,Summer,0
2024-04-22,P022,Clothing,Footwear,444,Summer,0
2024-04-29,P022,Clothing,Footwear,393,Summer,0
2024-05-06,P022,Clothing,Footwear,434,Summer,0
2024-05-13,P022,Clothing,Footwear,542,Summer,0
2024-05-20,P022,Clothing,Footwear,449,Summer,0
2024-05-27,P022,Clothing,Footwear,368,Summer,0
2024-06-03,P022,Clothing,Footwear,497,Summer,0
2024-06-10,P022,Clothing,Footwear,458,Summer,0
2024-06-17,P022,Clothing,Footwear,360,Summer,0
2024-06-24,P022,Clothing,Footwear,329,Summer,0
2024-07-01,P022,Clothing,Footwear,370,Monsoon,0
2024-07-08,P022,Clothing,Footwear,489,Monsoon,0
2024-07-15,P022,Clothing,Footwear,414,Monsoon,0
2024-07-22,P022,Clothing,Footwear,439,Monsoon,0
2024-07-29,P022,Clothing,Footwear,347,Monsoon,0
2024-08-05,P022,Clothing,Footwear,490,Monsoon,0
2024-08-12,P022,Clothing,Footwear,303,Monsoon,0
2024-08-19,P022,Clothing,Footwear,391,Monsoon,0
2024-08-26,P022,Clothing,Footwear,461,Monsoon,0
2024-09-02,P022,Clothing,Footwear,361,Monsoon,0
2024-09-09,P022,Clothing,Footwear,474,Monsoon,0
2024-09-16,P022,Clothing,Footwear,377,Monsoon,0
2024-09-23,P022,Clothing,Footwear,354,Monsoon,0
2024-09-30,P022,Clothing,Footwear,518,Monsoon,0
2024-10-07,P022,Clothing,Footwear,444,Autumn,0
2024-10-14,P022,Clothing,Footwear,468,Autumn,0
2024-10-21,P022,Clothing,Footwear,500,Autumn,0
2024-10-28,P022,Clothing,Footwear,1234,Autumn,1
2024-11-04,P022,Clothing,Footwear,475,Autumn,0
2024-11-11,P022,Clothing,Footwear,384,Autumn,0
2024-11-18,P022,Clothing,Footwear,393,Autumn,0
2024-11-25,P022,Clothing,Footwear,463,Autumn,0
2024-12-02,P022,Clothing,Footwear,410,Winter,0
2024-12-09,P022,Clothing,Footwear,473,Winter,0
2024-12-16,P022,Clothing,Footwear,431,Winter,0
2024-12-23,P022,Clothing,Footwear,445,Winter,0
2021-01-04,P023,Clothing,Kids Dress,185,Winter,0
2021-01-11,P023,Clothing,Kids Dress,148,Winter,0
2021-01-18,P023,Clothing,Kids Dress,215,Winter,0
2021-01-25,P023,Clothing,Kids Dress,188,Winter,0
2021-02-01,P023,Clothing,Kids Dress,258,Winter,0
2021-02-08,P023,Clothing,Kids Dress,230,Winter,0
2021-02-15,P023,Clothing,Kids Dress,212,Winter,0
2021-02-22,P023,Clothing,Kids Dress,196,Winter,0
2021-03-01,P023,Clothing,Kids Dress,214,Summer,0
2021-03-08,P023,Clothing,Kids Dress,202,Summer,0
2021-03-15,P023,Clothing,Kids Dress,213,Summer,0
2021-03-22,P023,Clothing,Kids Dress,271,Summer,0
2021-03-29,P023,Clothing,Kids Dress,177,Summer,0
2021-04-05,P023,Clothing,Kids Dress,205,Summer,0
2021-04-12,P023,Clothing,Kids Dress,233,Summer,0
2021-04-19,P023,Clothing,Kids Dress,198,Summer,0
2021-04-26,P023,Clothing,Kids Dress,261,Summer,0
2021-05-03,P023,Clothing,Kids Dress,232,Summer,0
2021-05-10,P023,Clothing,Kids Dress,188,Summer,0
2021-05-17,P023,Clothing,Kids Dress,217,Summer,0
2021-05-24,P023,Clothing,Kids Dress,188,Summer,0
2021-05-31,P023,Clothing,Kids Dress,185,Summer,0
2021-06-07,P023,Clothing,Kids Dress,206,Summer,0
2021-06-14,P023,Clothing,Kids Dress,250,Summer,0
2021-06-21,P023,Clothing,Kids Dress,234,Summer,0
2021-06-28,P023,Clothing,Kids Dress,210,Summer,0
2021-07-05,P023,Clothing,Kids Dress,235,Monsoon,0
2021-07-12,P023,Clothing,Kids Dress,219,Monsoon,0
2021-07-19,P023,Clothing,Kids Dress,173,Monsoon,0
2021-07-26,P023,Clothing,Kids Dress,206,Monsoon,0
2021-08-02,P023,Clothing,Kids Dress,208,Monsoon,0
2021-08-09,P023,Clothing,Kids Dress,235,Monsoon,0
2021-08-16,P023,Clothing,Kids Dress,193,Monsoon,0
2021-08-23,P023,Clothing,Kids Dress,182,Monsoon,0
2021-08-30,P023,Clothing,Kids Dress,209,Monsoon,0
2021-09-06,P023,Clothing,Kids Dress,190,Monsoon,0
2021-09-13,P023,Clothing,Kids Dress,200,Monsoon,0
2021-09-20,P023,Clothing,Kids Dress,208,Monsoon,0
2021-09-27,P023,Clothing,Kids Dress,198,Monsoon,0
2021-10-04,P023,Clothing,Kids Dress,241,Autumn,0
2021-10-11,P023,Clothing,Kids Dress,255,Autumn,0
2021-10-18,P023,Clothing,Kids Dress,238,Autumn,0
2021-10-25,P023,Clothing,Kids Dress,154,Autumn,0
2021-11-01,P023,Clothing,Kids Dress,815,Autumn,1
2021-11-08,P023,Clothing,Kids Dress,205,Autumn,0
2021-11-15,P023,Clothing,Kids Dress,152,Autumn,0
2021-11-22,P023,Clothing,Kids Dress,183,Autumn,0
2021-11-29,P023,Clothing,Kids Dress,204,Autumn,0
2021-12-06,P023,Clothing,Kids Dress,196,Winter,0
2021-12-13,P023,Clothing,Kids Dress,211,Winter,0
2021-12-20,P023,Clothing,Kids Dress,167,Winter,0
2021-12-27,P023,Clothing,Kids Dress,196,Winter,0
2022-01-03,P023,Clothing,Kids Dress,224,Winter,0
2022-01-10,P023,Clothing,Kids Dress,219,Winter,0
2022-01-17,P023,Clothing,Kids Dress,234,Winter,0
2022-01-24,P023,Clothing,Kids Dress,232,Winter,0
2022-01-31,P023,Clothing,Kids Dress,206,Winter,0
2022-02-07,P023,Clothing,Kids Dress,223,Winter,0
2022-02-14,P023,Clothing,Kids Dress,193,Winter,0
2022-02-21,P023,Clothing,Kids Dress,210,Winter,0
2022-02-28,P023,Clothing,Kids Dress,184,Winter,0
2022-03-07,P023,Clothing,Kids Dress,254,Summer,0
2022-03-14,P023,Clothing,Kids Dress,210,Summer,0
2022-03-21,P023,Clothing,Kids Dress,254,Summer,0
2022-03-28,P023,Clothing,Kids Dress,229,Summer,0
2022-04-04,P023,Clothing,Kids Dress,190,Summer,0
2022-04-11,P023,Clothing,Kids Dress,227,Summer,0
2022-04-18,P023,Clothing,Kids Dress,246,Summer,0
2022-04-25,P023,Clothing,Kids Dress,216,Summer,0
2022-05-02,P023,Clothing,Kids Dress,221,Summer,0
2022-05-09,P023,Clothing,Kids Dress,201,Summer,0
2022-05-16,P023,Clothing,Kids Dress,220,Summer,0
2022-05-23,P023,Clothing,Kids Dress,227,Summer,0
2022-05-30,P023,Clothing,Kids Dress,200,Summer,0
2022-06-06,P023,Clothing,Kids Dress,183,Summer,0
2022-06-13,P023,Clothing,Kids Dress,261,Summer,0
2022-06-20,P023,Clothing,Kids Dress,239,Summer,0
2022-06-27,P023,Clothing,Kids Dress,201,Summer,0
2022-07-04,P023,Clothing,Kids Dress,226,Monsoon,0
2022-07-11,P023,Clothing,Kids Dress,170,Monsoon,0
2022-07-18,P023,Clothing,Kids Dress,154,Monsoon,0
2022-07-25,P023,Clothing,Kids Dress,255,Monsoon,0
2022-08-01,P023,Clothing,Kids Dress,226,Monsoon,0
2022-08-08,P023,Clothing,Kids Dress,217,Monsoon,0
2022-08-15,P023,Clothing,Kids Dress,227,Monsoon,0
2022-08-22,P023,Clothing,Kids Dress,325,Monsoon,0
2022-08-29,P023,Clothing,Kids Dress,248,Monsoon,0
2022-09-05,P023,Clothing,Kids Dress,185,Monsoon,0
2022-09-12,P023,Clothing,Kids Dress,164,Monsoon,0
2022-09-19,P023,Clothing,Kids Dress,254,Monsoon,0
2022-09-26,P023,Clothing,Kids Dress,247,Monsoon,0
2022-10-03,P023,Clothing,Kids Dress,238,Autumn,0
2022-10-10,P023,Clothing,Kids Dress,192,Autumn,0
2022-10-17,P023,Clothing,Kids Dress,231,Autumn,0
2022-10-24,P023,Clothing,Kids Dress,1039,Autumn,1
2022-10-31,P023,Clothing,Kids Dress,241,Autumn,0
2022-11-07,P023,Clothing,Kids Dress,251,Autumn,0
2022-11-14,P023,Clothing,Kids Dress,201,Autumn,0
2022-11-21,P023,Clothing,Kids Dress,256,Autumn,0
2022-11-28,P023,Clothing,Kids Dress,223,Autumn,0
2022-12-05,P023,Clothing,Kids Dress,235,Winter,0
2022-12-12,P023,Clothing,Kids Dress,176,Winter,0
2022-12-19,P023,Clothing,Kids Dress,227,Winter,0
2022-12-26,P023,Clothing,Kids Dress,197,Winter,0
2023-01-02,P023,Clothing,Kids Dress,244,Winter,0
2023-01-09,P023,Clothing,Kids Dress,278,Winter,0
2023-01-16,P023,Clothing,Kids Dress,237,Winter,0
2023-01-23,P023,Clothing,Kids Dress,197,Winter,0
2023-01-30,P023,Clothing,Kids Dress,249,Winter,0
2023-02-06,P023,Clothing,Kids Dress,241,Winter,0
2023-02-13,P023,Clothing,Kids Dress,298,Winter,0
2023-02-20,P023,Clothing,Kids Dress,236,Winter,0
2023-02-27,P023,Clothing,Kids Dress,207,Winter,0
2023-03-06,P023,Clothing,Kids Dress,254,Summer,0
2023-03-13,P023,Clothing,Kids Dress,223,Summer,0
2023-03-20,P023,Clothing,Kids Dress,230,Summer,0
2023-03-27,P023,Clothing,Kids Dress,196,Summer,0
2023-04-03,P023,Clothing,Kids Dress,223,Summer,0
2023-04-10,P023,Clothing,Kids Dress,228,Summer,0
2023-04-17,P023,Clothing,Kids Dress,223,Summer,0
2023-04-24,P023,Clothing,Kids Dress,207,Summer,0
2023-05-01,P023,Clothing,Kids Dress,237,Summer,0
2023-05-08,P023,Clothing,Kids Dress,196,Summer,0
2023-05-15,P023,Clothing,Kids Dress,188,Summer,0
2023-05-22,P023,Clothing,Kids Dress,252,Summer,0
2023-05-29,P023,Clothing,Kids Dress,248,Summer,0
2023-06-05,P023,Clothing,Kids Dress,183,Summer,0
2023-06-12,P023,Clothing,Kids Dress,165,Summer,0
2023-06-19,P023,Clothing,Kids Dress,193,Summer,0
2023-06-26,P023,Clothing,Kids Dress,223,Summer,0
2023-07-03,P023,Clothing,Kids Dress,267,Monsoon,0
2023-07-10,P023,Clothing,Kids Dress,222,Monsoon,0
2023-07-17,P023,Clothing,Kids Dress,201,Monsoon,0
2023-07-24,P023,Clothing,Kids Dress,232,Monsoon,0
2023-07-31,P023,Clothing,Kids Dress,223,Monsoon,0
2023-08-07,P023,Clothing,Kids Dress,180,Monsoon,0
2023-08-14,P023,Clothing,Kids Dress,180,Monsoon,0
2023-08-21,P023,Clothing,Kids Dress,181,Monsoon,0
2023-08-28,P023,Clothing,Kids Dress,312,Monsoon,0
2023-09-04,P023,Clothing,Kids Dress,257,Monsoon,0
2023-09-11,P023,Clothing,Kids Dress,207,Monsoon,0
2023-09-18,P023,Clothing,Kids Dress,265,Monsoon,0
2023-09-25,P023,Clothing,Kids Dress,208,Monsoon,0
2023-10-02,P023,Clothing,Kids Dress,264,Autumn,0
2023-10-09,P023,Clothing,Kids Dress,230,Autumn,0
2023-10-16,P023,Clothing,Kids Dress,205,Autumn,0
2023-10-23,P023,Clothing,Kids Dress,251,Autumn,0
2023-10-30,P023,Clothing,Kids Dress,232,Autumn,0
2023-11-06,P023,Clothing,Kids Dress,1187,Autumn,1
2023-11-13,P023,Clothing,Kids Dress,235,Autumn,0
2023-11-20,P023,Clothing,Kids Dress,234,Autumn,0
2023-11-27,P023,Clothing,Kids Dress,255,Autumn,0
2023-12-04,P023,Clothing,Kids Dress,316,Winter,0
2023-12-11,P023,Clothing,Kids Dress,270,Winter,0
2023-12-18,P023,Clothing,Kids Dress,235,Winter,0
2023-12-25,P023,Clothing,Kids Dress,217,Winter,0
2024-01-01,P023,Clothing,Kids Dress,229,Winter,0
2024-01-08,P023,Clothing,Kids Dress,191,Winter,0
2024-01-15,P023,Clothing,Kids Dress,259,Winter,0
2024-01-22,P023,Clothing,Kids Dress,200,Winter,0
2024-01-29,P023,Clothing,Kids Dress,223,Winter,0
2024-02-05,P023,Clothing,Kids Dress,260,Winter,0
2024-02-12,P023,Clothing,Kids Dress,227,Winter,0
2024-02-19,P023,Clothing,Kids Dress,218,Winter,0
2024-02-26,P023,Clothing,Kids Dress,193,Winter,0
2024-03-04,P023,Clothing,Kids Dress,279,Summer,0
2024-03-11,P023,Clothing,Kids Dress,206,Summer,0
2024-03-18,P023,Clothing,Kids Dress,215,Summer,0
2024-03-25,P023,Clothing,Kids Dress,172,Summer,0
2024-04-01,P023,Clothing,Kids Dress,235,Summer,0
2024-04-08,P023,Clothing,Kids Dress,224,Summer,0
2024-04-15,P023,Clothing,Kids Dress,242,Summer,0
2024-04-22,P023,Clothing,Kids Dress,194,Summer,0
2024-04-29,P023,Clothing,Kids Dress,262,Summer,0
2024-05-06,P023,Clothing,Kids Dress,171,Summer,0
2024-05-13,P023,Clothing,Kids Dress,233,Summer,0
2024-05-20,P023,Clothing,Kids Dress,240,Summer,0
2024-05-27,P023,Clothing,Kids Dress,238,Summer,0
2024-06-03,P023,Clothing,Kids Dress,241,Summer,0
2024-06-10,P023,Clothing,Kids Dress,264,Summer,0
2024-06-17,P023,Clothing,Kids Dress,283,Summer,0
2024-06-24,P023,Clothing,Kids Dress,230,Summer,0
2024-07-01,P023,Clothing,Kids Dress,202,Monsoon,0
2024-07-08,P023,Clothing,Kids Dress,256,Monsoon,0
2024-07-15,P023,Clothing,Kids Dress,226,Monsoon,0
2024-07-22,P023,Clothing,Kids Dress,281,Monsoon,0
2024-07-29,P023,Clothing,Kids Dress,214,Monsoon,0
2024-08-05,P023,Clothing,Kids Dress,205,Monsoon,0
2024-08-12,P023,Clothing,Kids Dress,241,Monsoon,0
2024-08-19,P023,Clothing,Kids Dress,174,Monsoon,0
2024-08-26,P023,Clothing,Kids Dress,219,Monsoon,0
2024-09-02,P023,Clothing,Kids Dress,224,Monsoon,0
2024-09-09,P023,Clothing,Kids Dress,244,Monsoon,0
2024-09-16,P023,Clothing,Kids Dress,201,Monsoon,0
2024-09-23,P023,Clothing,Kids Dress,205,Monsoon,0
2024-09-30,P023,Clothing,Kids Dress,277,Monsoon,0
2024-10-07,P023,Clothing,Kids Dress,235,Autumn,0
2024-10-14,P023,Clothing,Kids Dress,266,Autumn,0
2024-10-21,P023,Clothing,Kids Dress,217,Autumn,0
2024-10-28,P023,Clothing,Kids Dress,1096,Autumn,1
2024-11-04,P023,Clothing,Kids Dress,243,Autumn,0
2024-11-11,P023,Clothing,Kids Dress,298,Autumn,0
2024-11-18,P023,Clothing,Kids Dress,228,Autumn,0
2024-11-25,P023,Clothing,Kids Dress,230,Autumn,0
2024-12-02,P023,Clothing,Kids Dress,275,Winter,0
2024-12-09,P023,Clothing,Kids Dress,222,Winter,0
2024-12-16,P023,Clothing,Kids Dress,246,Winter,0
2024-12-23,P023,Clothing,Kids Dress,272,Winter,0
2021-01-04,P024,Clothing,Raincoat,295,Winter,0
2021-01-11,P024,Clothing,Raincoat,245,Winter,0
2021-01-18,P024,Clothing,Raincoat,239,Winter,0
2021-01-25,P024,Clothing,Raincoat,311,Winter,0
2021-02-01,P024,Clothing,Raincoat,277,Winter,0
2021-02-08,P024,Clothing,Raincoat,296,Winter,0
2021-02-15,P024,Clothing,Raincoat,327,Winter,0
2021-02-22,P024,Clothing,Raincoat,221,Winter,0
2021-03-01,P024,Clothing,Raincoat,345,Summer,0
2021-03-08,P024,Clothing,Raincoat,327,Summer,0
2021-03-15,P024,Clothing,Raincoat,197,Summer,0
2021-03-22,P024,Clothing,Raincoat,386,Summer,0
2021-03-29,P024,Clothing,Raincoat,299,Summer,0
2021-04-05,P024,Clothing,Raincoat,265,Summer,0
2021-04-12,P024,Clothing,Raincoat,308,Summer,0
2021-04-19,P024,Clothing,Raincoat,244,Summer,0
2021-04-26,P024,Clothing,Raincoat,309,Summer,0
2021-05-03,P024,Clothing,Raincoat,251,Summer,0
2021-05-10,P024,Clothing,Raincoat,372,Summer,0
2021-05-17,P024,Clothing,Raincoat,288,Summer,0
2021-05-24,P024,Clothing,Raincoat,313,Summer,0
2021-05-31,P024,Clothing,Raincoat,252,Summer,0
2021-06-07,P024,Clothing,Raincoat,321,Summer,0
2021-06-14,P024,Clothing,Raincoat,285,Summer,0
2021-06-21,P024,Clothing,Raincoat,225,Summer,0
2021-06-28,P024,Clothing,Raincoat,275,Summer,0
2021-07-05,P024,Clothing,Raincoat,1290,Monsoon,0
2021-07-12,P024,Clothing,Raincoat,1129,Monsoon,0
2021-07-19,P024,Clothing,Raincoat,944,Monsoon,0
2021-07-26,P024,Clothing,Raincoat,720,Monsoon,0
2021-08-02,P024,Clothing,Raincoat,876,Monsoon,0
2021-08-09,P024,Clothing,Raincoat,789,Monsoon,0
2021-08-16,P024,Clothing,Raincoat,723,Monsoon,0
2021-08-23,P024,Clothing,Raincoat,1118,Monsoon,0
2021-08-30,P024,Clothing,Raincoat,1010,Monsoon,0
2021-09-06,P024,Clothing,Raincoat,1270,Monsoon,0
2021-09-13,P024,Clothing,Raincoat,851,Monsoon,0
2021-09-20,P024,Clothing,Raincoat,1000,Monsoon,0
2021-09-27,P024,Clothing,Raincoat,791,Monsoon,0
2021-10-04,P024,Clothing,Raincoat,260,Autumn,0
2021-10-11,P024,Clothing,Raincoat,276,Autumn,0
2021-10-18,P024,Clothing,Raincoat,269,Autumn,0
2021-10-25,P024,Clothing,Raincoat,288,Autumn,0
2021-11-01,P024,Clothing,Raincoat,1400,Autumn,1
2021-11-08,P024,Clothing,Raincoat,323,Autumn,0
2021-11-15,P024,Clothing,Raincoat,252,Autumn,0
2021-11-22,P024,Clothing,Raincoat,284,Autumn,0
2021-11-29,P024,Clothing,Raincoat,320,Autumn,0
2021-12-06,P024,Clothing,Raincoat,330,Winter,0
2021-12-13,P024,Clothing,Raincoat,257,Winter,0
2021-12-20,P024,Clothing,Raincoat,316,Winter,0
2021-12-27,P024,Clothing,Raincoat,300,Winter,0
2022-01-03,P024,Clothing,Raincoat,249,Winter,0
2022-01-10,P024,Clothing,Raincoat,333,Winter,0
2022-01-17,P024,Clothing,Raincoat,304,Winter,0
2022-01-24,P024,Clothing,Raincoat,219,Winter,0
2022-01-31,P024,Clothing,Raincoat,284,Winter,0
2022-02-07,P024,Clothing,Raincoat,299,Winter,0
2022-02-14,P024,Clothing,Raincoat,270,Winter,0
2022-02-21,P024,Clothing,Raincoat,352,Winter,0
2022-02-28,P024,Clothing,Raincoat,353,Winter,0
2022-03-07,P024,Clothing,Raincoat,280,Summer,0
2022-03-14,P024,Clothing,Raincoat,275,Summer,0
2022-03-21,P024,Clothing,Raincoat,291,Summer,0
2022-03-28,P024,Clothing,Raincoat,288,Summer,0
2022-04-04,P024,Clothing,Raincoat,271,Summer,0
2022-04-11,P024,Clothing,Raincoat,131,Summer,0
2022-04-18,P024,Clothing,Raincoat,375,Summer,0
2022-04-25,P024,Clothing,Raincoat,297,Summer,0
2022-05-02,P024,Clothing,Raincoat,289,Summer,0
2022-05-09,P024,Clothing,Raincoat,311,Summer,0
2022-05-16,P024,Clothing,Raincoat,293,Summer,0
2022-05-23,P024,Clothing,Raincoat,278,Summer,0
2022-05-30,P024,Clothing,Raincoat,252,Summer,0
2022-06-06,P024,Clothing,Raincoat,215,Summer,0
2022-06-13,P024,Clothing,Raincoat,237,Summer,0
2022-06-20,P024,Clothing,Raincoat,247,Summer,0
2022-06-27,P024,Clothing,Raincoat,326,Summer,0
2022-07-04,P024,Clothing,Raincoat,1154,Monsoon,0
2022-07-11,P024,Clothing,Raincoat,903,Monsoon,0
2022-07-18,P024,Clothing,Raincoat,625,Monsoon,0
2022-07-25,P024,Clothing,Raincoat,1042,Monsoon,0
2022-08-01,P024,Clothing,Raincoat,975,Monsoon,0
2022-08-08,P024,Clothing,Raincoat,971,Monsoon,0
2022-08-15,P024,Clothing,Raincoat,1190,Monsoon,0
2022-08-22,P024,Clothing,Raincoat,1062,Monsoon,0
2022-08-29,P024,Clothing,Raincoat,888,Monsoon,0
2022-09-05,P024,Clothing,Raincoat,852,Monsoon,0
2022-09-12,P024,Clothing,Raincoat,1000,Monsoon,0
2022-09-19,P024,Clothing,Raincoat,899,Monsoon,0
2022-09-26,P024,Clothing,Raincoat,1029,Monsoon,0
2022-10-03,P024,Clothing,Raincoat,343,Autumn,0
2022-10-10,P024,Clothing,Raincoat,235,Autumn,0
2022-10-17,P024,Clothing,Raincoat,301,Autumn,0
2022-10-24,P024,Clothing,Raincoat,1796,Autumn,1
2022-10-31,P024,Clothing,Raincoat,293,Autumn,0
2022-11-07,P024,Clothing,Raincoat,329,Autumn,0
2022-11-14,P024,Clothing,Raincoat,284,Autumn,0
2022-11-21,P024,Clothing,Raincoat,305,Autumn,0
2022-11-28,P024,Clothing,Raincoat,317,Autumn,0
2022-12-05,P024,Clothing,Raincoat,271,Winter,0
2022-12-12,P024,Clothing,Raincoat,386,Winter,0
2022-12-19,P024,Clothing,Raincoat,323,Winter,0
2022-12-26,P024,Clothing,Raincoat,355,Winter,0
2023-01-02,P024,Clothing,Raincoat,358,Winter,0
2023-01-09,P024,Clothing,Raincoat,324,Winter,0
2023-01-16,P024,Clothing,Raincoat,373,Winter,0
2023-01-23,P024,Clothing,Raincoat,317,Winter,0
2023-01-30,P024,Clothing,Raincoat,275,Winter,0
2023-02-06,P024,Clothing,Raincoat,309,Winter,0
2023-02-13,P024,Clothing,Raincoat,262,Winter,0
2023-02-20,P024,Clothing,Raincoat,211,Winter,0
2023-02-27,P024,Clothing,Raincoat,269,Winter,0
2023-03-06,P024,Clothing,Raincoat,312,Summer,0
2023-03-13,P024,Clothing,Raincoat,358,Summer,0
2023-03-20,P024,Clothing,Raincoat,269,Summer,0
2023-03-27,P024,Clothing,Raincoat,355,Summer,0
2023-04-03,P024,Clothing,Raincoat,252,Summer,0
2023-04-10,P024,Clothing,Raincoat,266,Summer,0
2023-04-17,P024,Clothing,Raincoat,376,Summer,0
2023-04-24,P024,Clothing,Raincoat,311,Summer,0
2023-05-01,P024,Clothing,Raincoat,300,Summer,0
2023-05-08,P024,Clothing,Raincoat,319,Summer,0
2023-05-15,P024,Clothing,Raincoat,252,Summer,0
2023-05-22,P024,Clothing,Raincoat,293,Summer,0
2023-05-29,P024,Clothing,Raincoat,309,Summer,0
2023-06-05,P024,Clothing,Raincoat,365,Summer,0
2023-06-12,P024,Clothing,Raincoat,231,Summer,0
2023-06-19,P024,Clothing,Raincoat,390,Summer,0
2023-06-26,P024,Clothing,Raincoat,303,Summer,0
2023-07-03,P024,Clothing,Raincoat,900,Monsoon,0
2023-07-10,P024,Clothing,Raincoat,871,Monsoon,0
2023-07-17,P024,Clothing,Raincoat,1125,Monsoon,0
2023-07-24,P024,Clothing,Raincoat,862,Monsoon,0
2023-07-31,P024,Clothing,Raincoat,990,Monsoon,0
2023-08-07,P024,Clothing,Raincoat,1040,Monsoon,0
2023-08-14,P024,Clothing,Raincoat,1266,Monsoon,0
2023-08-21,P024,Clothing,Raincoat,1246,Monsoon,0
2023-08-28,P024,Clothing,Raincoat,976,Monsoon,0
2023-09-04,P024,Clothing,Raincoat,1046,Monsoon,0
2023-09-11,P024,Clothing,Raincoat,822,Monsoon,0
2023-09-18,P024,Clothing,Raincoat,750,Monsoon,0
2023-09-25,P024,Clothing,Raincoat,881,Monsoon,0
2023-10-02,P024,Clothing,Raincoat,360,Autumn,0
2023-10-09,P024,Clothing,Raincoat,345,Autumn,0
2023-10-16,P024,Clothing,Raincoat,326,Autumn,0
2023-10-23,P024,Clothing,Raincoat,241,Autumn,0
2023-10-30,P024,Clothing,Raincoat,275,Autumn,0
2023-11-06,P024,Clothing,Raincoat,1323,Autumn,1
2023-11-13,P024,Clothing,Raincoat,301,Autumn,0
2023-11-20,P024,Clothing,Raincoat,298,Autumn,0
2023-11-27,P024,Clothing,Raincoat,262,Autumn,0
2023-12-04,P024,Clothing,Raincoat,325,Winter,0
2023-12-11,P024,Clothing,Raincoat,319,Winter,0
2023-12-18,P024,Clothing,Raincoat,275,Winter,0
2023-12-25,P024,Clothing,Raincoat,322,Winter,0
2024-01-01,P024,Clothing,Raincoat,374,Winter,0
2024-01-08,P024,Clothing,Raincoat,388,Winter,0
2024-01-15,P024,Clothing,Raincoat,343,Winter,0
2024-01-22,P024,Clothing,Raincoat,342,Winter,0
2024-01-29,P024,Clothing,Raincoat,308,Winter,0
2024-02-05,P024,Clothing,Raincoat,369,Winter,0
2024-02-12,P024,Clothing,Raincoat,268,Winter,0
2024-02-19,P024,Clothing,Raincoat,364,Winter,0
2024-02-26,P024,Clothing,Raincoat,306,Winter,0
2024-03-04,P024,Clothing,Raincoat,391,Summer,0
2024-03-11,P024,Clothing,Raincoat,348,Summer,0
2024-03-18,P024,Clothing,Raincoat,317,Summer,0
2024-03-25,P024,Clothing,Raincoat,308,Summer,0
2024-04-01,P024,Clothing,Raincoat,345,Summer,0
2024-04-08,P024,Clothing,Raincoat,343,Summer,0
2024-04-15,P024,Clothing,Raincoat,301,Summer,0
2024-04-22,P024,Clothing,Raincoat,324,Summer,0
2024-04-29,P024,Clothing,Raincoat,363,Summer,0
2024-05-06,P024,Clothing,Raincoat,254,Summer,0
2024-05-13,P024,Clothing,Raincoat,355,Summer,0
2024-05-20,P024,Clothing,Raincoat,345,Summer,0
2024-05-27,P024,Clothing,Raincoat,377,Summer,0
2024-06-03,P024,Clothing,Raincoat,285,Summer,0
2024-06-10,P024,Clothing,Raincoat,320,Summer,0
2024-06-17,P024,Clothing,Raincoat,330,Summer,0
2024-06-24,P024,Clothing,Raincoat,355,Summer,0
2024-07-01,P024,Clothing,Raincoat,1193,Monsoon,0
2024-07-08,P024,Clothing,Raincoat,912,Monsoon,0
2024-07-15,P024,Clothing,Raincoat,1170,Monsoon,0
2024-07-22,P024,Clothing,Raincoat,1458,Monsoon,0
2024-07-29,P024,Clothing,Raincoat,1223,Monsoon,0
2024-08-05,P024,Clothing,Raincoat,1396,Monsoon,0
2024-08-12,P024,Clothing,Raincoat,1296,Monsoon,0
2024-08-19,P024,Clothing,Raincoat,1350,Monsoon,0
2024-08-26,P024,Clothing,Raincoat,1173,Monsoon,0
2024-09-02,P024,Clothing,Raincoat,1208,Monsoon,0
2024-09-09,P024,Clothing,Raincoat,1164,Monsoon,0
2024-09-16,P024,Clothing,Raincoat,1121,Monsoon,0
2024-09-23,P024,Clothing,Raincoat,1245,Monsoon,0
2024-09-30,P024,Clothing,Raincoat,1033,Monsoon,0
2024-10-07,P024,Clothing,Raincoat,410,Autumn,0
2024-10-14,P024,Clothing,Raincoat,275,Autumn,0
2024-10-21,P024,Clothing,Raincoat,359,Autumn,0
2024-10-28,P024,Clothing,Raincoat,1808,Autumn,1
2024-11-04,P024,Clothing,Raincoat,311,Autumn,0
2024-11-11,P024,Clothing,Raincoat,266,Autumn,0
2024-11-18,P024,Clothing,Raincoat,375,Autumn,0
2024-11-25,P024,Clothing,Raincoat,330,Autumn,0
2024-12-02,P024,Clothing,Raincoat,359,Winter,0
2024-12-09,P024,Clothing,Raincoat,315,Winter,0
2024-12-16,P024,Clothing,Raincoat,403,Winter,0
2024-12-23,P024,Clothing,Raincoat,218,Winter,0
2021-01-04,P025,Clothing,Cap,476,Winter,0
2021-01-11,P025,Clothing,Cap,434,Winter,0
2021-01-18,P025,Clothing,Cap,370,Winter,0
2021-01-25,P025,Clothing,Cap,376,Winter,0
2021-02-01,P025,Clothing,Cap,501,Winter,0
2021-02-08,P025,Clothing,Cap,454,Winter,0
2021-02-15,P025,Clothing,Cap,443,Winter,0
2021-02-22,P025,Clothing,Cap,424,Winter,0
2021-03-01,P025,Clothing,Cap,432,Summer,0
2021-03-08,P025,Clothing,Cap,524,Summer,0
2021-03-15,P025,Clothing,Cap,430,Summer,0
2021-03-22,P025,Clothing,Cap,361,Summer,0
2021-03-29,P025,Clothing,Cap,503,Summer,0
2021-04-05,P025,Clothing,Cap,878,Summer,0
2021-04-12,P025,Clothing,Cap,910,Summer,0
2021-04-19,P025,Clothing,Cap,1124,Summer,0
2021-04-26,P025,Clothing,Cap,903,Summer,0
2021-05-03,P025,Clothing,Cap,945,Summer,0
2021-05-10,P025,Clothing,Cap,745,Summer,0
2021-05-17,P025,Clothing,Cap,876,Summer,0
2021-05-24,P025,Clothing,Cap,988,Summer,0
2021-05-31,P025,Clothing,Cap,694,Summer,0
2021-06-07,P025,Clothing,Cap,933,Summer,0
2021-06-14,P025,Clothing,Cap,919,Summer,0
2021-06-21,P025,Clothing,Cap,911,Summer,0
2021-06-28,P025,Clothing,Cap,1046,Summer,0
2021-07-05,P025,Clothing,Cap,475,Monsoon,0
2021-07-12,P025,Clothing,Cap,553,Monsoon,0
2021-07-19,P025,Clothing,Cap,385,Monsoon,0
2021-07-26,P025,Clothing,Cap,462,Monsoon,0
2021-08-02,P025,Clothing,Cap,458,Monsoon,0
2021-08-09,P025,Clothing,Cap,380,Monsoon,0
2021-08-16,P025,Clothing,Cap,517,Monsoon,0
2021-08-23,P025,Clothing,Cap,610,Monsoon,0
2021-08-30,P025,Clothing,Cap,451,Monsoon,0
2021-09-06,P025,Clothing,Cap,487,Monsoon,0
2021-09-13,P025,Clothing,Cap,458,Monsoon,0
2021-09-20,P025,Clothing,Cap,404,Monsoon,0
2021-09-27,P025,Clothing,Cap,329,Monsoon,0
2021-10-04,P025,Clothing,Cap,405,Autumn,0
2021-10-11,P025,Clothing,Cap,358,Autumn,0
2021-10-18,P025,Clothing,Cap,568,Autumn,0
2021-10-25,P025,Clothing,Cap,445,Autumn,0
2021-11-01,P025,Clothing,Cap,1835,Autumn,1
2021-11-08,P025,Clothing,Cap,513,Autumn,0
2021-11-15,P025,Clothing,Cap,376,Autumn,0
2021-11-22,P025,Clothing,Cap,400,Autumn,0
2021-11-29,P025,Clothing,Cap,457,Autumn,0
2021-12-06,P025,Clothing,Cap,522,Winter,0
2021-12-13,P025,Clothing,Cap,487,Winter,0
2021-12-20,P025,Clothing,Cap,469,Winter,0
2021-12-27,P025,Clothing,Cap,458,Winter,0
2022-01-03,P025,Clothing,Cap,499,Winter,0
2022-01-10,P025,Clothing,Cap,485,Winter,0
2022-01-17,P025,Clothing,Cap,398,Winter,0
2022-01-24,P025,Clothing,Cap,474,Winter,0
2022-01-31,P025,Clothing,Cap,395,Winter,0
2022-02-07,P025,Clothing,Cap,476,Winter,0
2022-02-14,P025,Clothing,Cap,437,Winter,0
2022-02-21,P025,Clothing,Cap,650,Winter,0
2022-02-28,P025,Clothing,Cap,468,Winter,0
2022-03-07,P025,Clothing,Cap,371,Summer,0
2022-03-14,P025,Clothing,Cap,461,Summer,0
2022-03-21,P025,Clothing,Cap,507,Summer,0
2022-03-28,P025,Clothing,Cap,589,Summer,0
2022-04-04,P025,Clothing,Cap,858,Summer,0
2022-04-11,P025,Clothing,Cap,718,Summer,0
2022-04-18,P025,Clothing,Cap,1057,Summer,0
2022-04-25,P025,Clothing,Cap,747,Summer,0
2022-05-02,P025,Clothing,Cap,880,Summer,0
2022-05-09,P025,Clothing,Cap,905,Summer,0
2022-05-16,P025,Clothing,Cap,932,Summer,0
2022-05-23,P025,Clothing,Cap,1039,Summer,0
2022-05-30,P025,Clothing,Cap,845,Summer,0
2022-06-06,P025,Clothing,Cap,903,Summer,0
2022-06-13,P025,Clothing,Cap,940,Summer,0
2022-06-20,P025,Clothing,Cap,963,Summer,0
2022-06-27,P025,Clothing,Cap,956,Summer,0
2022-07-04,P025,Clothing,Cap,501,Monsoon,0
2022-07-11,P025,Clothing,Cap,530,Monsoon,0
2022-07-18,P025,Clothing,Cap,498,Monsoon,0
2022-07-25,P025,Clothing,Cap,503,Monsoon,0
2022-08-01,P025,Clothing,Cap,359,Monsoon,0
2022-08-08,P025,Clothing,Cap,474,Monsoon,0
2022-08-15,P025,Clothing,Cap,505,Monsoon,0
2022-08-22,P025,Clothing,Cap,522,Monsoon,0
2022-08-29,P025,Clothing,Cap,422,Monsoon,0
2022-09-05,P025,Clothing,Cap,424,Monsoon,0
2022-09-12,P025,Clothing,Cap,430,Monsoon,0
2022-09-19,P025,Clothing,Cap,509,Monsoon,0
2022-09-26,P025,Clothing,Cap,544,Monsoon,0
2022-10-03,P025,Clothing,Cap,442,Autumn,0
2022-10-10,P025,Clothing,Cap,535,Autumn,0
2022-10-17,P025,Clothing,Cap,479,Autumn,0
2022-10-24,P025,Clothing,Cap,2455,Autumn,1
2022-10-31,P025,Clothing,Cap,456,Autumn,0
2022-11-07,P025,Clothing,Cap,523,Autumn,0
2022-11-14,P025,Clothing,Cap,494,Autumn,0
2022-11-21,P025,Clothing,Cap,631,Autumn,0
2022-11-28,P025,Clothing,Cap,410,Autumn,0
2022-12-05,P025,Clothing,Cap,507,Winter,0
2022-12-12,P025,Clothing,Cap,433,Winter,0
2022-12-19,P025,Clothing,Cap,409,Winter,0
2022-12-26,P025,Clothing,Cap,470,Winter,0
2023-01-02,P025,Clothing,Cap,499,Winter,0
2023-01-09,P025,Clothing,Cap,703,Winter,0
2023-01-16,P025,Clothing,Cap,475,Winter,0
2023-01-23,P025,Clothing,Cap,406,Winter,0
2023-01-30,P025,Clothing,Cap,509,Winter,0
2023-02-06,P025,Clothing,Cap,336,Winter,0
2023-02-13,P025,Clothing,Cap,482,Winter,0
2023-02-20,P025,Clothing,Cap,490,Winter,0
2023-02-27,P025,Clothing,Cap,547,Winter,0
2023-03-06,P025,Clothing,Cap,560,Summer,0
2023-03-13,P025,Clothing,Cap,452,Summer,0
2023-03-20,P025,Clothing,Cap,478,Summer,0
2023-03-27,P025,Clothing,Cap,433,Summer,0
2023-04-03,P025,Clothing,Cap,812,Summer,0
2023-04-10,P025,Clothing,Cap,1023,Summer,0
2023-04-17,P025,Clothing,Cap,791,Summer,0
2023-04-24,P025,Clothing,Cap,917,Summer,0
2023-05-01,P025,Clothing,Cap,832,Summer,0
2023-05-08,P025,Clothing,Cap,1059,Summer,0
2023-05-15,P025,Clothing,Cap,1242,Summer,0
2023-05-22,P025,Clothing,Cap,787,Summer,0
2023-05-29,P025,Clothing,Cap,706,Summer,0
2023-06-05,P025,Clothing,Cap,960,Summer,0
2023-06-12,P025,Clothing,Cap,980,Summer,0
2023-06-19,P025,Clothing,Cap,1010,Summer,0
2023-06-26,P025,Clothing,Cap,912,Summer,0
2023-07-03,P025,Clothing,Cap,474,Monsoon,0
2023-07-10,P025,Clothing,Cap,516,Monsoon,0
2023-07-17,P025,Clothing,Cap,565,Monsoon,0
2023-07-24,P025,Clothing,Cap,345,Monsoon,0
2023-07-31,P025,Clothing,Cap,462,Monsoon,0
2023-08-07,P025,Clothing,Cap,504,Monsoon,0
2023-08-14,P025,Clothing,Cap,421,Monsoon,0
2023-08-21,P025,Clothing,Cap,616,Monsoon,0
2023-08-28,P025,Clothing,Cap,442,Monsoon,0
2023-09-04,P025,Clothing,Cap,486,Monsoon,0
2023-09-11,P025,Clothing,Cap,530,Monsoon,0
2023-09-18,P025,Clothing,Cap,445,Monsoon,0
2023-09-25,P025,Clothing,Cap,353,Monsoon,0
2023-10-02,P025,Clothing,Cap,457,Autumn,0
2023-10-09,P025,Clothing,Cap,564,Autumn,0
2023-10-16,P025,Clothing,Cap,464,Autumn,0
2023-10-23,P025,Clothing,Cap,427,Autumn,0
2023-10-30,P025,Clothing,Cap,557,Autumn,0
2023-11-06,P025,Clothing,Cap,2286,Autumn,1
2023-11-13,P025,Clothing,Cap,451,Autumn,0
2023-11-20,P025,Clothing,Cap,500,Autumn,0
2023-11-27,P025,Clothing,Cap,545,Autumn,0
2023-12-04,P025,Clothing,Cap,664,Winter,0
2023-12-11,P025,Clothing,Cap,549,Winter,0
2023-12-18,P025,Clothing,Cap,574,Winter,0
2023-12-25,P025,Clothing,Cap,452,Winter,0
2024-01-01,P025,Clothing,Cap,429,Winter,0
2024-01-08,P025,Clothing,Cap,512,Winter,0
2024-01-15,P025,Clothing,Cap,515,Winter,0
2024-01-22,P025,Clothing,Cap,425,Winter,0
2024-01-29,P025,Clothing,Cap,494,Winter,0
2024-02-05,P025,Clothing,Cap,537,Winter,0
2024-02-12,P025,Clothing,Cap,534,Winter,0
2024-02-19,P025,Clothing,Cap,545,Winter,0
2024-02-26,P025,Clothing,Cap,529,Winter,0
2024-03-04,P025,Clothing,Cap,468,Summer,0
2024-03-11,P025,Clothing,Cap,468,Summer,0
2024-03-18,P025,Clothing,Cap,416,Summer,0
2024-03-25,P025,Clothing,Cap,643,Summer,0
2024-04-01,P025,Clothing,Cap,1016,Summer,0
2024-04-08,P025,Clothing,Cap,980,Summer,0
2024-04-15,P025,Clothing,Cap,873,Summer,0
2024-04-22,P025,Clothing,Cap,1461,Summer,0
2024-04-29,P025,Clothing,Cap,851,Summer,0
2024-05-06,P025,Clothing,Cap,949,Summer,0
2024-05-13,P025,Clothing,Cap,1078,Summer,0
2024-05-20,P025,Clothing,Cap,1106,Summer,0
2024-05-27,P025,Clothing,Cap,1160,Summer,0
2024-06-03,P025,Clothing,Cap,1289,Summer,0
2024-06-10,P025,Clothing,Cap,1091,Summer,0
2024-06-17,P025,Clothing,Cap,853,Summer,0
2024-06-24,P025,Clothing,Cap,975,Summer,0
2024-07-01,P025,Clothing,Cap,530,Monsoon,0
2024-07-08,P025,Clothing,Cap,664,Monsoon,0
2024-07-15,P025,Clothing,Cap,400,Monsoon,0
2024-07-22,P025,Clothing,Cap,598,Monsoon,0
2024-07-29,P025,Clothing,Cap,521,Monsoon,0
2024-08-05,P025,Clothing,Cap,571,Monsoon,0
2024-08-12,P025,Clothing,Cap,499,Monsoon,0
2024-08-19,P025,Clothing,Cap,443,Monsoon,0
2024-08-26,P025,Clothing,Cap,564,Monsoon,0
2024-09-02,P025,Clothing,Cap,557,Monsoon,0
2024-09-09,P025,Clothing,Cap,581,Monsoon,0
2024-09-16,P025,Clothing,Cap,506,Monsoon,0
2024-09-23,P025,Clothing,Cap,461,Monsoon,0
2024-09-30,P025,Clothing,Cap,388,Monsoon,0
2024-10-07,P025,Clothing,Cap,569,Autumn,0
2024-10-14,P025,Clothing,Cap,539,Autumn,0
2024-10-21,P025,Clothing,Cap,433,Autumn,0
2024-10-28,P025,Clothing,Cap,2181,Autumn,1
2024-11-04,P025,Clothing,Cap,471,Autumn,0
2024-11-11,P025,Clothing,Cap,394,Autumn,0
2024-11-18,P025,Clothing,Cap,445,Autumn,0
2024-11-25,P025,Clothing,Cap,421,Autumn,0
2024-12-02,P025,Clothing,Cap,475,Winter,0
2024-12-09,P025,Clothing,Cap,451,Winter,0
2024-12-16,P025,Clothing,Cap,383,Winter,0
2024-12-23,P025,Clothing,Cap,661,Winter,0
2021-01-04,P026,Clothing,Scarf,440,Winter,0
2021-01-11,P026,Clothing,Scarf,429,Winter,0
2021-01-18,P026,Clothing,Scarf,364,Winter,0
2021-01-25,P026,Clothing,Scarf,484,Winter,0
2021-02-01,P026,Clothing,Scarf,371,Winter,0
2021-02-08,P026,Clothing,Scarf,440,Winter,0
2021-02-15,P026,Clothing,Scarf,389,Winter,0
2021-02-22,P026,Clothing,Scarf,358,Winter,0
2021-03-01,P026,Clothing,Scarf,374,Summer,0
2021-03-08,P026,Clothing,Scarf,457,Summer,0
2021-03-15,P026,Clothing,Scarf,434,Summer,0
2021-03-22,P026,Clothing,Scarf,471,Summer,0
2021-03-29,P026,Clothing,Scarf,434,Summer,0
2021-04-05,P026,Clothing,Scarf,312,Summer,0
2021-04-12,P026,Clothing,Scarf,542,Summer,0
2021-04-19,P026,Clothing,Scarf,435,Summer,0
2021-04-26,P026,Clothing,Scarf,443,Summer,0
2021-05-03,P026,Clothing,Scarf,388,Summer,0
2021-05-10,P026,Clothing,Scarf,480,Summer,0
2021-05-17,P026,Clothing,Scarf,344,Summer,0
2021-05-24,P026,Clothing,Scarf,449,Summer,0
2021-05-31,P026,Clothing,Scarf,283,Summer,0
2021-06-07,P026,Clothing,Scarf,453,Summer,0
2021-06-14,P026,Clothing,Scarf,345,Summer,0
2021-06-21,P026,Clothing,Scarf,429,Summer,0
2021-06-28,P026,Clothing,Scarf,495,Summer,0
2021-07-05,P026,Clothing,Scarf,462,Monsoon,0
2021-07-12,P026,Clothing,Scarf,487,Monsoon,0
2021-07-19,P026,Clothing,Scarf,481,Monsoon,0
2021-07-26,P026,Clothing,Scarf,379,Monsoon,0
2021-08-02,P026,Clothing,Scarf,448,Monsoon,0
2021-08-09,P026,Clothing,Scarf,305,Monsoon,0
2021-08-16,P026,Clothing,Scarf,369,Monsoon,0
2021-08-23,P026,Clothing,Scarf,498,Monsoon,0
2021-08-30,P026,Clothing,Scarf,388,Monsoon,0
2021-09-06,P026,Clothing,Scarf,296,Monsoon,0
2021-09-13,P026,Clothing,Scarf,536,Monsoon,0
2021-09-20,P026,Clothing,Scarf,446,Monsoon,0
2021-09-27,P026,Clothing,Scarf,459,Monsoon,0
2021-10-04,P026,Clothing,Scarf,351,Autumn,0
2021-10-11,P026,Clothing,Scarf,429,Autumn,0
2021-10-18,P026,Clothing,Scarf,427,Autumn,0
2021-10-25,P026,Clothing,Scarf,361,Autumn,0
2021-11-01,P026,Clothing,Scarf,1716,Autumn,1
2021-11-08,P026,Clothing,Scarf,319,Autumn,0
2021-11-15,P026,Clothing,Scarf,390,Autumn,0
2021-11-22,P026,Clothing,Scarf,472,Autumn,0
2021-11-29,P026,Clothing,Scarf,365,Autumn,0
2021-12-06,P026,Clothing,Scarf,529,Winter,0
2021-12-13,P026,Clothing,Scarf,323,Winter,0
2021-12-20,P026,Clothing,Scarf,395,Winter,0
2021-12-27,P026,Clothing,Scarf,371,Winter,0
2022-01-03,P026,Clothing,Scarf,416,Winter,0
2022-01-10,P026,Clothing,Scarf,516,Winter,0
2022-01-17,P026,Clothing,Scarf,365,Winter,0
2022-01-24,P026,Clothing,Scarf,399,Winter,0
2022-01-31,P026,Clothing,Scarf,470,Winter,0
2022-02-07,P026,Clothing,Scarf,434,Winter,0
2022-02-14,P026,Clothing,Scarf,439,Winter,0
2022-02-21,P026,Clothing,Scarf,366,Winter,0
2022-02-28,P026,Clothing,Scarf,423,Winter,0
2022-03-07,P026,Clothing,Scarf,501,Summer,0
2022-03-14,P026,Clothing,Scarf,325,Summer,0
2022-03-21,P026,Clothing,Scarf,383,Summer,0
2022-03-28,P026,Clothing,Scarf,311,Summer,0
2022-04-04,P026,Clothing,Scarf,462,Summer,0
2022-04-11,P026,Clothing,Scarf,507,Summer,0
2022-04-18,P026,Clothing,Scarf,416,Summer,0
2022-04-25,P026,Clothing,Scarf,363,Summer,0
2022-05-02,P026,Clothing,Scarf,365,Summer,0
2022-05-09,P026,Clothing,Scarf,409,Summer,0
2022-05-16,P026,Clothing,Scarf,409,Summer,0
2022-05-23,P026,Clothing,Scarf,487,Summer,0
2022-05-30,P026,Clothing,Scarf,385,Summer,0
2022-06-06,P026,Clothing,Scarf,456,Summer,0
2022-06-13,P026,Clothing,Scarf,408,Summer,0
2022-06-20,P026,Clothing,Scarf,380,Summer,0
2022-06-27,P026,Clothing,Scarf,407,Summer,0
2022-07-04,P026,Clothing,Scarf,450,Monsoon,0
2022-07-11,P026,Clothing,Scarf,487,Monsoon,0
2022-07-18,P026,Clothing,Scarf,412,Monsoon,0
2022-07-25,P026,Clothing,Scarf,351,Monsoon,0
2022-08-01,P026,Clothing,Scarf,492,Monsoon,0
2022-08-08,P026,Clothing,Scarf,370,Monsoon,0
2022-08-15,P026,Clothing,Scarf,445,Monsoon,0
2022-08-22,P026,Clothing,Scarf,426,Monsoon,0
2022-08-29,P026,Clothing,Scarf,418,Monsoon,0
2022-09-05,P026,Clothing,Scarf,397,Monsoon,0
2022-09-12,P026,Clothing,Scarf,468,Monsoon,0
2022-09-19,P026,Clothing,Scarf,198,Monsoon,0
2022-09-26,P026,Clothing,Scarf,501,Monsoon,0
2022-10-03,P026,Clothing,Scarf,369,Autumn,0
2022-10-10,P026,Clothing,Scarf,454,Autumn,0
2022-10-17,P026,Clothing,Scarf,451,Autumn,0
2022-10-24,P026,Clothing,Scarf,2711,Autumn,1
2022-10-31,P026,Clothing,Scarf,441,Autumn,0
2022-11-07,P026,Clothing,Scarf,375,Autumn,0
2022-11-14,P026,Clothing,Scarf,325,Autumn,0
2022-11-21,P026,Clothing,Scarf,406,Autumn,0
2022-11-28,P026,Clothing,Scarf,302,Autumn,0
2022-12-05,P026,Clothing,Scarf,388,Winter,0
2022-12-12,P026,Clothing,Scarf,409,Winter,0
2022-12-19,P026,Clothing,Scarf,384,Winter,0
2022-12-26,P026,Clothing,Scarf,431,Winter,0
2023-01-02,P026,Clothing,Scarf,429,Winter,0
2023-01-09,P026,Clothing,Scarf,423,Winter,0
2023-01-16,P026,Clothing,Scarf,283,Winter,0
2023-01-23,P026,Clothing,Scarf,358,Winter,0
2023-01-30,P026,Clothing,Scarf,487,Winter,0
2023-02-06,P026,Clothing,Scarf,498,Winter,0
2023-02-13,P026,Clothing,Scarf,322,Winter,0
2023-02-20,P026,Clothing,Scarf,390,Winter,0
2023-02-27,P026,Clothing,Scarf,516,Winter,0
2023-03-06,P026,Clothing,Scarf,397,Summer,0
2023-03-13,P026,Clothing,Scarf,437,Summer,0
2023-03-20,P026,Clothing,Scarf,541,Summer,0
2023-03-27,P026,Clothing,Scarf,420,Summer,0
2023-04-03,P026,Clothing,Scarf,411,Summer,0
2023-04-10,P026,Clothing,Scarf,434,Summer,0
2023-04-17,P026,Clothing,Scarf,568,Summer,0
2023-04-24,P026,Clothing,Scarf,474,Summer,0
2023-05-01,P026,Clothing,Scarf,446,Summer,0
2023-05-08,P026,Clothing,Scarf,409,Summer,0
2023-05-15,P026,Clothing,Scarf,480,Summer,0
2023-05-22,P026,Clothing,Scarf,488,Summer,0
2023-05-29,P026,Clothing,Scarf,373,Summer,0
2023-06-05,P026,Clothing,Scarf,490,Summer,0
2023-06-12,P026,Clothing,Scarf,434,Summer,0
2023-06-19,P026,Clothing,Scarf,446,Summer,0
2023-06-26,P026,Clothing,Scarf,385,Summer,0
2023-07-03,P026,Clothing,Scarf,418,Monsoon,0
2023-07-10,P026,Clothing,Scarf,376,Monsoon,0
2023-07-17,P026,Clothing,Scarf,372,Monsoon,0
2023-07-24,P026,Clothing,Scarf,470,Monsoon,0
2023-07-31,P026,Clothing,Scarf,421,Monsoon,0
2023-08-07,P026,Clothing,Scarf,358,Monsoon,0
2023-08-14,P026,Clothing,Scarf,590,Monsoon,0
2023-08-21,P026,Clothing,Scarf,369,Monsoon,0
2023-08-28,P026,Clothing,Scarf,517,Monsoon,0
2023-09-04,P026,Clothing,Scarf,346,Monsoon,0
2023-09-11,P026,Clothing,Scarf,475,Monsoon,0
2023-09-18,P026,Clothing,Scarf,428,Monsoon,0
2023-09-25,P026,Clothing,Scarf,402,Monsoon,0
2023-10-02,P026,Clothing,Scarf,458,Autumn,0
2023-10-09,P026,Clothing,Scarf,449,Autumn,0
2023-10-16,P026,Clothing,Scarf,390,Autumn,0
2023-10-23,P026,Clothing,Scarf,387,Autumn,0
2023-10-30,P026,Clothing,Scarf,339,Autumn,0
2023-11-06,P026,Clothing,Scarf,2288,Autumn,1
2023-11-13,P026,Clothing,Scarf,361,Autumn,0
2023-11-20,P026,Clothing,Scarf,445,Autumn,0
2023-11-27,P026,Clothing,Scarf,484,Autumn,0
2023-12-04,P026,Clothing,Scarf,458,Winter,0
2023-12-11,P026,Clothing,Scarf,396,Winter,0
2023-12-18,P026,Clothing,Scarf,505,Winter,0
2023-12-25,P026,Clothing,Scarf,417,Winter,0
2024-01-01,P026,Clothing,Scarf,369,Winter,0
2024-01-08,P026,Clothing,Scarf,441,Winter,0
2024-01-15,P026,Clothing,Scarf,502,Winter,0
2024-01-22,P026,Clothing,Scarf,414,Winter,0
2024-01-29,P026,Clothing,Scarf,522,Winter,0
2024-02-05,P026,Clothing,Scarf,408,Winter,0
2024-02-12,P026,Clothing,Scarf,417,Winter,0
2024-02-19,P026,Clothing,Scarf,389,Winter,0
2024-02-26,P026,Clothing,Scarf,508,Winter,0
2024-03-04,P026,Clothing,Scarf,457,Summer,0
2024-03-11,P026,Clothing,Scarf,393,Summer,0
2024-03-18,P026,Clothing,Scarf,434,Summer,0
2024-03-25,P026,Clothing,Scarf,248,Summer,0
2024-04-01,P026,Clothing,Scarf,515,Summer,0
2024-04-08,P026,Clothing,Scarf,449,Summer,0
2024-04-15,P026,Clothing,Scarf,294,Summer,0
2024-04-22,P026,Clothing,Scarf,360,Summer,0
2024-04-29,P026,Clothing,Scarf,432,Summer,0
2024-05-06,P026,Clothing,Scarf,370,Summer,0
2024-05-13,P026,Clothing,Scarf,516,Summer,0
2024-05-20,P026,Clothing,Scarf,490,Summer,0
2024-05-27,P026,Clothing,Scarf,486,Summer,0
2024-06-03,P026,Clothing,Scarf,281,Summer,0
2024-06-10,P026,Clothing,Scarf,425,Summer,0
2024-06-17,P026,Clothing,Scarf,413,Summer,0
2024-06-24,P026,Clothing,Scarf,395,Summer,0
2024-07-01,P026,Clothing,Scarf,432,Monsoon,0
2024-07-08,P026,Clothing,Scarf,383,Monsoon,0
2024-07-15,P026,Clothing,Scarf,476,Monsoon,0
2024-07-22,P026,Clothing,Scarf,514,Monsoon,0
2024-07-29,P026,Clothing,Scarf,508,Monsoon,0
2024-08-05,P026,Clothing,Scarf,451,Monsoon,0
2024-08-12,P026,Clothing,Scarf,599,Monsoon,0
2024-08-19,P026,Clothing,Scarf,540,Monsoon,0
2024-08-26,P026,Clothing,Scarf,454,Monsoon,0
2024-09-02,P026,Clothing,Scarf,428,Monsoon,0
2024-09-09,P026,Clothing,Scarf,554,Monsoon,0
2024-09-16,P026,Clothing,Scarf,531,Monsoon,0
2024-09-23,P026,Clothing,Scarf,363,Monsoon,0
2024-09-30,P026,Clothing,Scarf,536,Monsoon,0
2024-10-07,P026,Clothing,Scarf,450,Autumn,0
2024-10-14,P026,Clothing,Scarf,401,Autumn,0
2024-10-21,P026,Clothing,Scarf,324,Autumn,0
2024-10-28,P026,Clothing,Scarf,2071,Autumn,1
2024-11-04,P026,Clothing,Scarf,460,Autumn,0
2024-11-11,P026,Clothing,Scarf,571,Autumn,0
2024-11-18,P026,Clothing,Scarf,527,Autumn,0
2024-11-25,P026,Clothing,Scarf,421,Autumn,0
2024-12-02,P026,Clothing,Scarf,488,Winter,0
2024-12-09,P026,Clothing,Scarf,518,Winter,0
2024-12-16,P026,Clothing,Scarf,467,Winter,0
2024-12-23,P026,Clothing,Scarf,420,Winter,0
2021-01-04,P027,Home Appliances,Washing Machine,68,Winter,0
2021-01-11,P027,Home Appliances,Washing Machine,84,Winter,0
2021-01-18,P027,Home Appliances,Washing Machine,87,Winter,0
2021-01-25,P027,Home Appliances,Washing Machine,75,Winter,0
2021-02-01,P027,Home Appliances,Washing Machine,63,Winter,0
2021-02-08,P027,Home Appliances,Washing Machine,96,Winter,0
2021-02-15,P027,Home Appliances,Washing Machine,65,Winter,0
2021-02-22,P027,Home Appliances,Washing Machine,59,Winter,0
2021-03-01,P027,Home Appliances,Washing Machine,53,Summer,0
2021-03-08,P027,Home Appliances,Washing Machine,77,Summer,0
2021-03-15,P027,Home Appliances,Washing Machine,73,Summer,0
2021-03-22,P027,Home Appliances,Washing Machine,87,Summer,0
2021-03-29,P027,Home Appliances,Washing Machine,82,Summer,0
2021-04-05,P027,Home Appliances,Washing Machine,79,Summer,0
2021-04-12,P027,Home Appliances,Washing Machine,72,Summer,0
2021-04-19,P027,Home Appliances,Washing Machine,88,Summer,0
2021-04-26,P027,Home Appliances,Washing Machine,97,Summer,0
2021-05-03,P027,Home Appliances,Washing Machine,87,Summer,0
2021-05-10,P027,Home Appliances,Washing Machine,70,Summer,0
2021-05-17,P027,Home Appliances,Washing Machine,84,Summer,0
2021-05-24,P027,Home Appliances,Washing Machine,71,Summer,0
2021-05-31,P027,Home Appliances,Washing Machine,63,Summer,0
2021-06-07,P027,Home Appliances,Washing Machine,65,Summer,0
2021-06-14,P027,Home Appliances,Washing Machine,71,Summer,0
2021-06-21,P027,Home Appliances,Washing Machine,77,Summer,0
2021-06-28,P027,Home Appliances,Washing Machine,99,Summer,0
2021-07-05,P027,Home Appliances,Washing Machine,65,Monsoon,0
2021-07-12,P027,Home Appliances,Washing Machine,91,Monsoon,0
2021-07-19,P027,Home Appliances,Washing Machine,72,Monsoon,0
2021-07-26,P027,Home Appliances,Washing Machine,53,Monsoon,0
2021-08-02,P027,Home Appliances,Washing Machine,70,Monsoon,0
2021-08-09,P027,Home Appliances,Washing Machine,89,Monsoon,0
2021-08-16,P027,Home Appliances,Washing Machine,79,Monsoon,0
2021-08-23,P027,Home Appliances,Washing Machine,80,Monsoon,0
2021-08-30,P027,Home Appliances,Washing Machine,91,Monsoon,0
2021-09-06,P027,Home Appliances,Washing Machine,64,Monsoon,0
2021-09-13,P027,Home Appliances,Washing Machine,64,Monsoon,0
2021-09-20,P027,Home Appliances,Washing Machine,50,Monsoon,0
2021-09-27,P027,Home Appliances,Washing Machine,85,Monsoon,0
2021-10-04,P027,Home Appliances,Washing Machine,82,Autumn,0
2021-10-11,P027,Home Appliances,Washing Machine,84,Autumn,0
2021-10-18,P027,Home Appliances,Washing Machine,62,Autumn,0
2021-10-25,P027,Home Appliances,Washing Machine,57,Autumn,0
2021-11-01,P027,Home Appliances,Washing Machine,260,Autumn,1
2021-11-08,P027,Home Appliances,Washing Machine,65,Autumn,0
2021-11-15,P027,Home Appliances,Washing Machine,93,Autumn,0
2021-11-22,P027,Home Appliances,Washing Machine,87,Autumn,0
2021-11-29,P027,Home Appliances,Washing Machine,70,Autumn,0
2021-12-06,P027,Home Appliances,Washing Machine,79,Winter,0
2021-12-13,P027,Home Appliances,Washing Machine,68,Winter,0
2021-12-20,P027,Home Appliances,Washing Machine,80,Winter,0
2021-12-27,P027,Home Appliances,Washing Machine,63,Winter,0
2022-01-03,P027,Home Appliances,Washing Machine,87,Winter,0
2022-01-10,P027,Home Appliances,Washing Machine,68,Winter,0
2022-01-17,P027,Home Appliances,Washing Machine,88,Winter,0
2022-01-24,P027,Home Appliances,Washing Machine,73,Winter,0
2022-01-31,P027,Home Appliances,Washing Machine,69,Winter,0
2022-02-07,P027,Home Appliances,Washing Machine,98,Winter,0
2022-02-14,P027,Home Appliances,Washing Machine,81,Winter,0
2022-02-21,P027,Home Appliances,Washing Machine,75,Winter,0
2022-02-28,P027,Home Appliances,Washing Machine,88,Winter,0
2022-03-07,P027,Home Appliances,Washing Machine,63,Summer,0
2022-03-14,P027,Home Appliances,Washing Machine,92,Summer,0
2022-03-21,P027,Home Appliances,Washing Machine,77,Summer,0
2022-03-28,P027,Home Appliances,Washing Machine,86,Summer,0
2022-04-04,P027,Home Appliances,Washing Machine,60,Summer,0
2022-04-11,P027,Home Appliances,Washing Machine,74,Summer,0
2022-04-18,P027,Home Appliances,Washing Machine,79,Summer,0
2022-04-25,P027,Home Appliances,Washing Machine,91,Summer,0
2022-05-02,P027,Home Appliances,Washing Machine,87,Summer,0
2022-05-09,P027,Home Appliances,Washing Machine,74,Summer,0
2022-05-16,P027,Home Appliances,Washing Machine,82,Summer,0
2022-05-23,P027,Home Appliances,Washing Machine,93,Summer,0
2022-05-30,P027,Home Appliances,Washing Machine,76,Summer,0
2022-06-06,P027,Home Appliances,Washing Machine,75,Summer,0
2022-06-13,P027,Home Appliances,Washing Machine,56,Summer,0
2022-06-20,P027,Home Appliances,Washing Machine,75,Summer,0
2022-06-27,P027,Home Appliances,Washing Machine,58,Summer,0
2022-07-04,P027,Home Appliances,Washing Machine,77,Monsoon,0
2022-07-11,P027,Home Appliances,Washing Machine,90,Monsoon,0
2022-07-18,P027,Home Appliances,Washing Machine,53,Monsoon,0
2022-07-25,P027,Home Appliances,Washing Machine,93,Monsoon,0
2022-08-01,P027,Home Appliances,Washing Machine,75,Monsoon,0
2022-08-08,P027,Home Appliances,Washing Machine,78,Monsoon,0
2022-08-15,P027,Home Appliances,Washing Machine,73,Monsoon,0
2022-08-22,P027,Home Appliances,Washing Machine,58,Monsoon,0
2022-08-29,P027,Home Appliances,Washing Machine,69,Monsoon,0
2022-09-05,P027,Home Appliances,Washing Machine,103,Monsoon,0
2022-09-12,P027,Home Appliances,Washing Machine,66,Monsoon,0
2022-09-19,P027,Home Appliances,Washing Machine,60,Monsoon,0
2022-09-26,P027,Home Appliances,Washing Machine,80,Monsoon,0
2022-10-03,P027,Home Appliances,Washing Machine,78,Autumn,0
2022-10-10,P027,Home Appliances,Washing Machine,75,Autumn,0
2022-10-17,P027,Home Appliances,Washing Machine,79,Autumn,0
2022-10-24,P027,Home Appliances,Washing Machine,460,Autumn,1
2022-10-31,P027,Home Appliances,Washing Machine,72,Autumn,0
2022-11-07,P027,Home Appliances,Washing Machine,81,Autumn,0
2022-11-14,P027,Home Appliances,Washing Machine,91,Autumn,0
2022-11-21,P027,Home Appliances,Washing Machine,67,Autumn,0
2022-11-28,P027,Home Appliances,Washing Machine,51,Autumn,0
2022-12-05,P027,Home Appliances,Washing Machine,86,Winter,0
2022-12-12,P027,Home Appliances,Washing Machine,108,Winter,0
2022-12-19,P027,Home Appliances,Washing Machine,78,Winter,0
2022-12-26,P027,Home Appliances,Washing Machine,81,Winter,0
2023-01-02,P027,Home Appliances,Washing Machine,78,Winter,0
2023-01-09,P027,Home Appliances,Washing Machine,101,Winter,0
2023-01-16,P027,Home Appliances,Washing Machine,81,Winter,0
2023-01-23,P027,Home Appliances,Washing Machine,79,Winter,0
2023-01-30,P027,Home Appliances,Washing Machine,93,Winter,0
2023-02-06,P027,Home Appliances,Washing Machine,76,Winter,0
2023-02-13,P027,Home Appliances,Washing Machine,66,Winter,0
2023-02-20,P027,Home Appliances,Washing Machine,92,Winter,0
2023-02-27,P027,Home Appliances,Washing Machine,74,Winter,0
2023-03-06,P027,Home Appliances,Washing Machine,70,Summer,0
2023-03-13,P027,Home Appliances,Washing Machine,107,Summer,0
2023-03-20,P027,Home Appliances,Washing Machine,79,Summer,0
2023-03-27,P027,Home Appliances,Washing Machine,88,Summer,0
2023-04-03,P027,Home Appliances,Washing Machine,82,Summer,0
2023-04-10,P027,Home Appliances,Washing Machine,71,Summer,0
2023-04-17,P027,Home Appliances,Washing Machine,90,Summer,0
2023-04-24,P027,Home Appliances,Washing Machine,85,Summer,0
2023-05-01,P027,Home Appliances,Washing Machine,73,Summer,0
2023-05-08,P027,Home Appliances,Washing Machine,87,Summer,0
2023-05-15,P027,Home Appliances,Washing Machine,75,Summer,0
2023-05-22,P027,Home Appliances,Washing Machine,68,Summer,0
2023-05-29,P027,Home Appliances,Washing Machine,67,Summer,0
2023-06-05,P027,Home Appliances,Washing Machine,85,Summer,0
2023-06-12,P027,Home Appliances,Washing Machine,77,Summer,0
2023-06-19,P027,Home Appliances,Washing Machine,100,Summer,0
2023-06-26,P027,Home Appliances,Washing Machine,81,Summer,0
2023-07-03,P027,Home Appliances,Washing Machine,72,Monsoon,0
2023-07-10,P027,Home Appliances,Washing Machine,84,Monsoon,0
2023-07-17,P027,Home Appliances,Washing Machine,66,Monsoon,0
2023-07-24,P027,Home Appliances,Washing Machine,81,Monsoon,0
2023-07-31,P027,Home Appliances,Washing Machine,86,Monsoon,0
2023-08-07,P027,Home Appliances,Washing Machine,84,Monsoon,0
2023-08-14,P027,Home Appliances,Washing Machine,98,Monsoon,0
2023-08-21,P027,Home Appliances,Washing Machine,114,Monsoon,0
2023-08-28,P027,Home Appliances,Washing Machine,90,Monsoon,0
2023-09-04,P027,Home Appliances,Washing Machine,96,Monsoon,0
2023-09-11,P027,Home Appliances,Washing Machine,113,Monsoon,0
2023-09-18,P027,Home Appliances,Washing Machine,69,Monsoon,0
2023-09-25,P027,Home Appliances,Washing Machine,83,Monsoon,0
2023-10-02,P027,Home Appliances,Washing Machine,76,Autumn,0
2023-10-09,P027,Home Appliances,Washing Machine,92,Autumn,0
2023-10-16,P027,Home Appliances,Washing Machine,85,Autumn,0
2023-10-23,P027,Home Appliances,Washing Machine,72,Autumn,0
2023-10-30,P027,Home Appliances,Washing Machine,82,Autumn,0
2023-11-06,P027,Home Appliances,Washing Machine,467,Autumn,1
2023-11-13,P027,Home Appliances,Washing Machine,66,Autumn,0
2023-11-20,P027,Home Appliances,Washing Machine,72,Autumn,0
2023-11-27,P027,Home Appliances,Washing Machine,70,Autumn,0
2023-12-04,P027,Home Appliances,Washing Machine,86,Winter,0
2023-12-11,P027,Home Appliances,Washing Machine,97,Winter,0
2023-12-18,P027,Home Appliances,Washing Machine,57,Winter,0
2023-12-25,P027,Home Appliances,Washing Machine,83,Winter,0
2024-01-01,P027,Home Appliances,Washing Machine,73,Winter,0
2024-01-08,P027,Home Appliances,Washing Machine,97,Winter,0
2024-01-15,P027,Home Appliances,Washing Machine,82,Winter,0
2024-01-22,P027,Home Appliances,Washing Machine,86,Winter,0
2024-01-29,P027,Home Appliances,Washing Machine,85,Winter,0
2024-02-05,P027,Home Appliances,Washing Machine,99,Winter,0
2024-02-12,P027,Home Appliances,Washing Machine,111,Winter,0
2024-02-19,P027,Home Appliances,Washing Machine,70,Winter,0
2024-02-26,P027,Home Appliances,Washing Machine,72,Winter,0
2024-03-04,P027,Home Appliances,Washing Machine,89,Summer,0
2024-03-11,P027,Home Appliances,Washing Machine,74,Summer,0
2024-03-18,P027,Home Appliances,Washing Machine,97,Summer,0
2024-03-25,P027,Home Appliances,Washing Machine,99,Summer,0
2024-04-01,P027,Home Appliances,Washing Machine,78,Summer,0
2024-04-08,P027,Home Appliances,Washing Machine,75,Summer,0
2024-04-15,P027,Home Appliances,Washing Machine,81,Summer,0
2024-04-22,P027,Home Appliances,Washing Machine,86,Summer,0
2024-04-29,P027,Home Appliances,Washing Machine,89,Summer,0
2024-05-06,P027,Home Appliances,Washing Machine,56,Summer,0
2024-05-13,P027,Home Appliances,Washing Machine,72,Summer,0
2024-05-20,P027,Home Appliances,Washing Machine,79,Summer,0
2024-05-27,P027,Home Appliances,Washing Machine,74,Summer,0
2024-06-03,P027,Home Appliances,Washing Machine,48,Summer,0
2024-06-10,P027,Home Appliances,Washing Machine,61,Summer,0
2024-06-17,P027,Home Appliances,Washing Machine,68,Summer,0
2024-06-24,P027,Home Appliances,Washing Machine,83,Summer,0
2024-07-01,P027,Home Appliances,Washing Machine,79,Monsoon,0
2024-07-08,P027,Home Appliances,Washing Machine,77,Monsoon,0
2024-07-15,P027,Home Appliances,Washing Machine,95,Monsoon,0
2024-07-22,P027,Home Appliances,Washing Machine,95,Monsoon,0
2024-07-29,P027,Home Appliances,Washing Machine,87,Monsoon,0
2024-08-05,P027,Home Appliances,Washing Machine,86,Monsoon,0
2024-08-12,P027,Home Appliances,Washing Machine,74,Monsoon,0
2024-08-19,P027,Home Appliances,Washing Machine,75,Monsoon,0
2024-08-26,P027,Home Appliances,Washing Machine,63,Monsoon,0
2024-09-02,P027,Home Appliances,Washing Machine,81,Monsoon,0
2024-09-09,P027,Home Appliances,Washing Machine,95,Monsoon,0
2024-09-16,P027,Home Appliances,Washing Machine,102,Monsoon,0
2024-09-23,P027,Home Appliances,Washing Machine,81,Monsoon,0
2024-09-30,P027,Home Appliances,Washing Machine,91,Monsoon,0
2024-10-07,P027,Home Appliances,Washing Machine,48,Autumn,0
2024-10-14,P027,Home Appliances,Washing Machine,79,Autumn,0
2024-10-21,P027,Home Appliances,Washing Machine,79,Autumn,0
2024-10-28,P027,Home Appliances,Washing Machine,487,Autumn,1
2024-11-04,P027,Home Appliances,Washing Machine,90,Autumn,0
2024-11-11,P027,Home Appliances,Washing Machine,91,Autumn,0
2024-11-18,P027,Home Appliances,Washing Machine,90,Autumn,0
2024-11-25,P027,Home Appliances,Washing Machine,85,Autumn,0
2024-12-02,P027,Home Appliances,Washing Machine,104,Winter,0
2024-12-09,P027,Home Appliances,Washing Machine,55,Winter,0
2024-12-16,P027,Home Appliances,Washing Machine,86,Winter,0
2024-12-23,P027,Home Appliances,Washing Machine,99,Winter,0
2021-01-04,P028,Home Appliances,Mixer Grinder,117,Winter,0
2021-01-11,P028,Home Appliances,Mixer Grinder,74,Winter,0
2021-01-18,P028,Home Appliances,Mixer Grinder,114,Winter,0
2021-01-25,P028,Home Appliances,Mixer Grinder,99,Winter,0
2021-02-01,P028,Home Appliances,Mixer Grinder,89,Winter,0
2021-02-08,P028,Home Appliances,Mixer Grinder,99,Winter,0
2021-02-15,P028,Home Appliances,Mixer Grinder,91,Winter,0
2021-02-22,P028,Home Appliances,Mixer Grinder,112,Winter,0
2021-03-01,P028,Home Appliances,Mixer Grinder,130,Summer,0
2021-03-08,P028,Home Appliances,Mixer Grinder,118,Summer,0
2021-03-15,P028,Home Appliances,Mixer Grinder,148,Summer,0
2021-03-22,P028,Home Appliances,Mixer Grinder,80,Summer,0
2021-03-29,P028,Home Appliances,Mixer Grinder,97,Summer,0
2021-04-05,P028,Home Appliances,Mixer Grinder,90,Summer,0
2021-04-12,P028,Home Appliances,Mixer Grinder,124,Summer,0
2021-04-19,P028,Home Appliances,Mixer Grinder,101,Summer,0
2021-04-26,P028,Home Appliances,Mixer Grinder,107,Summer,0
2021-05-03,P028,Home Appliances,Mixer Grinder,114,Summer,0
2021-05-10,P028,Home Appliances,Mixer Grinder,82,Summer,0
2021-05-17,P028,Home Appliances,Mixer Grinder,95,Summer,0
2021-05-24,P028,Home Appliances,Mixer Grinder,120,Summer,0
2021-05-31,P028,Home Appliances,Mixer Grinder,96,Summer,0
2021-06-07,P028,Home Appliances,Mixer Grinder,78,Summer,0
2021-06-14,P028,Home Appliances,Mixer Grinder,90,Summer,0
2021-06-21,P028,Home Appliances,Mixer Grinder,100,Summer,0
2021-06-28,P028,Home Appliances,Mixer Grinder,107,Summer,0
2021-07-05,P028,Home Appliances,Mixer Grinder,103,Monsoon,0
2021-07-12,P028,Home Appliances,Mixer Grinder,95,Monsoon,0
2021-07-19,P028,Home Appliances,Mixer Grinder,119,Monsoon,0
2021-07-26,P028,Home Appliances,Mixer Grinder,102,Monsoon,0
2021-08-02,P028,Home Appliances,Mixer Grinder,108,Monsoon,0
2021-08-09,P028,Home Appliances,Mixer Grinder,96,Monsoon,0
2021-08-16,P028,Home Appliances,Mixer Grinder,128,Monsoon,0
2021-08-23,P028,Home Appliances,Mixer Grinder,98,Monsoon,0
2021-08-30,P028,Home Appliances,Mixer Grinder,106,Monsoon,0
2021-09-06,P028,Home Appliances,Mixer Grinder,121,Monsoon,0
2021-09-13,P028,Home Appliances,Mixer Grinder,109,Monsoon,0
2021-09-20,P028,Home Appliances,Mixer Grinder,109,Monsoon,0
2021-09-27,P028,Home Appliances,Mixer Grinder,73,Monsoon,0
2021-10-04,P028,Home Appliances,Mixer Grinder,115,Autumn,0
2021-10-11,P028,Home Appliances,Mixer Grinder,105,Autumn,0
2021-10-18,P028,Home Appliances,Mixer Grinder,113,Autumn,0
2021-10-25,P028,Home Appliances,Mixer Grinder,107,Autumn,0
2021-11-01,P028,Home Appliances,Mixer Grinder,411,Autumn,1
2021-11-08,P028,Home Appliances,Mixer Grinder,119,Autumn,0
2021-11-15,P028,Home Appliances,Mixer Grinder,108,Autumn,0
2021-11-22,P028,Home Appliances,Mixer Grinder,84,Autumn,0
2021-11-29,P028,Home Appliances,Mixer Grinder,125,Autumn,0
2021-12-06,P028,Home Appliances,Mixer Grinder,82,Winter,0
2021-12-13,P028,Home Appliances,Mixer Grinder,119,Winter,0
2021-12-20,P028,Home Appliances,Mixer Grinder,128,Winter,0
2021-12-27,P028,Home Appliances,Mixer Grinder,87,Winter,0
2022-01-03,P028,Home Appliances,Mixer Grinder,107,Winter,0
2022-01-10,P028,Home Appliances,Mixer Grinder,105,Winter,0
2022-01-17,P028,Home Appliances,Mixer Grinder,106,Winter,0
2022-01-24,P028,Home Appliances,Mixer Grinder,139,Winter,0
2022-01-31,P028,Home Appliances,Mixer Grinder,91,Winter,0
2022-02-07,P028,Home Appliances,Mixer Grinder,104,Winter,0
2022-02-14,P028,Home Appliances,Mixer Grinder,133,Winter,0
2022-02-21,P028,Home Appliances,Mixer Grinder,103,Winter,0
2022-02-28,P028,Home Appliances,Mixer Grinder,93,Winter,0
2022-03-07,P028,Home Appliances,Mixer Grinder,113,Summer,0
2022-03-14,P028,Home Appliances,Mixer Grinder,122,Summer,0
2022-03-21,P028,Home Appliances,Mixer Grinder,102,Summer,0
2022-03-28,P028,Home Appliances,Mixer Grinder,118,Summer,0
2022-04-04,P028,Home Appliances,Mixer Grinder,86,Summer,0
2022-04-11,P028,Home Appliances,Mixer Grinder,87,Summer,0
2022-04-18,P028,Home Appliances,Mixer Grinder,101,Summer,0
2022-04-25,P028,Home Appliances,Mixer Grinder,118,Summer,0
2022-05-02,P028,Home Appliances,Mixer Grinder,121,Summer,0
2022-05-09,P028,Home Appliances,Mixer Grinder,89,Summer,0
2022-05-16,P028,Home Appliances,Mixer Grinder,121,Summer,0
2022-05-23,P028,Home Appliances,Mixer Grinder,111,Summer,0
2022-05-30,P028,Home Appliances,Mixer Grinder,94,Summer,0
2022-06-06,P028,Home Appliances,Mixer Grinder,87,Summer,0
2022-06-13,P028,Home Appliances,Mixer Grinder,112,Summer,0
2022-06-20,P028,Home Appliances,Mixer Grinder,130,Summer,0
2022-06-27,P028,Home Appliances,Mixer Grinder,109,Summer,0
2022-07-04,P028,Home Appliances,Mixer Grinder,93,Monsoon,0
2022-07-11,P028,Home Appliances,Mixer Grinder,78,Monsoon,0
2022-07-18,P028,Home Appliances,Mixer Grinder,134,Monsoon,0
2022-07-25,P028,Home Appliances,Mixer Grinder,126,Monsoon,0
2022-08-01,P028,Home Appliances,Mixer Grinder,114,Monsoon,0
2022-08-08,P028,Home Appliances,Mixer Grinder,133,Monsoon,0
2022-08-15,P028,Home Appliances,Mixer Grinder,112,Monsoon,0
2022-08-22,P028,Home Appliances,Mixer Grinder,100,Monsoon,0
2022-08-29,P028,Home Appliances,Mixer Grinder,118,Monsoon,0
2022-09-05,P028,Home Appliances,Mixer Grinder,95,Monsoon,0
2022-09-12,P028,Home Appliances,Mixer Grinder,92,Monsoon,0
2022-09-19,P028,Home Appliances,Mixer Grinder,121,Monsoon,0
2022-09-26,P028,Home Appliances,Mixer Grinder,123,Monsoon,0
2022-10-03,P028,Home Appliances,Mixer Grinder,88,Autumn,0
2022-10-10,P028,Home Appliances,Mixer Grinder,88,Autumn,0
2022-10-17,P028,Home Appliances,Mixer Grinder,101,Autumn,0
2022-10-24,P028,Home Appliances,Mixer Grinder,518,Autumn,1
2022-10-31,P028,Home Appliances,Mixer Grinder,117,Autumn,0
2022-11-07,P028,Home Appliances,Mixer Grinder,109,Autumn,0
2022-11-14,P028,Home Appliances,Mixer Grinder,128,Autumn,0
2022-11-21,P028,Home Appliances,Mixer Grinder,114,Autumn,0
2022-11-28,P028,Home Appliances,Mixer Grinder,98,Autumn,0
2022-12-05,P028,Home Appliances,Mixer Grinder,78,Winter,0
2022-12-12,P028,Home Appliances,Mixer Grinder,112,Winter,0
2022-12-19,P028,Home Appliances,Mixer Grinder,81,Winter,0
2022-12-26,P028,Home Appliances,Mixer Grinder,98,Winter,0
2023-01-02,P028,Home Appliances,Mixer Grinder,101,Winter,0
2023-01-09,P028,Home Appliances,Mixer Grinder,104,Winter,0
2023-01-16,P028,Home Appliances,Mixer Grinder,91,Winter,0
2023-01-23,P028,Home Appliances,Mixer Grinder,101,Winter,0
2023-01-30,P028,Home Appliances,Mixer Grinder,132,Winter,0
2023-02-06,P028,Home Appliances,Mixer Grinder,132,Winter,0
2023-02-13,P028,Home Appliances,Mixer Grinder,139,Winter,0
2023-02-20,P028,Home Appliances,Mixer Grinder,113,Winter,0
2023-02-27,P028,Home Appliances,Mixer Grinder,118,Winter,0
2023-03-06,P028,Home Appliances,Mixer Grinder,133,Summer,0
2023-03-13,P028,Home Appliances,Mixer Grinder,88,Summer,0
2023-03-20,P028,Home Appliances,Mixer Grinder,127,Summer,0
2023-03-27,P028,Home Appliances,Mixer Grinder,135,Summer,0
2023-04-03,P028,Home Appliances,Mixer Grinder,98,Summer,0
2023-04-10,P028,Home Appliances,Mixer Grinder,136,Summer,0
2023-04-17,P028,Home Appliances,Mixer Grinder,148,Summer,0
2023-04-24,P028,Home Appliances,Mixer Grinder,126,Summer,0
2023-05-01,P028,Home Appliances,Mixer Grinder,123,Summer,0
2023-05-08,P028,Home Appliances,Mixer Grinder,94,Summer,0
2023-05-15,P028,Home Appliances,Mixer Grinder,131,Summer,0
2023-05-22,P028,Home Appliances,Mixer Grinder,95,Summer,0
2023-05-29,P028,Home Appliances,Mixer Grinder,119,Summer,0
2023-06-05,P028,Home Appliances,Mixer Grinder,121,Summer,0
2023-06-12,P028,Home Appliances,Mixer Grinder,57,Summer,0
2023-06-19,P028,Home Appliances,Mixer Grinder,120,Summer,0
2023-06-26,P028,Home Appliances,Mixer Grinder,157,Summer,0
2023-07-03,P028,Home Appliances,Mixer Grinder,77,Monsoon,0
2023-07-10,P028,Home Appliances,Mixer Grinder,112,Monsoon,0
2023-07-17,P028,Home Appliances,Mixer Grinder,80,Monsoon,0
2023-07-24,P028,Home Appliances,Mixer Grinder,98,Monsoon,0
2023-07-31,P028,Home Appliances,Mixer Grinder,80,Monsoon,0
2023-08-07,P028,Home Appliances,Mixer Grinder,116,Monsoon,0
2023-08-14,P028,Home Appliances,Mixer Grinder,126,Monsoon,0
2023-08-21,P028,Home Appliances,Mixer Grinder,120,Monsoon,0
2023-08-28,P028,Home Appliances,Mixer Grinder,97,Monsoon,0
2023-09-04,P028,Home Appliances,Mixer Grinder,103,Monsoon,0
2023-09-11,P028,Home Appliances,Mixer Grinder,118,Monsoon,0
2023-09-18,P028,Home Appliances,Mixer Grinder,98,Monsoon,0
2023-09-25,P028,Home Appliances,Mixer Grinder,90,Monsoon,0
2023-10-02,P028,Home Appliances,Mixer Grinder,109,Autumn,0
2023-10-09,P028,Home Appliances,Mixer Grinder,97,Autumn,0
2023-10-16,P028,Home Appliances,Mixer Grinder,120,Autumn,0
2023-10-23,P028,Home Appliances,Mixer Grinder,135,Autumn,0
2023-10-30,P028,Home Appliances,Mixer Grinder,157,Autumn,0
2023-11-06,P028,Home Appliances,Mixer Grinder,585,Autumn,1
2023-11-13,P028,Home Appliances,Mixer Grinder,124,Autumn,0
2023-11-20,P028,Home Appliances,Mixer Grinder,103,Autumn,0
2023-11-27,P028,Home Appliances,Mixer Grinder,104,Autumn,0
2023-12-04,P028,Home Appliances,Mixer Grinder,135,Winter,0
2023-12-11,P028,Home Appliances,Mixer Grinder,108,Winter,0
2023-12-18,P028,Home Appliances,Mixer Grinder,114,Winter,0
2023-12-25,P028,Home Appliances,Mixer Grinder,134,Winter,0
2024-01-01,P028,Home Appliances,Mixer Grinder,112,Winter,0
2024-01-08,P028,Home Appliances,Mixer Grinder,144,Winter,0
2024-01-15,P028,Home Appliances,Mixer Grinder,127,Winter,0
2024-01-22,P028,Home Appliances,Mixer Grinder,125,Winter,0
2024-01-29,P028,Home Appliances,Mixer Grinder,106,Winter,0
2024-02-05,P028,Home Appliances,Mixer Grinder,126,Winter,0
2024-02-12,P028,Home Appliances,Mixer Grinder,110,Winter,0
2024-02-19,P028,Home Appliances,Mixer Grinder,125,Winter,0
2024-02-26,P028,Home Appliances,Mixer Grinder,115,Winter,0
2024-03-04,P028,Home Appliances,Mixer Grinder,134,Summer,0
2024-03-11,P028,Home Appliances,Mixer Grinder,117,Summer,0
2024-03-18,P028,Home Appliances,Mixer Grinder,153,Summer,0
2024-03-25,P028,Home Appliances,Mixer Grinder,112,Summer,0
2024-04-01,P028,Home Appliances,Mixer Grinder,108,Summer,0
2024-04-08,P028,Home Appliances,Mixer Grinder,123,Summer,0
2024-04-15,P028,Home Appliances,Mixer Grinder,136,Summer,0
2024-04-22,P028,Home Appliances,Mixer Grinder,136,Summer,0
2024-04-29,P028,Home Appliances,Mixer Grinder,120,Summer,0
2024-05-06,P028,Home Appliances,Mixer Grinder,123,Summer,0
2024-05-13,P028,Home Appliances,Mixer Grinder,123,Summer,0
2024-05-20,P028,Home Appliances,Mixer Grinder,98,Summer,0
2024-05-27,P028,Home Appliances,Mixer Grinder,135,Summer,0
2024-06-03,P028,Home Appliances,Mixer Grinder,95,Summer,0
2024-06-10,P028,Home Appliances,Mixer Grinder,98,Summer,0
2024-06-17,P028,Home Appliances,Mixer Grinder,118,Summer,0
2024-06-24,P028,Home Appliances,Mixer Grinder,111,Summer,0
2024-07-01,P028,Home Appliances,Mixer Grinder,131,Monsoon,0
2024-07-08,P028,Home Appliances,Mixer Grinder,125,Monsoon,0
2024-07-15,P028,Home Appliances,Mixer Grinder,120,Monsoon,0
2024-07-22,P028,Home Appliances,Mixer Grinder,97,Monsoon,0
2024-07-29,P028,Home Appliances,Mixer Grinder,118,Monsoon,0
2024-08-05,P028,Home Appliances,Mixer Grinder,116,Monsoon,0
2024-08-12,P028,Home Appliances,Mixer Grinder,121,Monsoon,0
2024-08-19,P028,Home Appliances,Mixer Grinder,110,Monsoon,0
2024-08-26,P028,Home Appliances,Mixer Grinder,126,Monsoon,0
2024-09-02,P028,Home Appliances,Mixer Grinder,111,Monsoon,0
2024-09-09,P028,Home Appliances,Mixer Grinder,125,Monsoon,0
2024-09-16,P028,Home Appliances,Mixer Grinder,131,Monsoon,0
2024-09-23,P028,Home Appliances,Mixer Grinder,108,Monsoon,0
2024-09-30,P028,Home Appliances,Mixer Grinder,103,Monsoon,0
2024-10-07,P028,Home Appliances,Mixer Grinder,126,Autumn,0
2024-10-14,P028,Home Appliances,Mixer Grinder,94,Autumn,0
2024-10-21,P028,Home Appliances,Mixer Grinder,137,Autumn,0
2024-10-28,P028,Home Appliances,Mixer Grinder,550,Autumn,1
2024-11-04,P028,Home Appliances,Mixer Grinder,115,Autumn,0
2024-11-11,P028,Home Appliances,Mixer Grinder,127,Autumn,0
2024-11-18,P028,Home Appliances,Mixer Grinder,126,Autumn,0
2024-11-25,P028,Home Appliances,Mixer Grinder,117,Autumn,0
2024-12-02,P028,Home Appliances,Mixer Grinder,133,Winter,0
2024-12-09,P028,Home Appliances,Mixer Grinder,105,Winter,0
2024-12-16,P028,Home Appliances,Mixer Grinder,130,Winter,0
2024-12-23,P028,Home Appliances,Mixer Grinder,98,Winter,0
2021-01-04,P029,Home Appliances,Water Purifier,112,Winter,0
2021-01-11,P029,Home Appliances,Water Purifier,74,Winter,0
2021-01-18,P029,Home Appliances,Water Purifier,101,Winter,0
2021-01-25,P029,Home Appliances,Water Purifier,84,Winter,0
2021-02-01,P029,Home Appliances,Water Purifier,89,Winter,0
2021-02-08,P029,Home Appliances,Water Purifier,110,Winter,0
2021-02-15,P029,Home Appliances,Water Purifier,108,Winter,0
2021-02-22,P029,Home Appliances,Water Purifier,88,Winter,0
2021-03-01,P029,Home Appliances,Water Purifier,95,Summer,0
2021-03-08,P029,Home Appliances,Water Purifier,90,Summer,0
2021-03-15,P029,Home Appliances,Water Purifier,140,Summer,0
2021-03-22,P029,Home Appliances,Water Purifier,102,Summer,0
2021-03-29,P029,Home Appliances,Water Purifier,85,Summer,0
2021-04-05,P029,Home Appliances,Water Purifier,117,Summer,0
2021-04-12,P029,Home Appliances,Water Purifier,117,Summer,0
2021-04-19,P029,Home Appliances,Water Purifier,124,Summer,0
2021-04-26,P029,Home Appliances,Water Purifier,128,Summer,0
2021-05-03,P029,Home Appliances,Water Purifier,108,Summer,0
2021-05-10,P029,Home Appliances,Water Purifier,92,Summer,0
2021-05-17,P029,Home Appliances,Water Purifier,95,Summer,0
2021-05-24,P029,Home Appliances,Water Purifier,93,Summer,0
2021-05-31,P029,Home Appliances,Water Purifier,92,Summer,0
2021-06-07,P029,Home Appliances,Water Purifier,116,Summer,0
2021-06-14,P029,Home Appliances,Water Purifier,98,Summer,0
2021-06-21,P029,Home Appliances,Water Purifier,112,Summer,0
2021-06-28,P029,Home Appliances,Water Purifier,107,Summer,0
2021-07-05,P029,Home Appliances,Water Purifier,81,Monsoon,0
2021-07-12,P029,Home Appliances,Water Purifier,72,Monsoon,0
2021-07-19,P029,Home Appliances,Water Purifier,79,Monsoon,0
2021-07-26,P029,Home Appliances,Water Purifier,91,Monsoon,0
2021-08-02,P029,Home Appliances,Water Purifier,99,Monsoon,0
2021-08-09,P029,Home Appliances,Water Purifier,88,Monsoon,0
2021-08-16,P029,Home Appliances,Water Purifier,108,Monsoon,0
2021-08-23,P029,Home Appliances,Water Purifier,90,Monsoon,0
2021-08-30,P029,Home Appliances,Water Purifier,101,Monsoon,0
2021-09-06,P029,Home Appliances,Water Purifier,99,Monsoon,0
2021-09-13,P029,Home Appliances,Water Purifier,123,Monsoon,0
2021-09-20,P029,Home Appliances,Water Purifier,83,Monsoon,0
2021-09-27,P029,Home Appliances,Water Purifier,130,Monsoon,0
2021-10-04,P029,Home Appliances,Water Purifier,89,Autumn,0
2021-10-11,P029,Home Appliances,Water Purifier,78,Autumn,0
2021-10-18,P029,Home Appliances,Water Purifier,94,Autumn,0
2021-10-25,P029,Home Appliances,Water Purifier,145,Autumn,0
2021-11-01,P029,Home Appliances,Water Purifier,475,Autumn,1
2021-11-08,P029,Home Appliances,Water Purifier,106,Autumn,0
2021-11-15,P029,Home Appliances,Water Purifier,109,Autumn,0
2021-11-22,P029,Home Appliances,Water Purifier,86,Autumn,0
2021-11-29,P029,Home Appliances,Water Purifier,102,Autumn,0
2021-12-06,P029,Home Appliances,Water Purifier,98,Winter,0
2021-12-13,P029,Home Appliances,Water Purifier,124,Winter,0
2021-12-20,P029,Home Appliances,Water Purifier,96,Winter,0
2021-12-27,P029,Home Appliances,Water Purifier,92,Winter,0
2022-01-03,P029,Home Appliances,Water Purifier,84,Winter,0
2022-01-10,P029,Home Appliances,Water Purifier,104,Winter,0
2022-01-17,P029,Home Appliances,Water Purifier,106,Winter,0
2022-01-24,P029,Home Appliances,Water Purifier,83,Winter,0
2022-01-31,P029,Home Appliances,Water Purifier,108,Winter,0
2022-02-07,P029,Home Appliances,Water Purifier,105,Winter,0
2022-02-14,P029,Home Appliances,Water Purifier,117,Winter,0
2022-02-21,P029,Home Appliances,Water Purifier,120,Winter,0
2022-02-28,P029,Home Appliances,Water Purifier,103,Winter,0
2022-03-07,P029,Home Appliances,Water Purifier,86,Summer,0
2022-03-14,P029,Home Appliances,Water Purifier,89,Summer,0
2022-03-21,P029,Home Appliances,Water Purifier,128,Summer,0
2022-03-28,P029,Home Appliances,Water Purifier,104,Summer,0
2022-04-04,P029,Home Appliances,Water Purifier,128,Summer,0
2022-04-11,P029,Home Appliances,Water Purifier,109,Summer,0
2022-04-18,P029,Home Appliances,Water Purifier,113,Summer,0
2022-04-25,P029,Home Appliances,Water Purifier,116,Summer,0
2022-05-02,P029,Home Appliances,Water Purifier,83,Summer,0
2022-05-09,P029,Home Appliances,Water Purifier,106,Summer,0
2022-05-16,P029,Home Appliances,Water Purifier,83,Summer,0
2022-05-23,P029,Home Appliances,Water Purifier,97,Summer,0
2022-05-30,P029,Home Appliances,Water Purifier,111,Summer,0
2022-06-06,P029,Home Appliances,Water Purifier,86,Summer,0
2022-06-13,P029,Home Appliances,Water Purifier,110,Summer,0
2022-06-20,P029,Home Appliances,Water Purifier,79,Summer,0
2022-06-27,P029,Home Appliances,Water Purifier,119,Summer,0
2022-07-04,P029,Home Appliances,Water Purifier,91,Monsoon,0
2022-07-11,P029,Home Appliances,Water Purifier,86,Monsoon,0
2022-07-18,P029,Home Appliances,Water Purifier,79,Monsoon,0
2022-07-25,P029,Home Appliances,Water Purifier,93,Monsoon,0
2022-08-01,P029,Home Appliances,Water Purifier,72,Monsoon,0
2022-08-08,P029,Home Appliances,Water Purifier,93,Monsoon,0
2022-08-15,P029,Home Appliances,Water Purifier,118,Monsoon,0
2022-08-22,P029,Home Appliances,Water Purifier,99,Monsoon,0
2022-08-29,P029,Home Appliances,Water Purifier,83,Monsoon,0
2022-09-05,P029,Home Appliances,Water Purifier,105,Monsoon,0
2022-09-12,P029,Home Appliances,Water Purifier,104,Monsoon,0
2022-09-19,P029,Home Appliances,Water Purifier,131,Monsoon,0
2022-09-26,P029,Home Appliances,Water Purifier,114,Monsoon,0
2022-10-03,P029,Home Appliances,Water Purifier,106,Autumn,0
2022-10-10,P029,Home Appliances,Water Purifier,115,Autumn,0
2022-10-17,P029,Home Appliances,Water Purifier,99,Autumn,0
2022-10-24,P029,Home Appliances,Water Purifier,535,Autumn,1
2022-10-31,P029,Home Appliances,Water Purifier,127,Autumn,0
2022-11-07,P029,Home Appliances,Water Purifier,76,Autumn,0
2022-11-14,P029,Home Appliances,Water Purifier,116,Autumn,0
2022-11-21,P029,Home Appliances,Water Purifier,100,Autumn,0
2022-11-28,P029,Home Appliances,Water Purifier,97,Autumn,0
2022-12-05,P029,Home Appliances,Water Purifier,93,Winter,0
2022-12-12,P029,Home Appliances,Water Purifier,104,Winter,0
2022-12-19,P029,Home Appliances,Water Purifier,101,Winter,0
2022-12-26,P029,Home Appliances,Water Purifier,95,Winter,0
2023-01-02,P029,Home Appliances,Water Purifier,94,Winter,0
2023-01-09,P029,Home Appliances,Water Purifier,75,Winter,0
2023-01-16,P029,Home Appliances,Water Purifier,94,Winter,0
2023-01-23,P029,Home Appliances,Water Purifier,97,Winter,0
2023-01-30,P029,Home Appliances,Water Purifier,108,Winter,0
2023-02-06,P029,Home Appliances,Water Purifier,137,Winter,0
2023-02-13,P029,Home Appliances,Water Purifier,96,Winter,0
2023-02-20,P029,Home Appliances,Water Purifier,89,Winter,0
2023-02-27,P029,Home Appliances,Water Purifier,94,Winter,0
2023-03-06,P029,Home Appliances,Water Purifier,108,Summer,0
2023-03-13,P029,Home Appliances,Water Purifier,115,Summer,0
2023-03-20,P029,Home Appliances,Water Purifier,117,Summer,0
2023-03-27,P029,Home Appliances,Water Purifier,118,Summer,0
2023-04-03,P029,Home Appliances,Water Purifier,121,Summer,0
2023-04-10,P029,Home Appliances,Water Purifier,101,Summer,0
2023-04-17,P029,Home Appliances,Water Purifier,138,Summer,0
2023-04-24,P029,Home Appliances,Water Purifier,100,Summer,0
2023-05-01,P029,Home Appliances,Water Purifier,107,Summer,0
2023-05-08,P029,Home Appliances,Water Purifier,126,Summer,0
2023-05-15,P029,Home Appliances,Water Purifier,114,Summer,0
2023-05-22,P029,Home Appliances,Water Purifier,70,Summer,0
2023-05-29,P029,Home Appliances,Water Purifier,105,Summer,0
2023-06-05,P029,Home Appliances,Water Purifier,119,Summer,0
2023-06-12,P029,Home Appliances,Water Purifier,84,Summer,0
2023-06-19,P029,Home Appliances,Water Purifier,117,Summer,0
2023-06-26,P029,Home Appliances,Water Purifier,112,Summer,0
2023-07-03,P029,Home Appliances,Water Purifier,124,Monsoon,0
2023-07-10,P029,Home Appliances,Water Purifier,94,Monsoon,0
2023-07-17,P029,Home Appliances,Water Purifier,121,Monsoon,0
2023-07-24,P029,Home Appliances,Water Purifier,108,Monsoon,0
2023-07-31,P029,Home Appliances,Water Purifier,133,Monsoon,0
2023-08-07,P029,Home Appliances,Water Purifier,150,Monsoon,0
2023-08-14,P029,Home Appliances,Water Purifier,130,Monsoon,0
2023-08-21,P029,Home Appliances,Water Purifier,113,Monsoon,0
2023-08-28,P029,Home Appliances,Water Purifier,142,Monsoon,0
2023-09-04,P029,Home Appliances,Water Purifier,115,Monsoon,0
2023-09-11,P029,Home Appliances,Water Purifier,91,Monsoon,0
2023-09-18,P029,Home Appliances,Water Purifier,105,Monsoon,0
2023-09-25,P029,Home Appliances,Water Purifier,117,Monsoon,0
2023-10-02,P029,Home Appliances,Water Purifier,118,Autumn,0
2023-10-09,P029,Home Appliances,Water Purifier,87,Autumn,0
2023-10-16,P029,Home Appliances,Water Purifier,88,Autumn,0
2023-10-23,P029,Home Appliances,Water Purifier,100,Autumn,0
2023-10-30,P029,Home Appliances,Water Purifier,114,Autumn,0
2023-11-06,P029,Home Appliances,Water Purifier,572,Autumn,1
2023-11-13,P029,Home Appliances,Water Purifier,108,Autumn,0
2023-11-20,P029,Home Appliances,Water Purifier,92,Autumn,0
2023-11-27,P029,Home Appliances,Water Purifier,133,Autumn,0
2023-12-04,P029,Home Appliances,Water Purifier,88,Winter,0
2023-12-11,P029,Home Appliances,Water Purifier,126,Winter,0
2023-12-18,P029,Home Appliances,Water Purifier,117,Winter,0
2023-12-25,P029,Home Appliances,Water Purifier,126,Winter,0
2024-01-01,P029,Home Appliances,Water Purifier,102,Winter,0
2024-01-08,P029,Home Appliances,Water Purifier,107,Winter,0
2024-01-15,P029,Home Appliances,Water Purifier,110,Winter,0
2024-01-22,P029,Home Appliances,Water Purifier,101,Winter,0
2024-01-29,P029,Home Appliances,Water Purifier,113,Winter,0
2024-02-05,P029,Home Appliances,Water Purifier,135,Winter,0
2024-02-12,P029,Home Appliances,Water Purifier,88,Winter,0
2024-02-19,P029,Home Appliances,Water Purifier,98,Winter,0
2024-02-26,P029,Home Appliances,Water Purifier,97,Winter,0
2024-03-04,P029,Home Appliances,Water Purifier,108,Summer,0
2024-03-11,P029,Home Appliances,Water Purifier,107,Summer,0
2024-03-18,P029,Home Appliances,Water Purifier,122,Summer,0
2024-03-25,P029,Home Appliances,Water Purifier,110,Summer,0
2024-04-01,P029,Home Appliances,Water Purifier,114,Summer,0
2024-04-08,P029,Home Appliances,Water Purifier,116,Summer,0
2024-04-15,P029,Home Appliances,Water Purifier,113,Summer,0
2024-04-22,P029,Home Appliances,Water Purifier,121,Summer,0
2024-04-29,P029,Home Appliances,Water Purifier,107,Summer,0
2024-05-06,P029,Home Appliances,Water Purifier,136,Summer,0
2024-05-13,P029,Home Appliances,Water Purifier,151,Summer,0
2024-05-20,P029,Home Appliances,Water Purifier,121,Summer,0
2024-05-27,P029,Home Appliances,Water Purifier,113,Summer,0
2024-06-03,P029,Home Appliances,Water Purifier,120,Summer,0
2024-06-10,P029,Home Appliances,Water Purifier,91,Summer,0
2024-06-17,P029,Home Appliances,Water Purifier,112,Summer,0
2024-06-24,P029,Home Appliances,Water Purifier,97,Summer,0
2024-07-01,P029,Home Appliances,Water Purifier,118,Monsoon,0
2024-07-08,P029,Home Appliances,Water Purifier,97,Monsoon,0
2024-07-15,P029,Home Appliances,Water Purifier,104,Monsoon,0
2024-07-22,P029,Home Appliances,Water Purifier,78,Monsoon,0
2024-07-29,P029,Home Appliances,Water Purifier,90,Monsoon,0
2024-08-05,P029,Home Appliances,Water Purifier,115,Monsoon,0
2024-08-12,P029,Home Appliances,Water Purifier,95,Monsoon,0
2024-08-19,P029,Home Appliances,Water Purifier,127,Monsoon,0
2024-08-26,P029,Home Appliances,Water Purifier,94,Monsoon,0
2024-09-02,P029,Home Appliances,Water Purifier,117,Monsoon,0
2024-09-09,P029,Home Appliances,Water Purifier,97,Monsoon,0
2024-09-16,P029,Home Appliances,Water Purifier,116,Monsoon,0
2024-09-23,P029,Home Appliances,Water Purifier,84,Monsoon,0
2024-09-30,P029,Home Appliances,Water Purifier,102,Monsoon,0
2024-10-07,P029,Home Appliances,Water Purifier,95,Autumn,0
2024-10-14,P029,Home Appliances,Water Purifier,124,Autumn,0
2024-10-21,P029,Home Appliances,Water Purifier,117,Autumn,0
2024-10-28,P029,Home Appliances,Water Purifier,418,Autumn,1
2024-11-04,P029,Home Appliances,Water Purifier,106,Autumn,0
2024-11-11,P029,Home Appliances,Water Purifier,97,Autumn,0
2024-11-18,P029,Home Appliances,Water Purifier,125,Autumn,0
2024-11-25,P029,Home Appliances,Water Purifier,130,Autumn,0
2024-12-02,P029,Home Appliances,Water Purifier,86,Winter,0
2024-12-09,P029,Home Appliances,Water Purifier,123,Winter,0
2024-12-16,P029,Home Appliances,Water Purifier,96,Winter,0
2024-12-23,P029,Home Appliances,Water Purifier,105,Winter,0
2021-01-04,P030,Stationery,Notebooks,494,Winter,0
2021-01-11,P030,Stationery,Notebooks,388,Winter,0
2021-01-18,P030,Stationery,Notebooks,339,Winter,0
2021-01-25,P030,Stationery,Notebooks,319,Winter,0
2021-02-01,P030,Stationery,Notebooks,449,Winter,0
2021-02-08,P030,Stationery,Notebooks,352,Winter,0
2021-02-15,P030,Stationery,Notebooks,388,Winter,0
2021-02-22,P030,Stationery,Notebooks,441,Winter,0
2021-03-01,P030,Stationery,Notebooks,357,Summer,0
2021-03-08,P030,Stationery,Notebooks,383,Summer,0
2021-03-15,P030,Stationery,Notebooks,385,Summer,0
2021-03-22,P030,Stationery,Notebooks,425,Summer,0
2021-03-29,P030,Stationery,Notebooks,420,Summer,0
2021-04-05,P030,Stationery,Notebooks,373,Summer,0
2021-04-12,P030,Stationery,Notebooks,389,Summer,0
2021-04-19,P030,Stationery,Notebooks,364,Summer,0
2021-04-26,P030,Stationery,Notebooks,300,Summer,0
2021-05-03,P030,Stationery,Notebooks,400,Summer,0
2021-05-10,P030,Stationery,Notebooks,495,Summer,0
2021-05-17,P030,Stationery,Notebooks,334,Summer,0
2021-05-24,P030,Stationery,Notebooks,341,Summer,0
2021-05-31,P030,Stationery,Notebooks,335,Summer,0
2021-06-07,P030,Stationery,Notebooks,1497,Summer,0
2021-06-14,P030,Stationery,Notebooks,1441,Summer,0
2021-06-21,P030,Stationery,Notebooks,1318,Summer,0
2021-06-28,P030,Stationery,Notebooks,1164,Summer,0
2021-07-05,P030,Stationery,Notebooks,391,Monsoon,0
2021-07-12,P030,Stationery,Notebooks,295,Monsoon,0
2021-07-19,P030,Stationery,Notebooks,394,Monsoon,0
2021-07-26,P030,Stationery,Notebooks,436,Monsoon,0
2021-08-02,P030,Stationery,Notebooks,313,Monsoon,0
2021-08-09,P030,Stationery,Notebooks,297,Monsoon,0
2021-08-16,P030,Stationery,Notebooks,477,Monsoon,0
2021-08-23,P030,Stationery,Notebooks,350,Monsoon,0
2021-08-30,P030,Stationery,Notebooks,451,Monsoon,0
2021-09-06,P030,Stationery,Notebooks,377,Monsoon,0
2021-09-13,P030,Stationery,Notebooks,376,Monsoon,0
2021-09-20,P030,Stationery,Notebooks,411,Monsoon,0
2021-09-27,P030,Stationery,Notebooks,334,Monsoon,0
2021-10-04,P030,Stationery,Notebooks,393,Autumn,0
2021-10-11,P030,Stationery,Notebooks,363,Autumn,0
2021-10-18,P030,Stationery,Notebooks,309,Autumn,0
2021-10-25,P030,Stationery,Notebooks,405,Autumn,0
2021-11-01,P030,Stationery,Notebooks,1584,Autumn,1
2021-11-08,P030,Stationery,Notebooks,376,Autumn,0
2021-11-15,P030,Stationery,Notebooks,315,Autumn,0
2021-11-22,P030,Stationery,Notebooks,478,Autumn,0
2021-11-29,P030,Stationery,Notebooks,436,Autumn,0
2021-12-06,P030,Stationery,Notebooks,441,Winter,0
2021-12-13,P030,Stationery,Notebooks,368,Winter,0
2021-12-20,P030,Stationery,Notebooks,285,Winter,0
2021-12-27,P030,Stationery,Notebooks,499,Winter,0
2022-01-03,P030,Stationery,Notebooks,397,Winter,0
2022-01-10,P030,Stationery,Notebooks,356,Winter,0
2022-01-17,P030,Stationery,Notebooks,426,Winter,0
2022-01-24,P030,Stationery,Notebooks,471,Winter,0
2022-01-31,P030,Stationery,Notebooks,400,Winter,0
2022-02-07,P030,Stationery,Notebooks,478,Winter,0
2022-02-14,P030,Stationery,Notebooks,466,Winter,0
2022-02-21,P030,Stationery,Notebooks,336,Winter,0
2022-02-28,P030,Stationery,Notebooks,360,Winter,0
2022-03-07,P030,Stationery,Notebooks,459,Summer,0
2022-03-14,P030,Stationery,Notebooks,238,Summer,0
2022-03-21,P030,Stationery,Notebooks,392,Summer,0
2022-03-28,P030,Stationery,Notebooks,315,Summer,0
2022-04-04,P030,Stationery,Notebooks,372,Summer,0
2022-04-11,P030,Stationery,Notebooks,383,Summer,0
2022-04-18,P030,Stationery,Notebooks,379,Summer,0
2022-04-25,P030,Stationery,Notebooks,368,Summer,0
2022-05-02,P030,Stationery,Notebooks,335,Summer,0
2022-05-09,P030,Stationery,Notebooks,539,Summer,0
2022-05-16,P030,Stationery,Notebooks,513,Summer,0
2022-05-23,P030,Stationery,Notebooks,331,Summer,0
2022-05-30,P030,Stationery,Notebooks,496,Summer,0
2022-06-06,P030,Stationery,Notebooks,1320,Summer,0
2022-06-13,P030,Stationery,Notebooks,1432,Summer,0
2022-06-20,P030,Stationery,Notebooks,1391,Summer,0
2022-06-27,P030,Stationery,Notebooks,1265,Summer,0
2022-07-04,P030,Stationery,Notebooks,460,Monsoon,0
2022-07-11,P030,Stationery,Notebooks,409,Monsoon,0
2022-07-18,P030,Stationery,Notebooks,372,Monsoon,0
2022-07-25,P030,Stationery,Notebooks,322,Monsoon,0
2022-08-01,P030,Stationery,Notebooks,347,Monsoon,0
2022-08-08,P030,Stationery,Notebooks,302,Monsoon,0
2022-08-15,P030,Stationery,Notebooks,402,Monsoon,0
2022-08-22,P030,Stationery,Notebooks,329,Monsoon,0
2022-08-29,P030,Stationery,Notebooks,385,Monsoon,0
2022-09-05,P030,Stationery,Notebooks,483,Monsoon,0
2022-09-12,P030,Stationery,Notebooks,473,Monsoon,0
2022-09-19,P030,Stationery,Notebooks,399,Monsoon,0
2022-09-26,P030,Stationery,Notebooks,396,Monsoon,0
2022-10-03,P030,Stationery,Notebooks,514,Autumn,0
2022-10-10,P030,Stationery,Notebooks,432,Autumn,0
2022-10-17,P030,Stationery,Notebooks,381,Autumn,0
2022-10-24,P030,Stationery,Notebooks,1676,Autumn,1
2022-10-31,P030,Stationery,Notebooks,425,Autumn,0
2022-11-07,P030,Stationery,Notebooks,451,Autumn,0
2022-11-14,P030,Stationery,Notebooks,363,Autumn,0
2022-11-21,P030,Stationery,Notebooks,418,Autumn,0
2022-11-28,P030,Stationery,Notebooks,379,Autumn,0
2022-12-05,P030,Stationery,Notebooks,390,Winter,0
2022-12-12,P030,Stationery,Notebooks,251,Winter,0
2022-12-19,P030,Stationery,Notebooks,388,Winter,0
2022-12-26,P030,Stationery,Notebooks,459,Winter,0
2023-01-02,P030,Stationery,Notebooks,377,Winter,0
2023-01-09,P030,Stationery,Notebooks,420,Winter,0
2023-01-16,P030,Stationery,Notebooks,369,Winter,0
2023-01-23,P030,Stationery,Notebooks,439,Winter,0
2023-01-30,P030,Stationery,Notebooks,403,Winter,0
2023-02-06,P030,Stationery,Notebooks,358,Winter,0
2023-02-13,P030,Stationery,Notebooks,500,Winter,0
2023-02-20,P030,Stationery,Notebooks,474,Winter,0
2023-02-27,P030,Stationery,Notebooks,379,Winter,0
2023-03-06,P030,Stationery,Notebooks,448,Summer,0
2023-03-13,P030,Stationery,Notebooks,450,Summer,0
2023-03-20,P030,Stationery,Notebooks,457,Summer,0
2023-03-27,P030,Stationery,Notebooks,310,Summer,0
2023-04-03,P030,Stationery,Notebooks,479,Summer,0
2023-04-10,P030,Stationery,Notebooks,381,Summer,0
2023-04-17,P030,Stationery,Notebooks,394,Summer,0
2023-04-24,P030,Stationery,Notebooks,581,Summer,0
2023-05-01,P030,Stationery,Notebooks,435,Summer,0
2023-05-08,P030,Stationery,Notebooks,392,Summer,0
2023-05-15,P030,Stationery,Notebooks,278,Summer,0
2023-05-22,P030,Stationery,Notebooks,503,Summer,0
2023-05-29,P030,Stationery,Notebooks,332,Summer,0
2023-06-05,P030,Stationery,Notebooks,1239,Summer,0
2023-06-12,P030,Stationery,Notebooks,1386,Summer,0
2023-06-19,P030,Stationery,Notebooks,1769,Summer,0
2023-06-26,P030,Stationery,Notebooks,1628,Summer,0
2023-07-03,P030,Stationery,Notebooks,407,Monsoon,0
2023-07-10,P030,Stationery,Notebooks,436,Monsoon,0
2023-07-17,P030,Stationery,Notebooks,379,Monsoon,0
2023-07-24,P030,Stationery,Notebooks,425,Monsoon,0
2023-07-31,P030,Stationery,Notebooks,421,Monsoon,0
2023-08-07,P030,Stationery,Notebooks,477,Monsoon,0
2023-08-14,P030,Stationery,Notebooks,477,Monsoon,0
2023-08-21,P030,Stationery,Notebooks,447,Monsoon,0
2023-08-28,P030,Stationery,Notebooks,394,Monsoon,0
2023-09-04,P030,Stationery,Notebooks,463,Monsoon,0
2023-09-11,P030,Stationery,Notebooks,411,Monsoon,0
2023-09-18,P030,Stationery,Notebooks,349,Monsoon,0
2023-09-25,P030,Stationery,Notebooks,391,Monsoon,0
2023-10-02,P030,Stationery,Notebooks,422,Autumn,0
2023-10-09,P030,Stationery,Notebooks,473,Autumn,0
2023-10-16,P030,Stationery,Notebooks,405,Autumn,0
2023-10-23,P030,Stationery,Notebooks,341,Autumn,0
2023-10-30,P030,Stationery,Notebooks,420,Autumn,0
2023-11-06,P030,Stationery,Notebooks,2084,Autumn,1
2023-11-13,P030,Stationery,Notebooks,428,Autumn,0
2023-11-20,P030,Stationery,Notebooks,474,Autumn,0
2023-11-27,P030,Stationery,Notebooks,480,Autumn,0
2023-12-04,P030,Stationery,Notebooks,379,Winter,0
2023-12-11,P030,Stationery,Notebooks,378,Winter,0
2023-12-18,P030,Stationery,Notebooks,351,Winter,0
2023-12-25,P030,Stationery,Notebooks,460,Winter,0
2024-01-01,P030,Stationery,Notebooks,526,Winter,0
2024-01-08,P030,Stationery,Notebooks,411,Winter,0
2024-01-15,P030,Stationery,Notebooks,416,Winter,0
2024-01-22,P030,Stationery,Notebooks,527,Winter,0
2024-01-29,P030,Stationery,Notebooks,465,Winter,0
2024-02-05,P030,Stationery,Notebooks,460,Winter,0
2024-02-12,P030,Stationery,Notebooks,355,Winter,0
2024-02-19,P030,Stationery,Notebooks,476,Winter,0
2024-02-26,P030,Stationery,Notebooks,372,Winter,0
2024-03-04,P030,Stationery,Notebooks,358,Summer,0
2024-03-11,P030,Stationery,Notebooks,409,Summer,0
2024-03-18,P030,Stationery,Notebooks,394,Summer,0
2024-03-25,P030,Stationery,Notebooks,417,Summer,0
2024-04-01,P030,Stationery,Notebooks,338,Summer,0
2024-04-08,P030,Stationery,Notebooks,494,Summer,0
2024-04-15,P030,Stationery,Notebooks,505,Summer,0
2024-04-22,P030,Stationery,Notebooks,306,Summer,0
2024-04-29,P030,Stationery,Notebooks,495,Summer,0
2024-05-06,P030,Stationery,Notebooks,379,Summer,0
2024-05-13,P030,Stationery,Notebooks,487,Summer,0
2024-05-20,P030,Stationery,Notebooks,427,Summer,0
2024-05-27,P030,Stationery,Notebooks,434,Summer,0
2024-06-03,P030,Stationery,Notebooks,1471,Summer,0
2024-06-10,P030,Stationery,Notebooks,1788,Summer,0
2024-06-17,P030,Stationery,Notebooks,1231,Summer,0
2024-06-24,P030,Stationery,Notebooks,1651,Summer,0
2024-07-01,P030,Stationery,Notebooks,503,Monsoon,0
2024-07-08,P030,Stationery,Notebooks,478,Monsoon,0
2024-07-15,P030,Stationery,Notebooks,583,Monsoon,0
2024-07-22,P030,Stationery,Notebooks,398,Monsoon,0
2024-07-29,P030,Stationery,Notebooks,494,Monsoon,0
2024-08-05,P030,Stationery,Notebooks,425,Monsoon,0
2024-08-12,P030,Stationery,Notebooks,512,Monsoon,0
2024-08-19,P030,Stationery,Notebooks,431,Monsoon,0
2024-08-26,P030,Stationery,Notebooks,407,Monsoon,0
2024-09-02,P030,Stationery,Notebooks,517,Monsoon,0
2024-09-09,P030,Stationery,Notebooks,400,Monsoon,0
2024-09-16,P030,Stationery,Notebooks,340,Monsoon,0
2024-09-23,P030,Stationery,Notebooks,398,Monsoon,0
2024-09-30,P030,Stationery,Notebooks,472,Monsoon,0
2024-10-07,P030,Stationery,Notebooks,522,Autumn,0
2024-10-14,P030,Stationery,Notebooks,439,Autumn,0
2024-10-21,P030,Stationery,Notebooks,517,Autumn,0
2024-10-28,P030,Stationery,Notebooks,1610,Autumn,1
2024-11-04,P030,Stationery,Notebooks,403,Autumn,0
2024-11-11,P030,Stationery,Notebooks,413,Autumn,0
2024-11-18,P030,Stationery,Notebooks,424,Autumn,0
2024-11-25,P030,Stationery,Notebooks,437,Autumn,0
2024-12-02,P030,Stationery,Notebooks,477,Winter,0
2024-12-09,P030,Stationery,Notebooks,403,Winter,0
2024-12-16,P030,Stationery,Notebooks,441,Winter,0
2024-12-23,P030,Stationery,Notebooks,429,Winter,0
2021-01-04,P031,Stationery,School Bags,489,Winter,0
2021-01-11,P031,Stationery,School Bags,439,Winter,0
2021-01-18,P031,Stationery,School Bags,495,Winter,0
2021-01-25,P031,Stationery,School Bags,485,Winter,0
2021-02-01,P031,Stationery,School Bags,429,Winter,0
2021-02-08,P031,Stationery,School Bags,327,Winter,0
2021-02-15,P031,Stationery,School Bags,410,Winter,0
2021-02-22,P031,Stationery,School Bags,560,Winter,0
2021-03-01,P031,Stationery,School Bags,466,Summer,0
2021-03-08,P031,Stationery,School Bags,401,Summer,0
2021-03-15,P031,Stationery,School Bags,460,Summer,0
2021-03-22,P031,Stationery,School Bags,489,Summer,0
2021-03-29,P031,Stationery,School Bags,401,Summer,0
2021-04-05,P031,Stationery,School Bags,526,Summer,0
2021-04-12,P031,Stationery,School Bags,477,Summer,0
2021-04-19,P031,Stationery,School Bags,370,Summer,0
2021-04-26,P031,Stationery,School Bags,501,Summer,0
2021-05-03,P031,Stationery,School Bags,416,Summer,0
2021-05-10,P031,Stationery,School Bags,432,Summer,0
2021-05-17,P031,Stationery,School Bags,376,Summer,0
2021-05-24,P031,Stationery,School Bags,486,Summer,0
2021-05-31,P031,Stationery,School Bags,434,Summer,0
2021-06-07,P031,Stationery,School Bags,1711,Summer,0
2021-06-14,P031,Stationery,School Bags,1425,Summer,0
2021-06-21,P031,Stationery,School Bags,1398,Summer,0
2021-06-28,P031,Stationery,School Bags,1380,Summer,0
2021-07-05,P031,Stationery,School Bags,470,Monsoon,0
2021-07-12,P031,Stationery,School Bags,398,Monsoon,0
2021-07-19,P031,Stationery,School Bags,430,Monsoon,0
2021-07-26,P031,Stationery,School Bags,409,Monsoon,0
2021-08-02,P031,Stationery,School Bags,473,Monsoon,0
2021-08-09,P031,Stationery,School Bags,328,Monsoon,0
2021-08-16,P031,Stationery,School Bags,460,Monsoon,0
2021-08-23,P031,Stationery,School Bags,559,Monsoon,0
2021-08-30,P031,Stationery,School Bags,526,Monsoon,0
2021-09-06,P031,Stationery,School Bags,402,Monsoon,0
2021-09-13,P031,Stationery,School Bags,476,Monsoon,0
2021-09-20,P031,Stationery,School Bags,464,Monsoon,0
2021-09-27,P031,Stationery,School Bags,541,Monsoon,0
2021-10-04,P031,Stationery,School Bags,276,Autumn,0
2021-10-11,P031,Stationery,School Bags,518,Autumn,0
2021-10-18,P031,Stationery,School Bags,426,Autumn,0
2021-10-25,P031,Stationery,School Bags,394,Autumn,0
2021-11-01,P031,Stationery,School Bags,1678,Autumn,1
2021-11-08,P031,Stationery,School Bags,357,Autumn,0
2021-11-15,P031,Stationery,School Bags,403,Autumn,0
2021-11-22,P031,Stationery,School Bags,372,Autumn,0
2021-11-29,P031,Stationery,School Bags,456,Autumn,0
2021-12-06,P031,Stationery,School Bags,483,Winter,0
2021-12-13,P031,Stationery,School Bags,426,Winter,0
2021-12-20,P031,Stationery,School Bags,543,Winter,0
2021-12-27,P031,Stationery,School Bags,407,Winter,0
2022-01-03,P031,Stationery,School Bags,440,Winter,0
2022-01-10,P031,Stationery,School Bags,429,Winter,0
2022-01-17,P031,Stationery,School Bags,503,Winter,0
2022-01-24,P031,Stationery,School Bags,510,Winter,0
2022-01-31,P031,Stationery,School Bags,496,Winter,0
2022-02-07,P031,Stationery,School Bags,453,Winter,0
2022-02-14,P031,Stationery,School Bags,368,Winter,0
2022-02-21,P031,Stationery,School Bags,439,Winter,0
2022-02-28,P031,Stationery,School Bags,564,Winter,0
2022-03-07,P031,Stationery,School Bags,531,Summer,0
2022-03-14,P031,Stationery,School Bags,482,Summer,0
2022-03-21,P031,Stationery,School Bags,435,Summer,0
2022-03-28,P031,Stationery,School Bags,460,Summer,0
2022-04-04,P031,Stationery,School Bags,435,Summer,0
2022-04-11,P031,Stationery,School Bags,544,Summer,0
2022-04-18,P031,Stationery,School Bags,403,Summer,0
2022-04-25,P031,Stationery,School Bags,525,Summer,0
2022-05-02,P031,Stationery,School Bags,425,Summer,0
2022-05-09,P031,Stationery,School Bags,553,Summer,0
2022-05-16,P031,Stationery,School Bags,491,Summer,0
2022-05-23,P031,Stationery,School Bags,409,Summer,0
2022-05-30,P031,Stationery,School Bags,440,Summer,0
2022-06-06,P031,Stationery,School Bags,1788,Summer,0
2022-06-13,P031,Stationery,School Bags,1495,Summer,0
2022-06-20,P031,Stationery,School Bags,1621,Summer,0
2022-06-27,P031,Stationery,School Bags,1491,Summer,0
2022-07-04,P031,Stationery,School Bags,583,Monsoon,0
2022-07-11,P031,Stationery,School Bags,595,Monsoon,0
2022-07-18,P031,Stationery,School Bags,563,Monsoon,0
2022-07-25,P031,Stationery,School Bags,453,Monsoon,0
2022-08-01,P031,Stationery,School Bags,433,Monsoon,0
2022-08-08,P031,Stationery,School Bags,407,Monsoon,0
2022-08-15,P031,Stationery,School Bags,568,Monsoon,0
2022-08-22,P031,Stationery,School Bags,526,Monsoon,0
2022-08-29,P031,Stationery,School Bags,529,Monsoon,0
2022-09-05,P031,Stationery,School Bags,444,Monsoon,0
2022-09-12,P031,Stationery,School Bags,340,Monsoon,0
2022-09-19,P031,Stationery,School Bags,355,Monsoon,0
2022-09-26,P031,Stationery,School Bags,465,Monsoon,0
2022-10-03,P031,Stationery,School Bags,425,Autumn,0
2022-10-10,P031,Stationery,School Bags,417,Autumn,0
2022-10-17,P031,Stationery,School Bags,485,Autumn,0
2022-10-24,P031,Stationery,School Bags,2825,Autumn,1
2022-10-31,P031,Stationery,School Bags,413,Autumn,0
2022-11-07,P031,Stationery,School Bags,371,Autumn,0
2022-11-14,P031,Stationery,School Bags,414,Autumn,0
2022-11-21,P031,Stationery,School Bags,389,Autumn,0
2022-11-28,P031,Stationery,School Bags,502,Autumn,0
2022-12-05,P031,Stationery,School Bags,461,Winter,0
2022-12-12,P031,Stationery,School Bags,592,Winter,0
2022-12-19,P031,Stationery,School Bags,512,Winter,0
2022-12-26,P031,Stationery,School Bags,587,Winter,0
2023-01-02,P031,Stationery,School Bags,378,Winter,0
2023-01-09,P031,Stationery,School Bags,245,Winter,0
2023-01-16,P031,Stationery,School Bags,496,Winter,0
2023-01-23,P031,Stationery,School Bags,488,Winter,0
2023-01-30,P031,Stationery,School Bags,470,Winter,0
2023-02-06,P031,Stationery,School Bags,486,Winter,0
2023-02-13,P031,Stationery,School Bags,398,Winter,0
2023-02-20,P031,Stationery,School Bags,520,Winter,0
2023-02-27,P031,Stationery,School Bags,532,Winter,0
2023-03-06,P031,Stationery,School Bags,393,Summer,0
2023-03-13,P031,Stationery,School Bags,454,Summer,0
2023-03-20,P031,Stationery,School Bags,458,Summer,0
2023-03-27,P031,Stationery,School Bags,431,Summer,0
2023-04-03,P031,Stationery,School Bags,396,Summer,0
2023-04-10,P031,Stationery,School Bags,480,Summer,0
2023-04-17,P031,Stationery,School Bags,498,Summer,0
2023-04-24,P031,Stationery,School Bags,435,Summer,0
2023-05-01,P031,Stationery,School Bags,401,Summer,0
2023-05-08,P031,Stationery,School Bags,509,Summer,0
2023-05-15,P031,Stationery,School Bags,424,Summer,0
2023-05-22,P031,Stationery,School Bags,457,Summer,0
2023-05-29,P031,Stationery,School Bags,448,Summer,0
2023-06-05,P031,Stationery,School Bags,1991,Summer,0
2023-06-12,P031,Stationery,School Bags,1496,Summer,0
2023-06-19,P031,Stationery,School Bags,2112,Summer,0
2023-06-26,P031,Stationery,School Bags,1867,Summer,0
2023-07-03,P031,Stationery,School Bags,610,Monsoon,0
2023-07-10,P031,Stationery,School Bags,527,Monsoon,0
2023-07-17,P031,Stationery,School Bags,463,Monsoon,0
2023-07-24,P031,Stationery,School Bags,413,Monsoon,0
2023-07-31,P031,Stationery,School Bags,453,Monsoon,0
2023-08-07,P031,Stationery,School Bags,586,Monsoon,0
2023-08-14,P031,Stationery,School Bags,476,Monsoon,0
2023-08-21,P031,Stationery,School Bags,527,Monsoon,0
2023-08-28,P031,Stationery,School Bags,494,Monsoon,0
2023-09-04,P031,Stationery,School Bags,497,Monsoon,0
2023-09-11,P031,Stationery,School Bags,500,Monsoon,0
2023-09-18,P031,Stationery,School Bags,515,Monsoon,0
2023-09-25,P031,Stationery,School Bags,420,Monsoon,0
2023-10-02,P031,Stationery,School Bags,459,Autumn,0
2023-10-09,P031,Stationery,School Bags,501,Autumn,0
2023-10-16,P031,Stationery,School Bags,491,Autumn,0
2023-10-23,P031,Stationery,School Bags,446,Autumn,0
2023-10-30,P031,Stationery,School Bags,509,Autumn,0
2023-11-06,P031,Stationery,School Bags,2085,Autumn,1
2023-11-13,P031,Stationery,School Bags,391,Autumn,0
2023-11-20,P031,Stationery,School Bags,500,Autumn,0
2023-11-27,P031,Stationery,School Bags,393,Autumn,0
2023-12-04,P031,Stationery,School Bags,499,Winter,0
2023-12-11,P031,Stationery,School Bags,338,Winter,0
2023-12-18,P031,Stationery,School Bags,427,Winter,0
2023-12-25,P031,Stationery,School Bags,455,Winter,0
2024-01-01,P031,Stationery,School Bags,377,Winter,0
2024-01-08,P031,Stationery,School Bags,469,Winter,0
2024-01-15,P031,Stationery,School Bags,585,Winter,0
2024-01-22,P031,Stationery,School Bags,402,Winter,0
2024-01-29,P031,Stationery,School Bags,471,Winter,0
2024-02-05,P031,Stationery,School Bags,624,Winter,0
2024-02-12,P031,Stationery,School Bags,418,Winter,0
2024-02-19,P031,Stationery,School Bags,601,Winter,0
2024-02-26,P031,Stationery,School Bags,476,Winter,0
2024-03-04,P031,Stationery,School Bags,504,Summer,0
2024-03-11,P031,Stationery,School Bags,593,Summer,0
2024-03-18,P031,Stationery,School Bags,461,Summer,0
2024-03-25,P031,Stationery,School Bags,544,Summer,0
2024-04-01,P031,Stationery,School Bags,563,Summer,0
2024-04-08,P031,Stationery,School Bags,448,Summer,0
2024-04-15,P031,Stationery,School Bags,440,Summer,0
2024-04-22,P031,Stationery,School Bags,480,Summer,0
2024-04-29,P031,Stationery,School Bags,482,Summer,0
2024-05-06,P031,Stationery,School Bags,416,Summer,0
2024-05-13,P031,Stationery,School Bags,449,Summer,0
2024-05-20,P031,Stationery,School Bags,238,Summer,0
2024-05-27,P031,Stationery,School Bags,472,Summer,0
2024-06-03,P031,Stationery,School Bags,1973,Summer,0
2024-06-10,P031,Stationery,School Bags,1305,Summer,0
2024-06-17,P031,Stationery,School Bags,1619,Summer,0
2024-06-24,P031,Stationery,School Bags,2378,Summer,0
2024-07-01,P031,Stationery,School Bags,495,Monsoon,0
2024-07-08,P031,Stationery,School Bags,598,Monsoon,0
2024-07-15,P031,Stationery,School Bags,421,Monsoon,0
2024-07-22,P031,Stationery,School Bags,530,Monsoon,0
2024-07-29,P031,Stationery,School Bags,409,Monsoon,0
2024-08-05,P031,Stationery,School Bags,527,Monsoon,0
2024-08-12,P031,Stationery,School Bags,560,Monsoon,0
2024-08-19,P031,Stationery,School Bags,542,Monsoon,0
2024-08-26,P031,Stationery,School Bags,471,Monsoon,0
2024-09-02,P031,Stationery,School Bags,517,Monsoon,0
2024-09-09,P031,Stationery,School Bags,518,Monsoon,0
2024-09-16,P031,Stationery,School Bags,546,Monsoon,0
2024-09-23,P031,Stationery,School Bags,488,Monsoon,0
2024-09-30,P031,Stationery,School Bags,566,Monsoon,0
2024-10-07,P031,Stationery,School Bags,604,Autumn,0
2024-10-14,P031,Stationery,School Bags,473,Autumn,0
2024-10-21,P031,Stationery,School Bags,500,Autumn,0
2024-10-28,P031,Stationery,School Bags,2010,Autumn,1
2024-11-04,P031,Stationery,School Bags,522,Autumn,0
2024-11-11,P031,Stationery,School Bags,523,Autumn,0
2024-11-18,P031,Stationery,School Bags,501,Autumn,0
2024-11-25,P031,Stationery,School Bags,507,Autumn,0
2024-12-02,P031,Stationery,School Bags,640,Winter,0
2024-12-09,P031,Stationery,School Bags,281,Winter,0
2024-12-16,P031,Stationery,School Bags,460,Winter,0
2024-12-23,P031,Stationery,School Bags,471,Winter,0
2021-01-04,P032,Stationery,Stationery Kits,511,Winter,0
2021-01-11,P032,Stationery,Stationery Kits,514,Winter,0
2021-01-18,P032,Stationery,Stationery Kits,480,Winter,0
2021-01-25,P032,Stationery,Stationery Kits,406,Winter,0
2021-02-01,P032,Stationery,Stationery Kits,284,Winter,0
2021-02-08,P032,Stationery,Stationery Kits,655,Winter,0
2021-02-15,P032,Stationery,Stationery Kits,426,Winter,0
2021-02-22,P032,Stationery,Stationery Kits,686,Winter,0
2021-03-01,P032,Stationery,Stationery Kits,617,Summer,0
2021-03-08,P032,Stationery,Stationery Kits,522,Summer,0
2021-03-15,P032,Stationery,Stationery Kits,607,Summer,0
2021-03-22,P032,Stationery,Stationery Kits,591,Summer,0
2021-03-29,P032,Stationery,Stationery Kits,464,Summer,0
2021-04-05,P032,Stationery,Stationery Kits,554,Summer,0
2021-04-12,P032,Stationery,Stationery Kits,474,Summer,0
2021-04-19,P032,Stationery,Stationery Kits,610,Summer,0
2021-04-26,P032,Stationery,Stationery Kits,496,Summer,0
2021-05-03,P032,Stationery,Stationery Kits,547,Summer,0
2021-05-10,P032,Stationery,Stationery Kits,544,Summer,0
2021-05-17,P032,Stationery,Stationery Kits,566,Summer,0
2021-05-24,P032,Stationery,Stationery Kits,694,Summer,0
2021-05-31,P032,Stationery,Stationery Kits,535,Summer,0
2021-06-07,P032,Stationery,Stationery Kits,2301,Summer,0
2021-06-14,P032,Stationery,Stationery Kits,2086,Summer,0
2021-06-21,P032,Stationery,Stationery Kits,2360,Summer,0
2021-06-28,P032,Stationery,Stationery Kits,1847,Summer,0
2021-07-05,P032,Stationery,Stationery Kits,614,Monsoon,0
2021-07-12,P032,Stationery,Stationery Kits,551,Monsoon,0
2021-07-19,P032,Stationery,Stationery Kits,306,Monsoon,0
2021-07-26,P032,Stationery,Stationery Kits,465,Monsoon,0
2021-08-02,P032,Stationery,Stationery Kits,604,Monsoon,0
2021-08-09,P032,Stationery,Stationery Kits,599,Monsoon,0
2021-08-16,P032,Stationery,Stationery Kits,447,Monsoon,0
2021-08-23,P032,Stationery,Stationery Kits,574,Monsoon,0
2021-08-30,P032,Stationery,Stationery Kits,597,Monsoon,0
2021-09-06,P032,Stationery,Stationery Kits,553,Monsoon,0
2021-09-13,P032,Stationery,Stationery Kits,616,Monsoon,0
2021-09-20,P032,Stationery,Stationery Kits,605,Monsoon,0
2021-09-27,P032,Stationery,Stationery Kits,553,Monsoon,0
2021-10-04,P032,Stationery,Stationery Kits,513,Autumn,0
2021-10-11,P032,Stationery,Stationery Kits,642,Autumn,0
2021-10-18,P032,Stationery,Stationery Kits,594,Autumn,0
2021-10-25,P032,Stationery,Stationery Kits,440,Autumn,0
2021-11-01,P032,Stationery,Stationery Kits,2455,Autumn,1
2021-11-08,P032,Stationery,Stationery Kits,460,Autumn,0
2021-11-15,P032,Stationery,Stationery Kits,475,Autumn,0
2021-11-22,P032,Stationery,Stationery Kits,501,Autumn,0
2021-11-29,P032,Stationery,Stationery Kits,559,Autumn,0
2021-12-06,P032,Stationery,Stationery Kits,587,Winter,0
2021-12-13,P032,Stationery,Stationery Kits,521,Winter,0
2021-12-20,P032,Stationery,Stationery Kits,525,Winter,0
2021-12-27,P032,Stationery,Stationery Kits,514,Winter,0
2022-01-03,P032,Stationery,Stationery Kits,669,Winter,0
2022-01-10,P032,Stationery,Stationery Kits,330,Winter,0
2022-01-17,P032,Stationery,Stationery Kits,551,Winter,0
2022-01-24,P032,Stationery,Stationery Kits,712,Winter,0
2022-01-31,P032,Stationery,Stationery Kits,623,Winter,0
2022-02-07,P032,Stationery,Stationery Kits,688,Winter,0
2022-02-14,P032,Stationery,Stationery Kits,401,Winter,0
2022-02-21,P032,Stationery,Stationery Kits,470,Winter,0
2022-02-28,P032,Stationery,Stationery Kits,622,Winter,0
2022-03-07,P032,Stationery,Stationery Kits,712,Summer,0
2022-03-14,P032,Stationery,Stationery Kits,479,Summer,0
2022-03-21,P032,Stationery,Stationery Kits,544,Summer,0
2022-03-28,P032,Stationery,Stationery Kits,613,Summer,0
2022-04-04,P032,Stationery,Stationery Kits,452,Summer,0
2022-04-11,P032,Stationery,Stationery Kits,623,Summer,0
2022-04-18,P032,Stationery,Stationery Kits,346,Summer,0
2022-04-25,P032,Stationery,Stationery Kits,620,Summer,0
2022-05-02,P032,Stationery,Stationery Kits,491,Summer,0
2022-05-09,P032,Stationery,Stationery Kits,539,Summer,0
2022-05-16,P032,Stationery,Stationery Kits,634,Summer,0
2022-05-23,P032,Stationery,Stationery Kits,617,Summer,0
2022-05-30,P032,Stationery,Stationery Kits,577,Summer,0
2022-06-06,P032,Stationery,Stationery Kits,2318,Summer,0
2022-06-13,P032,Stationery,Stationery Kits,1507,Summer,0
2022-06-20,P032,Stationery,Stationery Kits,2085,Summer,0
2022-06-27,P032,Stationery,Stationery Kits,1783,Summer,0
2022-07-04,P032,Stationery,Stationery Kits,657,Monsoon,0
2022-07-11,P032,Stationery,Stationery Kits,637,Monsoon,0
2022-07-18,P032,Stationery,Stationery Kits,640,Monsoon,0
2022-07-25,P032,Stationery,Stationery Kits,720,Monsoon,0
2022-08-01,P032,Stationery,Stationery Kits,675,Monsoon,0
2022-08-08,P032,Stationery,Stationery Kits,564,Monsoon,0
2022-08-15,P032,Stationery,Stationery Kits,578,Monsoon,0
2022-08-22,P032,Stationery,Stationery Kits,630,Monsoon,0
2022-08-29,P032,Stationery,Stationery Kits,590,Monsoon,0
2022-09-05,P032,Stationery,Stationery Kits,639,Monsoon,0
2022-09-12,P032,Stationery,Stationery Kits,384,Monsoon,0
2022-09-19,P032,Stationery,Stationery Kits,741,Monsoon,0
2022-09-26,P032,Stationery,Stationery Kits,583,Monsoon,0
2022-10-03,P032,Stationery,Stationery Kits,437,Autumn,0
2022-10-10,P032,Stationery,Stationery Kits,498,Autumn,0
2022-10-17,P032,Stationery,Stationery Kits,393,Autumn,0
2022-10-24,P032,Stationery,Stationery Kits,2568,Autumn,1
2022-10-31,P032,Stationery,Stationery Kits,565,Autumn,0
2022-11-07,P032,Stationery,Stationery Kits,709,Autumn,0
2022-11-14,P032,Stationery,Stationery Kits,613,Autumn,0
2022-11-21,P032,Stationery,Stationery Kits,598,Autumn,0
2022-11-28,P032,Stationery,Stationery Kits,479,Autumn,0
2022-12-05,P032,Stationery,Stationery Kits,506,Winter,0
2022-12-12,P032,Stationery,Stationery Kits,513,Winter,0
2022-12-19,P032,Stationery,Stationery Kits,516,Winter,0
2022-12-26,P032,Stationery,Stationery Kits,547,Winter,0
2023-01-02,P032,Stationery,Stationery Kits,575,Winter,0
2023-01-09,P032,Stationery,Stationery Kits,569,Winter,0
2023-01-16,P032,Stationery,Stationery Kits,540,Winter,0
2023-01-23,P032,Stationery,Stationery Kits,612,Winter,0
2023-01-30,P032,Stationery,Stationery Kits,572,Winter,0
2023-02-06,P032,Stationery,Stationery Kits,456,Winter,0
2023-02-13,P032,Stationery,Stationery Kits,603,Winter,0
2023-02-20,P032,Stationery,Stationery Kits,589,Winter,0
2023-02-27,P032,Stationery,Stationery Kits,458,Winter,0
2023-03-06,P032,Stationery,Stationery Kits,547,Summer,0
2023-03-13,P032,Stationery,Stationery Kits,654,Summer,0
2023-03-20,P032,Stationery,Stationery Kits,498,Summer,0
2023-03-27,P032,Stationery,Stationery Kits,488,Summer,0
2023-04-03,P032,Stationery,Stationery Kits,571,Summer,0
2023-04-10,P032,Stationery,Stationery Kits,656,Summer,0
2023-04-17,P032,Stationery,Stationery Kits,763,Summer,0
2023-04-24,P032,Stationery,Stationery Kits,659,Summer,0
2023-05-01,P032,Stationery,Stationery Kits,698,Summer,0
2023-05-08,P032,Stationery,Stationery Kits,631,Summer,0
2023-05-15,P032,Stationery,Stationery Kits,538,Summer,0
2023-05-22,P032,Stationery,Stationery Kits,659,Summer,0
2023-05-29,P032,Stationery,Stationery Kits,592,Summer,0
2023-06-05,P032,Stationery,Stationery Kits,2220,Summer,0
2023-06-12,P032,Stationery,Stationery Kits,1803,Summer,0
2023-06-19,P032,Stationery,Stationery Kits,2248,Summer,0
2023-06-26,P032,Stationery,Stationery Kits,2063,Summer,0
2023-07-03,P032,Stationery,Stationery Kits,621,Monsoon,0
2023-07-10,P032,Stationery,Stationery Kits,592,Monsoon,0
2023-07-17,P032,Stationery,Stationery Kits,575,Monsoon,0
2023-07-24,P032,Stationery,Stationery Kits,644,Monsoon,0
2023-07-31,P032,Stationery,Stationery Kits,563,Monsoon,0
2023-08-07,P032,Stationery,Stationery Kits,457,Monsoon,0
2023-08-14,P032,Stationery,Stationery Kits,431,Monsoon,0
2023-08-21,P032,Stationery,Stationery Kits,617,Monsoon,0
2023-08-28,P032,Stationery,Stationery Kits,560,Monsoon,0
2023-09-04,P032,Stationery,Stationery Kits,444,Monsoon,0
2023-09-11,P032,Stationery,Stationery Kits,610,Monsoon,0
2023-09-18,P032,Stationery,Stationery Kits,592,Monsoon,0
2023-09-25,P032,Stationery,Stationery Kits,555,Monsoon,0
2023-10-02,P032,Stationery,Stationery Kits,622,Autumn,0
2023-10-09,P032,Stationery,Stationery Kits,718,Autumn,0
2023-10-16,P032,Stationery,Stationery Kits,716,Autumn,0
2023-10-23,P032,Stationery,Stationery Kits,613,Autumn,0
2023-10-30,P032,Stationery,Stationery Kits,592,Autumn,0
2023-11-06,P032,Stationery,Stationery Kits,3022,Autumn,1
2023-11-13,P032,Stationery,Stationery Kits,628,Autumn,0
2023-11-20,P032,Stationery,Stationery Kits,576,Autumn,0
2023-11-27,P032,Stationery,Stationery Kits,616,Autumn,0
2023-12-04,P032,Stationery,Stationery Kits,458,Winter,0
2023-12-11,P032,Stationery,Stationery Kits,607,Winter,0
2023-12-18,P032,Stationery,Stationery Kits,643,Winter,0
2023-12-25,P032,Stationery,Stationery Kits,556,Winter,0
2024-01-01,P032,Stationery,Stationery Kits,613,Winter,0
2024-01-08,P032,Stationery,Stationery Kits,518,Winter,0
2024-01-15,P032,Stationery,Stationery Kits,505,Winter,0
2024-01-22,P032,Stationery,Stationery Kits,642,Winter,0
2024-01-29,P032,Stationery,Stationery Kits,554,Winter,0
2024-02-05,P032,Stationery,Stationery Kits,456,Winter,0
2024-02-12,P032,Stationery,Stationery Kits,518,Winter,0
2024-02-19,P032,Stationery,Stationery Kits,532,Winter,0
2024-02-26,P032,Stationery,Stationery Kits,695,Winter,0
2024-03-04,P032,Stationery,Stationery Kits,639,Summer,0
2024-03-11,P032,Stationery,Stationery Kits,541,Summer,0
2024-03-18,P032,Stationery,Stationery Kits,567,Summer,0
2024-03-25,P032,Stationery,Stationery Kits,745,Summer,0
2024-04-01,P032,Stationery,Stationery Kits,710,Summer,0
2024-04-08,P032,Stationery,Stationery Kits,518,Summer,0
2024-04-15,P032,Stationery,Stationery Kits,731,Summer,0
2024-04-22,P032,Stationery,Stationery Kits,615,Summer,0
2024-04-29,P032,Stationery,Stationery Kits,697,Summer,0
2024-05-06,P032,Stationery,Stationery Kits,607,Summer,0
2024-05-13,P032,Stationery,Stationery Kits,733,Summer,0
2024-05-20,P032,Stationery,Stationery Kits,514,Summer,0
2024-05-27,P032,Stationery,Stationery Kits,598,Summer,0
2024-06-03,P032,Stationery,Stationery Kits,2577,Summer,0
2024-06-10,P032,Stationery,Stationery Kits,1397,Summer,0
2024-06-17,P032,Stationery,Stationery Kits,2164,Summer,0
2024-06-24,P032,Stationery,Stationery Kits,2050,Summer,0
2024-07-01,P032,Stationery,Stationery Kits,686,Monsoon,0
2024-07-08,P032,Stationery,Stationery Kits,722,Monsoon,0
2024-07-15,P032,Stationery,Stationery Kits,690,Monsoon,0
2024-07-22,P032,Stationery,Stationery Kits,645,Monsoon,0
2024-07-29,P032,Stationery,Stationery Kits,626,Monsoon,0
2024-08-05,P032,Stationery,Stationery Kits,590,Monsoon,0
2024-08-12,P032,Stationery,Stationery Kits,642,Monsoon,0
2024-08-19,P032,Stationery,Stationery Kits,759,Monsoon,0
2024-08-26,P032,Stationery,Stationery Kits,545,Monsoon,0
2024-09-02,P032,Stationery,Stationery Kits,585,Monsoon,0
2024-09-09,P032,Stationery,Stationery Kits,615,Monsoon,0
2024-09-16,P032,Stationery,Stationery Kits,716,Monsoon,0
2024-09-23,P032,Stationery,Stationery Kits,643,Monsoon,0
2024-09-30,P032,Stationery,Stationery Kits,714,Monsoon,0
2024-10-07,P032,Stationery,Stationery Kits,719,Autumn,0
2024-10-14,P032,Stationery,Stationery Kits,678,Autumn,0
2024-10-21,P032,Stationery,Stationery Kits,523,Autumn,0
2024-10-28,P032,Stationery,Stationery Kits,3638,Autumn,1
2024-11-04,P032,Stationery,Stationery Kits,754,Autumn,0
2024-11-11,P032,Stationery,Stationery Kits,628,Autumn,0
2024-11-18,P032,Stationery,Stationery Kits,493,Autumn,0
2024-11-25,P032,Stationery,Stationery Kits,476,Autumn,0
2024-12-02,P032,Stationery,Stationery Kits,646,Winter,0
2024-12-09,P032,Stationery,Stationery Kits,557,Winter,0
2024-12-16,P032,Stationery,Stationery Kits,462,Winter,0
2024-12-23,P032,Stationery,Stationery Kits,475,Winter,0
2021-01-04,P033,Other,Lunch Box,271,Winter,0
2021-01-11,P033,Other,Lunch Box,435,Winter,0
2021-01-18,P033,Other,Lunch Box,327,Winter,0
2021-01-25,P033,Other,Lunch Box,334,Winter,0
2021-02-01,P033,Other,Lunch Box,333,Winter,0
2021-02-08,P033,Other,Lunch Box,488,Winter,0
2021-02-15,P033,Other,Lunch Box,346,Winter,0
2021-02-22,P033,Other,Lunch Box,439,Winter,0
2021-03-01,P033,Other,Lunch Box,383,Summer,0
2021-03-08,P033,Other,Lunch Box,337,Summer,0
2021-03-15,P033,Other,Lunch Box,326,Summer,0
2021-03-22,P033,Other,Lunch Box,348,Summer,0
2021-03-29,P033,Other,Lunch Box,380,Summer,0
2021-04-05,P033,Other,Lunch Box,419,Summer,0
2021-04-12,P033,Other,Lunch Box,357,Summer,0
2021-04-19,P033,Other,Lunch Box,355,Summer,0
2021-04-26,P033,Other,Lunch Box,334,Summer,0
2021-05-03,P033,Other,Lunch Box,316,Summer,0
2021-05-10,P033,Other,Lunch Box,311,Summer,0
2021-05-17,P033,Other,Lunch Box,442,Summer,0
2021-05-24,P033,Other,Lunch Box,354,Summer,0
2021-05-31,P033,Other,Lunch Box,359,Summer,0
2021-06-07,P033,Other,Lunch Box,1212,Summer,0
2021-06-14,P033,Other,Lunch Box,1283,Summer,0
2021-06-21,P033,Other,Lunch Box,1422,Summer,0
2021-06-28,P033,Other,Lunch Box,1249,Summer,0
2021-07-05,P033,Other,Lunch Box,395,Monsoon,0
2021-07-12,P033,Other,Lunch Box,466,Monsoon,0
2021-07-19,P033,Other,Lunch Box,337,Monsoon,0
2021-07-26,P033,Other,Lunch Box,359,Monsoon,0
2021-08-02,P033,Other,Lunch Box,422,Monsoon,0
2021-08-09,P033,Other,Lunch Box,471,Monsoon,0
2021-08-16,P033,Other,Lunch Box,313,Monsoon,0
2021-08-23,P033,Other,Lunch Box,286,Monsoon,0
2021-08-30,P033,Other,Lunch Box,384,Monsoon,0
2021-09-06,P033,Other,Lunch Box,379,Monsoon,0
2021-09-13,P033,Other,Lunch Box,425,Monsoon,0
2021-09-20,P033,Other,Lunch Box,416,Monsoon,0
2021-09-27,P033,Other,Lunch Box,383,Monsoon,0
2021-10-04,P033,Other,Lunch Box,445,Autumn,0
2021-10-11,P033,Other,Lunch Box,345,Autumn,0
2021-10-18,P033,Other,Lunch Box,397,Autumn,0
2021-10-25,P033,Other,Lunch Box,314,Autumn,0
2021-11-01,P033,Other,Lunch Box,1635,Autumn,1
2021-11-08,P033,Other,Lunch Box,300,Autumn,0
2021-11-15,P033,Other,Lunch Box,320,Autumn,0
2021-11-22,P033,Other,Lunch Box,483,Autumn,0
2021-11-29,P033,Other,Lunch Box,279,Autumn,0
2021-12-06,P033,Other,Lunch Box,372,Winter,0
2021-12-13,P033,Other,Lunch Box,432,Winter,0
2021-12-20,P033,Other,Lunch Box,513,Winter,0
2021-12-27,P033,Other,Lunch Box,395,Winter,0
2022-01-03,P033,Other,Lunch Box,414,Winter,0
2022-01-10,P033,Other,Lunch Box,402,Winter,0
2022-01-17,P033,Other,Lunch Box,463,Winter,0
2022-01-24,P033,Other,Lunch Box,426,Winter,0
2022-01-31,P033,Other,Lunch Box,365,Winter,0
2022-02-07,P033,Other,Lunch Box,467,Winter,0
2022-02-14,P033,Other,Lunch Box,372,Winter,0
2022-02-21,P033,Other,Lunch Box,304,Winter,0
2022-02-28,P033,Other,Lunch Box,304,Winter,0
2022-03-07,P033,Other,Lunch Box,388,Summer,0
2022-03-14,P033,Other,Lunch Box,406,Summer,0
2022-03-21,P033,Other,Lunch Box,457,Summer,0
2022-03-28,P033,Other,Lunch Box,438,Summer,0
2022-04-04,P033,Other,Lunch Box,405,Summer,0
2022-04-11,P033,Other,Lunch Box,461,Summer,0
2022-04-18,P033,Other,Lunch Box,401,Summer,0
2022-04-25,P033,Other,Lunch Box,322,Summer,0
2022-05-02,P033,Other,Lunch Box,309,Summer,0
2022-05-09,P033,Other,Lunch Box,477,Summer,0
2022-05-16,P033,Other,Lunch Box,265,Summer,0
2022-05-23,P033,Other,Lunch Box,388,Summer,0
2022-05-30,P033,Other,Lunch Box,579,Summer,0
2022-06-06,P033,Other,Lunch Box,1497,Summer,0
2022-06-13,P033,Other,Lunch Box,1357,Summer,0
2022-06-20,P033,Other,Lunch Box,1047,Summer,0
2022-06-27,P033,Other,Lunch Box,1741,Summer,0
2022-07-04,P033,Other,Lunch Box,473,Monsoon,0
2022-07-11,P033,Other,Lunch Box,441,Monsoon,0
2022-07-18,P033,Other,Lunch Box,400,Monsoon,0
2022-07-25,P033,Other,Lunch Box,434,Monsoon,0
2022-08-01,P033,Other,Lunch Box,391,Monsoon,0
2022-08-08,P033,Other,Lunch Box,341,Monsoon,0
2022-08-15,P033,Other,Lunch Box,457,Monsoon,0
2022-08-22,P033,Other,Lunch Box,397,Monsoon,0
2022-08-29,P033,Other,Lunch Box,431,Monsoon,0
2022-09-05,P033,Other,Lunch Box,393,Monsoon,0
2022-09-12,P033,Other,Lunch Box,428,Monsoon,0
2022-09-19,P033,Other,Lunch Box,399,Monsoon,0
2022-09-26,P033,Other,Lunch Box,394,Monsoon,0
2022-10-03,P033,Other,Lunch Box,402,Autumn,0
2022-10-10,P033,Other,Lunch Box,578,Autumn,0
2022-10-17,P033,Other,Lunch Box,448,Autumn,0
2022-10-24,P033,Other,Lunch Box,2951,Autumn,1
2022-10-31,P033,Other,Lunch Box,399,Autumn,0
2022-11-07,P033,Other,Lunch Box,381,Autumn,0
2022-11-14,P033,Other,Lunch Box,335,Autumn,0
2022-11-21,P033,Other,Lunch Box,496,Autumn,0
2022-11-28,P033,Other,Lunch Box,346,Autumn,0
2022-12-05,P033,Other,Lunch Box,509,Winter,0
2022-12-12,P033,Other,Lunch Box,339,Winter,0
2022-12-19,P033,Other,Lunch Box,453,Winter,0
2022-12-26,P033,Other,Lunch Box,304,Winter,0
2023-01-02,P033,Other,Lunch Box,388,Winter,0
2023-01-09,P033,Other,Lunch Box,417,Winter,0
2023-01-16,P033,Other,Lunch Box,378,Winter,0
2023-01-23,P033,Other,Lunch Box,405,Winter,0
2023-01-30,P033,Other,Lunch Box,405,Winter,0
2023-02-06,P033,Other,Lunch Box,466,Winter,0
2023-02-13,P033,Other,Lunch Box,285,Winter,0
2023-02-20,P033,Other,Lunch Box,380,Winter,0
2023-02-27,P033,Other,Lunch Box,494,Winter,0
2023-03-06,P033,Other,Lunch Box,450,Summer,0
2023-03-13,P033,Other,Lunch Box,495,Summer,0
2023-03-20,P033,Other,Lunch Box,463,Summer,0
2023-03-27,P033,Other,Lunch Box,348,Summer,0
2023-04-03,P033,Other,Lunch Box,457,Summer,0
2023-04-10,P033,Other,Lunch Box,422,Summer,0
2023-04-17,P033,Other,Lunch Box,557,Summer,0
2023-04-24,P033,Other,Lunch Box,465,Summer,0
2023-05-01,P033,Other,Lunch Box,448,Summer,0
2023-05-08,P033,Other,Lunch Box,457,Summer,0
2023-05-15,P033,Other,Lunch Box,445,Summer,0
2023-05-22,P033,Other,Lunch Box,443,Summer,0
2023-05-29,P033,Other,Lunch Box,399,Summer,0
2023-06-05,P033,Other,Lunch Box,1572,Summer,0
2023-06-12,P033,Other,Lunch Box,1662,Summer,0
2023-06-19,P033,Other,Lunch Box,1686,Summer,0
2023-06-26,P033,Other,Lunch Box,1660,Summer,0
2023-07-03,P033,Other,Lunch Box,509,Monsoon,0
2023-07-10,P033,Other,Lunch Box,485,Monsoon,0
2023-07-17,P033,Other,Lunch Box,455,Monsoon,0
2023-07-24,P033,Other,Lunch Box,344,Monsoon,0
2023-07-31,P033,Other,Lunch Box,344,Monsoon,0
2023-08-07,P033,Other,Lunch Box,400,Monsoon,0
2023-08-14,P033,Other,Lunch Box,418,Monsoon,0
2023-08-21,P033,Other,Lunch Box,502,Monsoon,0
2023-08-28,P033,Other,Lunch Box,242,Monsoon,0
2023-09-04,P033,Other,Lunch Box,351,Monsoon,0
2023-09-11,P033,Other,Lunch Box,403,Monsoon,0
2023-09-18,P033,Other,Lunch Box,353,Monsoon,0
2023-09-25,P033,Other,Lunch Box,366,Monsoon,0
2023-10-02,P033,Other,Lunch Box,384,Autumn,0
2023-10-09,P033,Other,Lunch Box,356,Autumn,0
2023-10-16,P033,Other,Lunch Box,367,Autumn,0
2023-10-23,P033,Other,Lunch Box,500,Autumn,0
2023-10-30,P033,Other,Lunch Box,454,Autumn,0
2023-11-06,P033,Other,Lunch Box,2279,Autumn,1
2023-11-13,P033,Other,Lunch Box,413,Autumn,0
2023-11-20,P033,Other,Lunch Box,478,Autumn,0
2023-11-27,P033,Other,Lunch Box,468,Autumn,0
2023-12-04,P033,Other,Lunch Box,453,Winter,0
2023-12-11,P033,Other,Lunch Box,374,Winter,0
2023-12-18,P033,Other,Lunch Box,388,Winter,0
2023-12-25,P033,Other,Lunch Box,481,Winter,0
2024-01-01,P033,Other,Lunch Box,397,Winter,0
2024-01-08,P033,Other,Lunch Box,347,Winter,0
2024-01-15,P033,Other,Lunch Box,396,Winter,0
2024-01-22,P033,Other,Lunch Box,532,Winter,0
2024-01-29,P033,Other,Lunch Box,396,Winter,0
2024-02-05,P033,Other,Lunch Box,452,Winter,0
2024-02-12,P033,Other,Lunch Box,391,Winter,0
2024-02-19,P033,Other,Lunch Box,480,Winter,0
2024-02-26,P033,Other,Lunch Box,465,Winter,0
2024-03-04,P033,Other,Lunch Box,334,Summer,0
2024-03-11,P033,Other,Lunch Box,448,Summer,0
2024-03-18,P033,Other,Lunch Box,322,Summer,0
2024-03-25,P033,Other,Lunch Box,395,Summer,0
2024-04-01,P033,Other,Lunch Box,430,Summer,0
2024-04-08,P033,Other,Lunch Box,550,Summer,0
2024-04-15,P033,Other,Lunch Box,451,Summer,0
2024-04-22,P033,Other,Lunch Box,381,Summer,0
2024-04-29,P033,Other,Lunch Box,410,Summer,0
2024-05-06,P033,Other,Lunch Box,490,Summer,0
2024-05-13,P033,Other,Lunch Box,382,Summer,0
2024-05-20,P033,Other,Lunch Box,502,Summer,0
2024-05-27,P033,Other,Lunch Box,397,Summer,0
2024-06-03,P033,Other,Lunch Box,1301,Summer,0
2024-06-10,P033,Other,Lunch Box,1398,Summer,0
2024-06-17,P033,Other,Lunch Box,1143,Summer,0
2024-06-24,P033,Other,Lunch Box,1017,Summer,0
2024-07-01,P033,Other,Lunch Box,425,Monsoon,0
2024-07-08,P033,Other,Lunch Box,426,Monsoon,0
2024-07-15,P033,Other,Lunch Box,447,Monsoon,0
2024-07-22,P033,Other,Lunch Box,425,Monsoon,0
2024-07-29,P033,Other,Lunch Box,581,Monsoon,0
2024-08-05,P033,Other,Lunch Box,442,Monsoon,0
2024-08-12,P033,Other,Lunch Box,342,Monsoon,0
2024-08-19,P033,Other,Lunch Box,358,Monsoon,0
2024-08-26,P033,Other,Lunch Box,431,Monsoon,0
2024-09-02,P033,Other,Lunch Box,403,Monsoon,0
2024-09-09,P033,Other,Lunch Box,351,Monsoon,0
2024-09-16,P033,Other,Lunch Box,427,Monsoon,0
2024-09-23,P033,Other,Lunch Box,428,Monsoon,0
2024-09-30,P033,Other,Lunch Box,534,Monsoon,0
2024-10-07,P033,Other,Lunch Box,371,Autumn,0
2024-10-14,P033,Other,Lunch Box,404,Autumn,0
2024-10-21,P033,Other,Lunch Box,534,Autumn,0
2024-10-28,P033,Other,Lunch Box,2116,Autumn,1
2024-11-04,P033,Other,Lunch Box,371,Autumn,0
2024-11-11,P033,Other,Lunch Box,384,Autumn,0
2024-11-18,P033,Other,Lunch Box,352,Autumn,0
2024-11-25,P033,Other,Lunch Box,436,Autumn,0
2024-12-02,P033,Other,Lunch Box,497,Winter,0
2024-12-09,P033,Other,Lunch Box,536,Winter,0
2024-12-16,P033,Other,Lunch Box,335,Winter,0
2024-12-23,P033,Other,Lunch Box,487,Winter,0
2021-01-04,P034,Other,Toys,123,Winter,0
2021-01-11,P034,Other,Toys,196,Winter,0
2021-01-18,P034,Other,Toys,122,Winter,0
2021-01-25,P034,Other,Toys,191,Winter,0
2021-02-01,P034,Other,Toys,159,Winter,0
2021-02-08,P034,Other,Toys,186,Winter,0
2021-02-15,P034,Other,Toys,135,Winter,0
2021-02-22,P034,Other,Toys,198,Winter,0
2021-03-01,P034,Other,Toys,131,Summer,0
2021-03-08,P034,Other,Toys,152,Summer,0
2021-03-15,P034,Other,Toys,143,Summer,0
2021-03-22,P034,Other,Toys,124,Summer,0
2021-03-29,P034,Other,Toys,171,Summer,0
2021-04-05,P034,Other,Toys,214,Summer,0
2021-04-12,P034,Other,Toys,236,Summer,0
2021-04-19,P034,Other,Toys,171,Summer,0
2021-04-26,P034,Other,Toys,197,Summer,0
2021-05-03,P034,Other,Toys,174,Summer,0
2021-05-10,P034,Other,Toys,181,Summer,0
2021-05-17,P034,Other,Toys,160,Summer,0
2021-05-24,P034,Other,Toys,173,Summer,0
2021-05-31,P034,Other,Toys,182,Summer,0
2021-06-07,P034,Other,Toys,154,Summer,0
2021-06-14,P034,Other,Toys,167,Summer,0
2021-06-21,P034,Other,Toys,167,Summer,0
2021-06-28,P034,Other,Toys,189,Summer,0
2021-07-05,P034,Other,Toys,141,Monsoon,0
2021-07-12,P034,Other,Toys,167,Monsoon,0
2021-07-19,P034,Other,Toys,217,Monsoon,0
2021-07-26,P034,Other,Toys,198,Monsoon,0
2021-08-02,P034,Other,Toys,203,Monsoon,0
2021-08-09,P034,Other,Toys,169,Monsoon,0
2021-08-16,P034,Other,Toys,177,Monsoon,0
2021-08-23,P034,Other,Toys,194,Monsoon,0
2021-08-30,P034,Other,Toys,208,Monsoon,0
2021-09-06,P034,Other,Toys,119,Monsoon,0
2021-09-13,P034,Other,Toys,135,Monsoon,0
2021-09-20,P034,Other,Toys,202,Monsoon,0
2021-09-27,P034,Other,Toys,161,Monsoon,0
2021-10-04,P034,Other,Toys,151,Autumn,0
2021-10-11,P034,Other,Toys,137,Autumn,0
2021-10-18,P034,Other,Toys,154,Autumn,0
2021-10-25,P034,Other,Toys,133,Autumn,0
2021-11-01,P034,Other,Toys,948,Autumn,1
2021-11-08,P034,Other,Toys,168,Autumn,0
2021-11-15,P034,Other,Toys,167,Autumn,0
2021-11-22,P034,Other,Toys,183,Autumn,0
2021-11-29,P034,Other,Toys,193,Autumn,0
2021-12-06,P034,Other,Toys,192,Winter,0
2021-12-13,P034,Other,Toys,196,Winter,0
2021-12-20,P034,Other,Toys,153,Winter,0
2021-12-27,P034,Other,Toys,161,Winter,0
2022-01-03,P034,Other,Toys,196,Winter,0
2022-01-10,P034,Other,Toys,161,Winter,0
2022-01-17,P034,Other,Toys,175,Winter,0
2022-01-24,P034,Other,Toys,186,Winter,0
2022-01-31,P034,Other,Toys,196,Winter,0
2022-02-07,P034,Other,Toys,128,Winter,0
2022-02-14,P034,Other,Toys,194,Winter,0
2022-02-21,P034,Other,Toys,169,Winter,0
2022-02-28,P034,Other,Toys,194,Winter,0
2022-03-07,P034,Other,Toys,196,Summer,0
2022-03-14,P034,Other,Toys,218,Summer,0
2022-03-21,P034,Other,Toys,211,Summer,0
2022-03-28,P034,Other,Toys,211,Summer,0
2022-04-04,P034,Other,Toys,213,Summer,0
2022-04-11,P034,Other,Toys,183,Summer,0
2022-04-18,P034,Other,Toys,176,Summer,0
2022-04-25,P034,Other,Toys,198,Summer,0
2022-05-02,P034,Other,Toys,195,Summer,0
2022-05-09,P034,Other,Toys,167,Summer,0
2022-05-16,P034,Other,Toys,186,Summer,0
2022-05-23,P034,Other,Toys,174,Summer,0
2022-05-30,P034,Other,Toys,153,Summer,0
2022-06-06,P034,Other,Toys,209,Summer,0
2022-06-13,P034,Other,Toys,177,Summer,0
2022-06-20,P034,Other,Toys,229,Summer,0
2022-06-27,P034,Other,Toys,132,Summer,0
2022-07-04,P034,Other,Toys,161,Monsoon,0
2022-07-11,P034,Other,Toys,176,Monsoon,0
2022-07-18,P034,Other,Toys,205,Monsoon,0
2022-07-25,P034,Other,Toys,186,Monsoon,0
2022-08-01,P034,Other,Toys,183,Monsoon,0
2022-08-08,P034,Other,Toys,146,Monsoon,0
2022-08-15,P034,Other,Toys,145,Monsoon,0
2022-08-22,P034,Other,Toys,184,Monsoon,0
2022-08-29,P034,Other,Toys,139,Monsoon,0
2022-09-05,P034,Other,Toys,161,Monsoon,0
2022-09-12,P034,Other,Toys,188,Monsoon,0
2022-09-19,P034,Other,Toys,149,Monsoon,0
2022-09-26,P034,Other,Toys,218,Monsoon,0
2022-10-03,P034,Other,Toys,208,Autumn,0
2022-10-10,P034,Other,Toys,134,Autumn,0
2022-10-17,P034,Other,Toys,151,Autumn,0
2022-10-24,P034,Other,Toys,613,Autumn,1
2022-10-31,P034,Other,Toys,155,Autumn,0
2022-11-07,P034,Other,Toys,195,Autumn,0
2022-11-14,P034,Other,Toys,164,Autumn,0
2022-11-21,P034,Other,Toys,187,Autumn,0
2022-11-28,P034,Other,Toys,135,Autumn,0
2022-12-05,P034,Other,Toys,196,Winter,0
2022-12-12,P034,Other,Toys,161,Winter,0
2022-12-19,P034,Other,Toys,176,Winter,0
2022-12-26,P034,Other,Toys,173,Winter,0
2023-01-02,P034,Other,Toys,147,Winter,0
2023-01-09,P034,Other,Toys,150,Winter,0
2023-01-16,P034,Other,Toys,209,Winter,0
2023-01-23,P034,Other,Toys,193,Winter,0
2023-01-30,P034,Other,Toys,211,Winter,0
2023-02-06,P034,Other,Toys,191,Winter,0
2023-02-13,P034,Other,Toys,186,Winter,0
2023-02-20,P034,Other,Toys,135,Winter,0
2023-02-27,P034,Other,Toys,175,Winter,0
2023-03-06,P034,Other,Toys,181,Summer,0
2023-03-13,P034,Other,Toys,235,Summer,0
2023-03-20,P034,Other,Toys,201,Summer,0
2023-03-27,P034,Other,Toys,224,Summer,0
2023-04-03,P034,Other,Toys,198,Summer,0
2023-04-10,P034,Other,Toys,163,Summer,0
2023-04-17,P034,Other,Toys,185,Summer,0
2023-04-24,P034,Other,Toys,188,Summer,0
2023-05-01,P034,Other,Toys,156,Summer,0
2023-05-08,P034,Other,Toys,171,Summer,0
2023-05-15,P034,Other,Toys,176,Summer,0
2023-05-22,P034,Other,Toys,226,Summer,0
2023-05-29,P034,Other,Toys,125,Summer,0
2023-06-05,P034,Other,Toys,215,Summer,0
2023-06-12,P034,Other,Toys,156,Summer,0
2023-06-19,P034,Other,Toys,144,Summer,0
2023-06-26,P034,Other,Toys,214,Summer,0
2023-07-03,P034,Other,Toys,202,Monsoon,0
2023-07-10,P034,Other,Toys,216,Monsoon,0
2023-07-17,P034,Other,Toys,204,Monsoon,0
2023-07-24,P034,Other,Toys,238,Monsoon,0
2023-07-31,P034,Other,Toys,197,Monsoon,0
2023-08-07,P034,Other,Toys,178,Monsoon,0
2023-08-14,P034,Other,Toys,191,Monsoon,0
2023-08-21,P034,Other,Toys,216,Monsoon,0
2023-08-28,P034,Other,Toys,161,Monsoon,0
2023-09-04,P034,Other,Toys,164,Monsoon,0
2023-09-11,P034,Other,Toys,174,Monsoon,0
2023-09-18,P034,Other,Toys,124,Monsoon,0
2023-09-25,P034,Other,Toys,186,Monsoon,0
2023-10-02,P034,Other,Toys,130,Autumn,0
2023-10-09,P034,Other,Toys,183,Autumn,0
2023-10-16,P034,Other,Toys,206,Autumn,0
2023-10-23,P034,Other,Toys,169,Autumn,0
2023-10-30,P034,Other,Toys,228,Autumn,0
2023-11-06,P034,Other,Toys,700,Autumn,1
2023-11-13,P034,Other,Toys,215,Autumn,0
2023-11-20,P034,Other,Toys,201,Autumn,0
2023-11-27,P034,Other,Toys,135,Autumn,0
2023-12-04,P034,Other,Toys,256,Winter,0
2023-12-11,P034,Other,Toys,180,Winter,0
2023-12-18,P034,Other,Toys,158,Winter,0
2023-12-25,P034,Other,Toys,143,Winter,0
2024-01-01,P034,Other,Toys,183,Winter,0
2024-01-08,P034,Other,Toys,185,Winter,0
2024-01-15,P034,Other,Toys,192,Winter,0
2024-01-22,P034,Other,Toys,180,Winter,0
2024-01-29,P034,Other,Toys,207,Winter,0
2024-02-05,P034,Other,Toys,178,Winter,0
2024-02-12,P034,Other,Toys,134,Winter,0
2024-02-19,P034,Other,Toys,185,Winter,0
2024-02-26,P034,Other,Toys,122,Winter,0
2024-03-04,P034,Other,Toys,199,Summer,0
2024-03-11,P034,Other,Toys,161,Summer,0
2024-03-18,P034,Other,Toys,193,Summer,0
2024-03-25,P034,Other,Toys,226,Summer,0
2024-04-01,P034,Other,Toys,162,Summer,0
2024-04-08,P034,Other,Toys,219,Summer,0
2024-04-15,P034,Other,Toys,176,Summer,0
2024-04-22,P034,Other,Toys,239,Summer,0
2024-04-29,P034,Other,Toys,178,Summer,0
2024-05-06,P034,Other,Toys,165,Summer,0
2024-05-13,P034,Other,Toys,208,Summer,0
2024-05-20,P034,Other,Toys,176,Summer,0
2024-05-27,P034,Other,Toys,165,Summer,0
2024-06-03,P034,Other,Toys,175,Summer,0
2024-06-10,P034,Other,Toys,188,Summer,0
2024-06-17,P034,Other,Toys,227,Summer,0
2024-06-24,P034,Other,Toys,134,Summer,0
2024-07-01,P034,Other,Toys,189,Monsoon,0
2024-07-08,P034,Other,Toys,207,Monsoon,0
2024-07-15,P034,Other,Toys,194,Monsoon,0
2024-07-22,P034,Other,Toys,226,Monsoon,0
2024-07-29,P034,Other,Toys,187,Monsoon,0
2024-08-05,P034,Other,Toys,184,Monsoon,0
2024-08-12,P034,Other,Toys,206,Monsoon,0
2024-08-19,P034,Other,Toys,192,Monsoon,0
2024-08-26,P034,Other,Toys,178,Monsoon,0
2024-09-02,P034,Other,Toys,203,Monsoon,0
2024-09-09,P034,Other,Toys,170,Monsoon,0
2024-09-16,P034,Other,Toys,171,Monsoon,0
2024-09-23,P034,Other,Toys,174,Monsoon,0
2024-09-30,P034,Other,Toys,227,Monsoon,0
2024-10-07,P034,Other,Toys,97,Autumn,0
2024-10-14,P034,Other,Toys,200,Autumn,0
2024-10-21,P034,Other,Toys,190,Autumn,0
2024-10-28,P034,Other,Toys,662,Autumn,1
2024-11-04,P034,Other,Toys,198,Autumn,0
2024-11-11,P034,Other,Toys,202,Autumn,0
2024-11-18,P034,Other,Toys,206,Autumn,0
2024-11-25,P034,Other,Toys,113,Autumn,0
2024-12-02,P034,Other,Toys,228,Winter,0
2024-12-09,P034,Other,Toys,168,Winter,0
2024-12-16,P034,Other,Toys,208,Winter,0
2024-12-23,P034,Other,Toys,210,Winter,0
2021-01-04,P035,Other,Sports Shoes,223,Winter,0
2021-01-11,P035,Other,Sports Shoes,205,Winter,0
2021-01-18,P035,Other,Sports Shoes,170,Winter,0
2021-01-25,P035,Other,Sports Shoes,232,Winter,0
2021-02-01,P035,Other,Sports Shoes,217,Winter,0
2021-02-08,P035,Other,Sports Shoes,288,Winter,0
2021-02-15,P035,Other,Sports Shoes,235,Winter,0
2021-02-22,P035,Other,Sports Shoes,207,Winter,0
2021-03-01,P035,Other,Sports Shoes,202,Summer,0
2021-03-08,P035,Other,Sports Shoes,319,Summer,0
2021-03-15,P035,Other,Sports Shoes,245,Summer,0
2021-03-22,P035,Other,Sports Shoes,217,Summer,0
2021-03-29,P035,Other,Sports Shoes,250,Summer,0
2021-04-05,P035,Other,Sports Shoes,315,Summer,0
2021-04-12,P035,Other,Sports Shoes,231,Summer,0
2021-04-19,P035,Other,Sports Shoes,271,Summer,0
2021-04-26,P035,Other,Sports Shoes,289,Summer,0
2021-05-03,P035,Other,Sports Shoes,176,Summer,0
2021-05-10,P035,Other,Sports Shoes,222,Summer,0
2021-05-17,P035,Other,Sports Shoes,285,Summer,0
2021-05-24,P035,Other,Sports Shoes,220,Summer,0
2021-05-31,P035,Other,Sports Shoes,261,Summer,0
2021-06-07,P035,Other,Sports Shoes,218,Summer,0
2021-06-14,P035,Other,Sports Shoes,229,Summer,0
2021-06-21,P035,Other,Sports Shoes,225,Summer,0
2021-06-28,P035,Other,Sports Shoes,269,Summer,0
2021-07-05,P035,Other,Sports Shoes,253,Monsoon,0
2021-07-12,P035,Other,Sports Shoes,249,Monsoon,0
2021-07-19,P035,Other,Sports Shoes,338,Monsoon,0
2021-07-26,P035,Other,Sports Shoes,310,Monsoon,0
2021-08-02,P035,Other,Sports Shoes,172,Monsoon,0
2021-08-09,P035,Other,Sports Shoes,229,Monsoon,0
2021-08-16,P035,Other,Sports Shoes,335,Monsoon,0
2021-08-23,P035,Other,Sports Shoes,224,Monsoon,0
2021-08-30,P035,Other,Sports Shoes,323,Monsoon,0
2021-09-06,P035,Other,Sports Shoes,230,Monsoon,0
2021-09-13,P035,Other,Sports Shoes,237,Monsoon,0
2021-09-20,P035,Other,Sports Shoes,277,Monsoon,0
2021-09-27,P035,Other,Sports Shoes,242,Monsoon,0
2021-10-04,P035,Other,Sports Shoes,264,Autumn,0
2021-10-11,P035,Other,Sports Shoes,304,Autumn,0
2021-10-18,P035,Other,Sports Shoes,273,Autumn,0
2021-10-25,P035,Other,Sports Shoes,251,Autumn,0
2021-11-01,P035,Other,Sports Shoes,1315,Autumn,1
2021-11-08,P035,Other,Sports Shoes,278,Autumn,0
2021-11-15,P035,Other,Sports Shoes,218,Autumn,0
2021-11-22,P035,Other,Sports Shoes,319,Autumn,0
2021-11-29,P035,Other,Sports Shoes,269,Autumn,0
2021-12-06,P035,Other,Sports Shoes,238,Winter,0
2021-12-13,P035,Other,Sports Shoes,171,Winter,0
2021-12-20,P035,Other,Sports Shoes,195,Winter,0
2021-12-27,P035,Other,Sports Shoes,308,Winter,0
2022-01-03,P035,Other,Sports Shoes,322,Winter,0
2022-01-10,P035,Other,Sports Shoes,259,Winter,0
2022-01-17,P035,Other,Sports Shoes,187,Winter,0
2022-01-24,P035,Other,Sports Shoes,214,Winter,0
2022-01-31,P035,Other,Sports Shoes,193,Winter,0
2022-02-07,P035,Other,Sports Shoes,192,Winter,0
2022-02-14,P035,Other,Sports Shoes,333,Winter,0
2022-02-21,P035,Other,Sports Shoes,334,Winter,0
2022-02-28,P035,Other,Sports Shoes,212,Winter,0
2022-03-07,P035,Other,Sports Shoes,255,Summer,0
2022-03-14,P035,Other,Sports Shoes,206,Summer,0
2022-03-21,P035,Other,Sports Shoes,255,Summer,0
2022-03-28,P035,Other,Sports Shoes,318,Summer,0
2022-04-04,P035,Other,Sports Shoes,297,Summer,0
2022-04-11,P035,Other,Sports Shoes,286,Summer,0
2022-04-18,P035,Other,Sports Shoes,248,Summer,0
2022-04-25,P035,Other,Sports Shoes,304,Summer,0
2022-05-02,P035,Other,Sports Shoes,280,Summer,0
2022-05-09,P035,Other,Sports Shoes,271,Summer,0
2022-05-16,P035,Other,Sports Shoes,251,Summer,0
2022-05-23,P035,Other,Sports Shoes,268,Summer,0
2022-05-30,P035,Other,Sports Shoes,266,Summer,0
2022-06-06,P035,Other,Sports Shoes,235,Summer,0
2022-06-13,P035,Other,Sports Shoes,226,Summer,0
2022-06-20,P035,Other,Sports Shoes,217,Summer,0
2022-06-27,P035,Other,Sports Shoes,220,Summer,0
2022-07-04,P035,Other,Sports Shoes,248,Monsoon,0
2022-07-11,P035,Other,Sports Shoes,242,Monsoon,0
2022-07-18,P035,Other,Sports Shoes,232,Monsoon,0
2022-07-25,P035,Other,Sports Shoes,229,Monsoon,0
2022-08-01,P035,Other,Sports Shoes,267,Monsoon,0
2022-08-08,P035,Other,Sports Shoes,308,Monsoon,0
2022-08-15,P035,Other,Sports Shoes,255,Monsoon,0
2022-08-22,P035,Other,Sports Shoes,252,Monsoon,0
2022-08-29,P035,Other,Sports Shoes,219,Monsoon,0
2022-09-05,P035,Other,Sports Shoes,247,Monsoon,0
2022-09-12,P035,Other,Sports Shoes,301,Monsoon,0
2022-09-19,P035,Other,Sports Shoes,295,Monsoon,0
2022-09-26,P035,Other,Sports Shoes,292,Monsoon,0
2022-10-03,P035,Other,Sports Shoes,291,Autumn,0
2022-10-10,P035,Other,Sports Shoes,272,Autumn,0
2022-10-17,P035,Other,Sports Shoes,271,Autumn,0
2022-10-24,P035,Other,Sports Shoes,1408,Autumn,1
2022-10-31,P035,Other,Sports Shoes,239,Autumn,0
2022-11-07,P035,Other,Sports Shoes,259,Autumn,0
2022-11-14,P035,Other,Sports Shoes,264,Autumn,0
2022-11-21,P035,Other,Sports Shoes,280,Autumn,0
2022-11-28,P035,Other,Sports Shoes,259,Autumn,0
2022-12-05,P035,Other,Sports Shoes,336,Winter,0
2022-12-12,P035,Other,Sports Shoes,209,Winter,0
2022-12-19,P035,Other,Sports Shoes,284,Winter,0
2022-12-26,P035,Other,Sports Shoes,254,Winter,0
2023-01-02,P035,Other,Sports Shoes,265,Winter,0
2023-01-09,P035,Other,Sports Shoes,233,Winter,0
2023-01-16,P035,Other,Sports Shoes,306,Winter,0
2023-01-23,P035,Other,Sports Shoes,291,Winter,0
2023-01-30,P035,Other,Sports Shoes,298,Winter,0
2023-02-06,P035,Other,Sports Shoes,272,Winter,0
2023-02-13,P035,Other,Sports Shoes,252,Winter,0
2023-02-20,P035,Other,Sports Shoes,263,Winter,0
2023-02-27,P035,Other,Sports Shoes,282,Winter,0
2023-03-06,P035,Other,Sports Shoes,185,Summer,0
2023-03-13,P035,Other,Sports Shoes,300,Summer,0
2023-03-20,P035,Other,Sports Shoes,362,Summer,0
2023-03-27,P035,Other,Sports Shoes,284,Summer,0
2023-04-03,P035,Other,Sports Shoes,254,Summer,0
2023-04-10,P035,Other,Sports Shoes,259,Summer,0
2023-04-17,P035,Other,Sports Shoes,293,Summer,0
2023-04-24,P035,Other,Sports Shoes,255,Summer,0
2023-05-01,P035,Other,Sports Shoes,300,Summer,0
2023-05-08,P035,Other,Sports Shoes,258,Summer,0
2023-05-15,P035,Other,Sports Shoes,333,Summer,0
2023-05-22,P035,Other,Sports Shoes,332,Summer,0
2023-05-29,P035,Other,Sports Shoes,252,Summer,0
2023-06-05,P035,Other,Sports Shoes,262,Summer,0
2023-06-12,P035,Other,Sports Shoes,264,Summer,0
2023-06-19,P035,Other,Sports Shoes,265,Summer,0
2023-06-26,P035,Other,Sports Shoes,227,Summer,0
2023-07-03,P035,Other,Sports Shoes,222,Monsoon,0
2023-07-10,P035,Other,Sports Shoes,315,Monsoon,0
2023-07-17,P035,Other,Sports Shoes,309,Monsoon,0
2023-07-24,P035,Other,Sports Shoes,308,Monsoon,0
2023-07-31,P035,Other,Sports Shoes,262,Monsoon,0
2023-08-07,P035,Other,Sports Shoes,341,Monsoon,0
2023-08-14,P035,Other,Sports Shoes,264,Monsoon,0
2023-08-21,P035,Other,Sports Shoes,300,Monsoon,0
2023-08-28,P035,Other,Sports Shoes,210,Monsoon,0
2023-09-04,P035,Other,Sports Shoes,256,Monsoon,0
2023-09-11,P035,Other,Sports Shoes,259,Monsoon,0
2023-09-18,P035,Other,Sports Shoes,263,Monsoon,0
2023-09-25,P035,Other,Sports Shoes,212,Monsoon,0
2023-10-02,P035,Other,Sports Shoes,293,Autumn,0
2023-10-09,P035,Other,Sports Shoes,306,Autumn,0
2023-10-16,P035,Other,Sports Shoes,236,Autumn,0
2023-10-23,P035,Other,Sports Shoes,219,Autumn,0
2023-10-30,P035,Other,Sports Shoes,235,Autumn,0
2023-11-06,P035,Other,Sports Shoes,1403,Autumn,1
2023-11-13,P035,Other,Sports Shoes,241,Autumn,0
2023-11-20,P035,Other,Sports Shoes,260,Autumn,0
2023-11-27,P035,Other,Sports Shoes,222,Autumn,0
2023-12-04,P035,Other,Sports Shoes,344,Winter,0
2023-12-11,P035,Other,Sports Shoes,268,Winter,0
2023-12-18,P035,Other,Sports Shoes,311,Winter,0
2023-12-25,P035,Other,Sports Shoes,285,Winter,0
2024-01-01,P035,Other,Sports Shoes,273,Winter,0
2024-01-08,P035,Other,Sports Shoes,271,Winter,0
2024-01-15,P035,Other,Sports Shoes,245,Winter,0
2024-01-22,P035,Other,Sports Shoes,256,Winter,0
2024-01-29,P035,Other,Sports Shoes,233,Winter,0
2024-02-05,P035,Other,Sports Shoes,229,Winter,0
2024-02-12,P035,Other,Sports Shoes,361,Winter,0
2024-02-19,P035,Other,Sports Shoes,287,Winter,0
2024-02-26,P035,Other,Sports Shoes,336,Winter,0
2024-03-04,P035,Other,Sports Shoes,242,Summer,0
2024-03-11,P035,Other,Sports Shoes,223,Summer,0
2024-03-18,P035,Other,Sports Shoes,235,Summer,0
2024-03-25,P035,Other,Sports Shoes,258,Summer,0
2024-04-01,P035,Other,Sports Shoes,277,Summer,0
2024-04-08,P035,Other,Sports Shoes,269,Summer,0
2024-04-15,P035,Other,Sports Shoes,243,Summer,0
2024-04-22,P035,Other,Sports Shoes,279,Summer,0
2024-04-29,P035,Other,Sports Shoes,282,Summer,0
2024-05-06,P035,Other,Sports Shoes,304,Summer,0
2024-05-13,P035,Other,Sports Shoes,336,Summer,0
2024-05-20,P035,Other,Sports Shoes,260,Summer,0
2024-05-27,P035,Other,Sports Shoes,325,Summer,0
2024-06-03,P035,Other,Sports Shoes,278,Summer,0
2024-06-10,P035,Other,Sports Shoes,212,Summer,0
2024-06-17,P035,Other,Sports Shoes,349,Summer,0
2024-06-24,P035,Other,Sports Shoes,369,Summer,0
2024-07-01,P035,Other,Sports Shoes,301,Monsoon,0
2024-07-08,P035,Other,Sports Shoes,279,Monsoon,0
2024-07-15,P035,Other,Sports Shoes,264,Monsoon,0
2024-07-22,P035,Other,Sports Shoes,256,Monsoon,0
2024-07-29,P035,Other,Sports Shoes,325,Monsoon,0
2024-08-05,P035,Other,Sports Shoes,274,Monsoon,0
2024-08-12,P035,Other,Sports Shoes,344,Monsoon,0
2024-08-19,P035,Other,Sports Shoes,276,Monsoon,0
2024-08-26,P035,Other,Sports Shoes,258,Monsoon,0
2024-09-02,P035,Other,Sports Shoes,250,Monsoon,0
2024-09-09,P035,Other,Sports Shoes,244,Monsoon,0
2024-09-16,P035,Other,Sports Shoes,296,Monsoon,0
2024-09-23,P035,Other,Sports Shoes,222,Monsoon,0
2024-09-30,P035,Other,Sports Shoes,241,Monsoon,0
2024-10-07,P035,Other,Sports Shoes,330,Autumn,0
2024-10-14,P035,Other,Sports Shoes,236,Autumn,0
2024-10-21,P035,Other,Sports Shoes,311,Autumn,0
2024-10-28,P035,Other,Sports Shoes,889,Autumn,1
2024-11-04,P035,Other,Sports Shoes,335,Autumn,0
2024-11-11,P035,Other,Sports Shoes,223,Autumn,0
2024-11-18,P035,Other,Sports Shoes,239,Autumn,0
2024-11-25,P035,Other,Sports Shoes,303,Autumn,0
2024-12-02,P035,Other,Sports Shoes,286,Winter,0
2024-12-09,P035,Other,Sports Shoes,312,Winter,0
2024-12-16,P035,Other,Sports Shoes,222,Winter,0
2024-12-23,P035,Other,Sports Shoes,263,Winter,0
2021-01-04,P036,Other,Cricket Bat,189,Winter,0
2021-01-11,P036,Other,Cricket Bat,177,Winter,0
2021-01-18,P036,Other,Cricket Bat,232,Winter,0
2021-01-25,P036,Other,Cricket Bat,261,Winter,0
2021-02-01,P036,Other,Cricket Bat,218,Winter,0
2021-02-08,P036,Other,Cricket Bat,196,Winter,0
2021-02-15,P036,Other,Cricket Bat,202,Winter,0
2021-02-22,P036,Other,Cricket Bat,248,Winter,0
2021-03-01,P036,Other,Cricket Bat,287,Summer,0
2021-03-08,P036,Other,Cricket Bat,256,Summer,0
2021-03-15,P036,Other,Cricket Bat,274,Summer,0
2021-03-22,P036,Other,Cricket Bat,193,Summer,0
2021-03-29,P036,Other,Cricket Bat,227,Summer,0
2021-04-05,P036,Other,Cricket Bat,265,Summer,0
2021-04-12,P036,Other,Cricket Bat,181,Summer,0
2021-04-19,P036,Other,Cricket Bat,207,Summer,0
2021-04-26,P036,Other,Cricket Bat,262,Summer,0
2021-05-03,P036,Other,Cricket Bat,238,Summer,0
2021-05-10,P036,Other,Cricket Bat,196,Summer,0
2021-05-17,P036,Other,Cricket Bat,173,Summer,0
2021-05-24,P036,Other,Cricket Bat,276,Summer,0
2021-05-31,P036,Other,Cricket Bat,159,Summer,0
2021-06-07,P036,Other,Cricket Bat,251,Summer,0
2021-06-14,P036,Other,Cricket Bat,211,Summer,0
2021-06-21,P036,Other,Cricket Bat,266,Summer,0
2021-06-28,P036,Other,Cricket Bat,194,Summer,0
2021-07-05,P036,Other,Cricket Bat,320,Monsoon,0
2021-07-12,P036,Other,Cricket Bat,243,Monsoon,0
2021-07-19,P036,Other,Cricket Bat,249,Monsoon,0
2021-07-26,P036,Other,Cricket Bat,203,Monsoon,0
2021-08-02,P036,Other,Cricket Bat,225,Monsoon,0
2021-08-09,P036,Other,Cricket Bat,226,Monsoon,0
2021-08-16,P036,Other,Cricket Bat,291,Monsoon,0
2021-08-23,P036,Other,Cricket Bat,243,Monsoon,0
2021-08-30,P036,Other,Cricket Bat,248,Monsoon,0
2021-09-06,P036,Other,Cricket Bat,248,Monsoon,0
2021-09-13,P036,Other,Cricket Bat,251,Monsoon,0
2021-09-20,P036,Other,Cricket Bat,182,Monsoon,0
2021-09-27,P036,Other,Cricket Bat,300,Monsoon,0
2021-10-04,P036,Other,Cricket Bat,199,Autumn,0
2021-10-11,P036,Other,Cricket Bat,228,Autumn,0
2021-10-18,P036,Other,Cricket Bat,282,Autumn,0
2021-10-25,P036,Other,Cricket Bat,296,Autumn,0
2021-11-01,P036,Other,Cricket Bat,1101,Autumn,1
2021-11-08,P036,Other,Cricket Bat,212,Autumn,0
2021-11-15,P036,Other,Cricket Bat,234,Autumn,0
2021-11-22,P036,Other,Cricket Bat,235,Autumn,0
2021-11-29,P036,Other,Cricket Bat,236,Autumn,0
2021-12-06,P036,Other,Cricket Bat,187,Winter,0
2021-12-13,P036,Other,Cricket Bat,273,Winter,0
2021-12-20,P036,Other,Cricket Bat,234,Winter,0
2021-12-27,P036,Other,Cricket Bat,205,Winter,0
2022-01-03,P036,Other,Cricket Bat,221,Winter,0
2022-01-10,P036,Other,Cricket Bat,248,Winter,0
2022-01-17,P036,Other,Cricket Bat,188,Winter,0
2022-01-24,P036,Other,Cricket Bat,270,Winter,0
2022-01-31,P036,Other,Cricket Bat,247,Winter,0
2022-02-07,P036,Other,Cricket Bat,295,Winter,0
2022-02-14,P036,Other,Cricket Bat,241,Winter,0
2022-02-21,P036,Other,Cricket Bat,200,Winter,0
2022-02-28,P036,Other,Cricket Bat,196,Winter,0
2022-03-07,P036,Other,Cricket Bat,225,Summer,0
2022-03-14,P036,Other,Cricket Bat,228,Summer,0
2022-03-21,P036,Other,Cricket Bat,218,Summer,0
2022-03-28,P036,Other,Cricket Bat,243,Summer,0
2022-04-04,P036,Other,Cricket Bat,217,Summer,0
2022-04-11,P036,Other,Cricket Bat,248,Summer,0
2022-04-18,P036,Other,Cricket Bat,220,Summer,0
2022-04-25,P036,Other,Cricket Bat,261,Summer,0
2022-05-02,P036,Other,Cricket Bat,228,Summer,0
2022-05-09,P036,Other,Cricket Bat,283,Summer,0
2022-05-16,P036,Other,Cricket Bat,262,Summer,0
2022-05-23,P036,Other,Cricket Bat,246,Summer,0
2022-05-30,P036,Other,Cricket Bat,231,Summer,0
2022-06-06,P036,Other,Cricket Bat,184,Summer,0
2022-06-13,P036,Other,Cricket Bat,289,Summer,0
2022-06-20,P036,Other,Cricket Bat,214,Summer,0
2022-06-27,P036,Other,Cricket Bat,242,Summer,0
2022-07-04,P036,Other,Cricket Bat,251,Monsoon,0
2022-07-11,P036,Other,Cricket Bat,232,Monsoon,0
2022-07-18,P036,Other,Cricket Bat,287,Monsoon,0
2022-07-25,P036,Other,Cricket Bat,195,Monsoon,0
2022-08-01,P036,Other,Cricket Bat,301,Monsoon,0
2022-08-08,P036,Other,Cricket Bat,263,Monsoon,0
2022-08-15,P036,Other,Cricket Bat,230,Monsoon,0
2022-08-22,P036,Other,Cricket Bat,230,Monsoon,0
2022-08-29,P036,Other,Cricket Bat,159,Monsoon,0
2022-09-05,P036,Other,Cricket Bat,208,Monsoon,0
2022-09-12,P036,Other,Cricket Bat,226,Monsoon,0
2022-09-19,P036,Other,Cricket Bat,245,Monsoon,0
2022-09-26,P036,Other,Cricket Bat,284,Monsoon,0
2022-10-03,P036,Other,Cricket Bat,312,Autumn,0
2022-10-10,P036,Other,Cricket Bat,248,Autumn,0
2022-10-17,P036,Other,Cricket Bat,246,Autumn,0
2022-10-24,P036,Other,Cricket Bat,1177,Autumn,1
2022-10-31,P036,Other,Cricket Bat,177,Autumn,0
2022-11-07,P036,Other,Cricket Bat,217,Autumn,0
2022-11-14,P036,Other,Cricket Bat,231,Autumn,0
2022-11-21,P036,Other,Cricket Bat,274,Autumn,0
2022-11-28,P036,Other,Cricket Bat,257,Autumn,0
2022-12-05,P036,Other,Cricket Bat,247,Winter,0
2022-12-12,P036,Other,Cricket Bat,218,Winter,0
2022-12-19,P036,Other,Cricket Bat,168,Winter,0
2022-12-26,P036,Other,Cricket Bat,170,Winter,0
2023-01-02,P036,Other,Cricket Bat,186,Winter,0
2023-01-09,P036,Other,Cricket Bat,237,Winter,0
2023-01-16,P036,Other,Cricket Bat,285,Winter,0
2023-01-23,P036,Other,Cricket Bat,284,Winter,0
2023-01-30,P036,Other,Cricket Bat,277,Winter,0
2023-02-06,P036,Other,Cricket Bat,229,Winter,0
2023-02-13,P036,Other,Cricket Bat,291,Winter,0
2023-02-20,P036,Other,Cricket Bat,213,Winter,0
2023-02-27,P036,Other,Cricket Bat,280,Winter,0
2023-03-06,P036,Other,Cricket Bat,186,Summer,0
2023-03-13,P036,Other,Cricket Bat,204,Summer,0
2023-03-20,P036,Other,Cricket Bat,309,Summer,0
2023-03-27,P036,Other,Cricket Bat,240,Summer,0
2023-04-03,P036,Other,Cricket Bat,223,Summer,0
2023-04-10,P036,Other,Cricket Bat,289,Summer,0
2023-04-17,P036,Other,Cricket Bat,293,Summer,0
2023-04-24,P036,Other,Cricket Bat,232,Summer,0
2023-05-01,P036,Other,Cricket Bat,258,Summer,0
2023-05-08,P036,Other,Cricket Bat,253,Summer,0
2023-05-15,P036,Other,Cricket Bat,143,Summer,0
2023-05-22,P036,Other,Cricket Bat,196,Summer,0
2023-05-29,P036,Other,Cricket Bat,283,Summer,0
2023-06-05,P036,Other,Cricket Bat,217,Summer,0
2023-06-12,P036,Other,Cricket Bat,268,Summer,0
2023-06-19,P036,Other,Cricket Bat,258,Summer,0
2023-06-26,P036,Other,Cricket Bat,293,Summer,0
2023-07-03,P036,Other,Cricket Bat,197,Monsoon,0
2023-07-10,P036,Other,Cricket Bat,263,Monsoon,0
2023-07-17,P036,Other,Cricket Bat,245,Monsoon,0
2023-07-24,P036,Other,Cricket Bat,218,Monsoon,0
2023-07-31,P036,Other,Cricket Bat,218,Monsoon,0
2023-08-07,P036,Other,Cricket Bat,256,Monsoon,0
2023-08-14,P036,Other,Cricket Bat,271,Monsoon,0
2023-08-21,P036,Other,Cricket Bat,250,Monsoon,0
2023-08-28,P036,Other,Cricket Bat,251,Monsoon,0
2023-09-04,P036,Other,Cricket Bat,229,Monsoon,0
2023-09-11,P036,Other,Cricket Bat,232,Monsoon,0
2023-09-18,P036,Other,Cricket Bat,218,Monsoon,0
2023-09-25,P036,Other,Cricket Bat,229,Monsoon,0
2023-10-02,P036,Other,Cricket Bat,270,Autumn,0
2023-10-09,P036,Other,Cricket Bat,274,Autumn,0
2023-10-16,P036,Other,Cricket Bat,200,Autumn,0
2023-10-23,P036,Other,Cricket Bat,214,Autumn,0
2023-10-30,P036,Other,Cricket Bat,221,Autumn,0
2023-11-06,P036,Other,Cricket Bat,1209,Autumn,1
2023-11-13,P036,Other,Cricket Bat,185,Autumn,0
2023-11-20,P036,Other,Cricket Bat,215,Autumn,0
2023-11-27,P036,Other,Cricket Bat,196,Autumn,0
2023-12-04,P036,Other,Cricket Bat,263,Winter,0
2023-12-11,P036,Other,Cricket Bat,247,Winter,0
2023-12-18,P036,Other,Cricket Bat,231,Winter,0
2023-12-25,P036,Other,Cricket Bat,208,Winter,0
2024-01-01,P036,Other,Cricket Bat,240,Winter,0
2024-01-08,P036,Other,Cricket Bat,235,Winter,0
2024-01-15,P036,Other,Cricket Bat,320,Winter,0
2024-01-22,P036,Other,Cricket Bat,296,Winter,0
2024-01-29,P036,Other,Cricket Bat,230,Winter,0
2024-02-05,P036,Other,Cricket Bat,263,Winter,0
2024-02-12,P036,Other,Cricket Bat,294,Winter,0
2024-02-19,P036,Other,Cricket Bat,230,Winter,0
2024-02-26,P036,Other,Cricket Bat,202,Winter,0
2024-03-04,P036,Other,Cricket Bat,188,Summer,0
2024-03-11,P036,Other,Cricket Bat,306,Summer,0
2024-03-18,P036,Other,Cricket Bat,250,Summer,0
2024-03-25,P036,Other,Cricket Bat,268,Summer,0
2024-04-01,P036,Other,Cricket Bat,235,Summer,0
2024-04-08,P036,Other,Cricket Bat,208,Summer,0
2024-04-15,P036,Other,Cricket Bat,215,Summer,0
2024-04-22,P036,Other,Cricket Bat,205,Summer,0
2024-04-29,P036,Other,Cricket Bat,290,Summer,0
2024-05-06,P036,Other,Cricket Bat,315,Summer,0
2024-05-13,P036,Other,Cricket Bat,259,Summer,0
2024-05-20,P036,Other,Cricket Bat,198,Summer,0
2024-05-27,P036,Other,Cricket Bat,276,Summer,0
2024-06-03,P036,Other,Cricket Bat,306,Summer,0
2024-06-10,P036,Other,Cricket Bat,295,Summer,0
2024-06-17,P036,Other,Cricket Bat,256,Summer,0
2024-06-24,P036,Other,Cricket Bat,248,Summer,0
2024-07-01,P036,Other,Cricket Bat,256,Monsoon,0
2024-07-08,P036,Other,Cricket Bat,304,Monsoon,0
2024-07-15,P036,Other,Cricket Bat,286,Monsoon,0
2024-07-22,P036,Other,Cricket Bat,242,Monsoon,0
2024-07-29,P036,Other,Cricket Bat,241,Monsoon,0
2024-08-05,P036,Other,Cricket Bat,238,Monsoon,0
2024-08-12,P036,Other,Cricket Bat,216,Monsoon,0
2024-08-19,P036,Other,Cricket Bat,309,Monsoon,0
2024-08-26,P036,Other,Cricket Bat,227,Monsoon,0
2024-09-02,P036,Other,Cricket Bat,276,Monsoon,0
2024-09-09,P036,Other,Cricket Bat,232,Monsoon,0
2024-09-16,P036,Other,Cricket Bat,239,Monsoon,0
2024-09-23,P036,Other,Cricket Bat,253,Monsoon,0
2024-09-30,P036,Other,Cricket Bat,278,Monsoon,0
2024-10-07,P036,Other,Cricket Bat,247,Autumn,0
2024-10-14,P036,Other,Cricket Bat,213,Autumn,0
2024-10-21,P036,Other,Cricket Bat,258,Autumn,0
2024-10-28,P036,Other,Cricket Bat,1066,Autumn,1
2024-11-04,P036,Other,Cricket Bat,317,Autumn,0
2024-11-11,P036,Other,Cricket Bat,247,Autumn,0
2024-11-18,P036,Other,Cricket Bat,231,Autumn,0
2024-11-25,P036,Other,Cricket Bat,333,Autumn,0
2024-12-02,P036,Other,Cricket Bat,286,Winter,0
2024-12-09,P036,Other,Cricket Bat,222,Winter,0
2024-12-16,P036,Other,Cricket Bat,227,Winter,0
2024-12-23,P036,Other,Cricket Bat,275,Winter,0
2021-01-04,P037,Other,Utensils,121,Winter,0
2021-01-11,P037,Other,Utensils,178,Winter,0
2021-01-18,P037,Other,Utensils,163,Winter,0
2021-01-25,P037,Other,Utensils,140,Winter,0
2021-02-01,P037,Other,Utensils,210,Winter,0
2021-02-08,P037,Other,Utensils,196,Winter,0
2021-02-15,P037,Other,Utensils,178,Winter,0
2021-02-22,P037,Other,Utensils,215,Winter,0
2021-03-01,P037,Other,Utensils,196,Summer,0
2021-03-08,P037,Other,Utensils,156,Summer,0
2021-03-15,P037,Other,Utensils,151,Summer,0
2021-03-22,P037,Other,Utensils,200,Summer,0
2021-03-29,P037,Other,Utensils,189,Summer,0
2021-04-05,P037,Other,Utensils,183,Summer,0
2021-04-12,P037,Other,Utensils,156,Summer,0
2021-04-19,P037,Other,Utensils,195,Summer,0
2021-04-26,P037,Other,Utensils,158,Summer,0
2021-05-03,P037,Other,Utensils,176,Summer,0
2021-05-10,P037,Other,Utensils,217,Summer,0
2021-05-17,P037,Other,Utensils,161,Summer,0
2021-05-24,P037,Other,Utensils,136,Summer,0
2021-05-31,P037,Other,Utensils,150,Summer,0
2021-06-07,P037,Other,Utensils,205,Summer,0
2021-06-14,P037,Other,Utensils,185,Summer,0
2021-06-21,P037,Other,Utensils,175,Summer,0
2021-06-28,P037,Other,Utensils,165,Summer,0
2021-07-05,P037,Other,Utensils,192,Monsoon,0
2021-07-12,P037,Other,Utensils,156,Monsoon,0
2021-07-19,P037,Other,Utensils,187,Monsoon,0
2021-07-26,P037,Other,Utensils,159,Monsoon,0
2021-08-02,P037,Other,Utensils,154,Monsoon,0
2021-08-09,P037,Other,Utensils,161,Monsoon,0
2021-08-16,P037,Other,Utensils,168,Monsoon,0
2021-08-23,P037,Other,Utensils,177,Monsoon,0
2021-08-30,P037,Other,Utensils,185,Monsoon,0
2021-09-06,P037,Other,Utensils,79,Monsoon,0
2021-09-13,P037,Other,Utensils,157,Monsoon,0
2021-09-20,P037,Other,Utensils,168,Monsoon,0
2021-09-27,P037,Other,Utensils,219,Monsoon,0
2021-10-04,P037,Other,Utensils,150,Autumn,0
2021-10-11,P037,Other,Utensils,183,Autumn,0
2021-10-18,P037,Other,Utensils,219,Autumn,0
2021-10-25,P037,Other,Utensils,143,Autumn,0
2021-11-01,P037,Other,Utensils,810,Autumn,1
2021-11-08,P037,Other,Utensils,157,Autumn,0
2021-11-15,P037,Other,Utensils,165,Autumn,0
2021-11-22,P037,Other,Utensils,157,Autumn,0
2021-11-29,P037,Other,Utensils,159,Autumn,0
2021-12-06,P037,Other,Utensils,252,Winter,0
2021-12-13,P037,Other,Utensils,201,Winter,0
2021-12-20,P037,Other,Utensils,208,Winter,0
2021-12-27,P037,Other,Utensils,192,Winter,0
2022-01-03,P037,Other,Utensils,141,Winter,0
2022-01-10,P037,Other,Utensils,197,Winter,0
2022-01-17,P037,Other,Utensils,216,Winter,0
2022-01-24,P037,Other,Utensils,162,Winter,0
2022-01-31,P037,Other,Utensils,213,Winter,0
2022-02-07,P037,Other,Utensils,205,Winter,0
2022-02-14,P037,Other,Utensils,237,Winter,0
2022-02-21,P037,Other,Utensils,174,Winter,0
2022-02-28,P037,Other,Utensils,155,Winter,0
2022-03-07,P037,Other,Utensils,176,Summer,0
2022-03-14,P037,Other,Utensils,226,Summer,0
2022-03-21,P037,Other,Utensils,135,Summer,0
2022-03-28,P037,Other,Utensils,128,Summer,0
2022-04-04,P037,Other,Utensils,188,Summer,0
2022-04-11,P037,Other,Utensils,173,Summer,0
2022-04-18,P037,Other,Utensils,186,Summer,0
2022-04-25,P037,Other,Utensils,212,Summer,0
2022-05-02,P037,Other,Utensils,170,Summer,0
2022-05-09,P037,Other,Utensils,133,Summer,0
2022-05-16,P037,Other,Utensils,243,Summer,0
2022-05-23,P037,Other,Utensils,158,Summer,0
2022-05-30,P037,Other,Utensils,156,Summer,0
2022-06-06,P037,Other,Utensils,216,Summer,0
2022-06-13,P037,Other,Utensils,175,Summer,0
2022-06-20,P037,Other,Utensils,184,Summer,0
2022-06-27,P037,Other,Utensils,199,Summer,0
2022-07-04,P037,Other,Utensils,216,Monsoon,0
2022-07-11,P037,Other,Utensils,176,Monsoon,0
2022-07-18,P037,Other,Utensils,228,Monsoon,0
2022-07-25,P037,Other,Utensils,126,Monsoon,0
2022-08-01,P037,Other,Utensils,207,Monsoon,0
2022-08-08,P037,Other,Utensils,162,Monsoon,0
2022-08-15,P037,Other,Utensils,224,Monsoon,0
2022-08-22,P037,Other,Utensils,190,Monsoon,0
2022-08-29,P037,Other,Utensils,167,Monsoon,0
2022-09-05,P037,Other,Utensils,204,Monsoon,0
2022-09-12,P037,Other,Utensils,211,Monsoon,0
2022-09-19,P037,Other,Utensils,204,Monsoon,0
2022-09-26,P037,Other,Utensils,157,Monsoon,0
2022-10-03,P037,Other,Utensils,172,Autumn,0
2022-10-10,P037,Other,Utensils,186,Autumn,0
2022-10-17,P037,Other,Utensils,185,Autumn,0
2022-10-24,P037,Other,Utensils,1099,Autumn,1
2022-10-31,P037,Other,Utensils,129,Autumn,0
2022-11-07,P037,Other,Utensils,195,Autumn,0
2022-11-14,P037,Other,Utensils,178,Autumn,0
2022-11-21,P037,Other,Utensils,162,Autumn,0
2022-11-28,P037,Other,Utensils,165,Autumn,0
2022-12-05,P037,Other,Utensils,180,Winter,0
2022-12-12,P037,Other,Utensils,85,Winter,0
2022-12-19,P037,Other,Utensils,166,Winter,0
2022-12-26,P037,Other,Utensils,161,Winter,0
2023-01-02,P037,Other,Utensils,208,Winter,0
2023-01-09,P037,Other,Utensils,169,Winter,0
2023-01-16,P037,Other,Utensils,187,Winter,0
2023-01-23,P037,Other,Utensils,238,Winter,0
2023-01-30,P037,Other,Utensils,222,Winter,0
2023-02-06,P037,Other,Utensils,219,Winter,0
2023-02-13,P037,Other,Utensils,178,Winter,0
2023-02-20,P037,Other,Utensils,209,Winter,0
2023-02-27,P037,Other,Utensils,186,Winter,0
2023-03-06,P037,Other,Utensils,187,Summer,0
2023-03-13,P037,Other,Utensils,205,Summer,0
2023-03-20,P037,Other,Utensils,176,Summer,0
2023-03-27,P037,Other,Utensils,236,Summer,0
2023-04-03,P037,Other,Utensils,188,Summer,0
2023-04-10,P037,Other,Utensils,211,Summer,0
2023-04-17,P037,Other,Utensils,235,Summer,0
2023-04-24,P037,Other,Utensils,223,Summer,0
2023-05-01,P037,Other,Utensils,152,Summer,0
2023-05-08,P037,Other,Utensils,206,Summer,0
2023-05-15,P037,Other,Utensils,217,Summer,0
2023-05-22,P037,Other,Utensils,219,Summer,0
2023-05-29,P037,Other,Utensils,161,Summer,0
2023-06-05,P037,Other,Utensils,174,Summer,0
2023-06-12,P037,Other,Utensils,222,Summer,0
2023-06-19,P037,Other,Utensils,171,Summer,0
2023-06-26,P037,Other,Utensils,184,Summer,0
2023-07-03,P037,Other,Utensils,239,Monsoon,0
2023-07-10,P037,Other,Utensils,191,Monsoon,0
2023-07-17,P037,Other,Utensils,172,Monsoon,0
2023-07-24,P037,Other,Utensils,167,Monsoon,0
2023-07-31,P037,Other,Utensils,202,Monsoon,0
2023-08-07,P037,Other,Utensils,154,Monsoon,0
2023-08-14,P037,Other,Utensils,186,Monsoon,0
2023-08-21,P037,Other,Utensils,202,Monsoon,0
2023-08-28,P037,Other,Utensils,230,Monsoon,0
2023-09-04,P037,Other,Utensils,212,Monsoon,0
2023-09-11,P037,Other,Utensils,172,Monsoon,0
2023-09-18,P037,Other,Utensils,227,Monsoon,0
2023-09-25,P037,Other,Utensils,184,Monsoon,0
2023-10-02,P037,Other,Utensils,157,Autumn,0
2023-10-09,P037,Other,Utensils,188,Autumn,0
2023-10-16,P037,Other,Utensils,235,Autumn,0
2023-10-23,P037,Other,Utensils,198,Autumn,0
2023-10-30,P037,Other,Utensils,193,Autumn,0
2023-11-06,P037,Other,Utensils,1184,Autumn,1
2023-11-13,P037,Other,Utensils,151,Autumn,0
2023-11-20,P037,Other,Utensils,156,Autumn,0
2023-11-27,P037,Other,Utensils,146,Autumn,0
2023-12-04,P037,Other,Utensils,204,Winter,0
2023-12-11,P037,Other,Utensils,198,Winter,0
2023-12-18,P037,Other,Utensils,238,Winter,0
2023-12-25,P037,Other,Utensils,200,Winter,0
2024-01-01,P037,Other,Utensils,188,Winter,0
2024-01-08,P037,Other,Utensils,200,Winter,0
2024-01-15,P037,Other,Utensils,204,Winter,0
2024-01-22,P037,Other,Utensils,150,Winter,0
2024-01-29,P037,Other,Utensils,281,Winter,0
2024-02-05,P037,Other,Utensils,216,Winter,0
2024-02-12,P037,Other,Utensils,206,Winter,0
2024-02-19,P037,Other,Utensils,218,Winter,0
2024-02-26,P037,Other,Utensils,221,Winter,0
2024-03-04,P037,Other,Utensils,196,Summer,0
2024-03-11,P037,Other,Utensils,181,Summer,0
2024-03-18,P037,Other,Utensils,218,Summer,0
2024-03-25,P037,Other,Utensils,212,Summer,0
2024-04-01,P037,Other,Utensils,176,Summer,0
2024-04-08,P037,Other,Utensils,243,Summer,0
2024-04-15,P037,Other,Utensils,209,Summer,0
2024-04-22,P037,Other,Utensils,222,Summer,0
2024-04-29,P037,Other,Utensils,242,Summer,0
2024-05-06,P037,Other,Utensils,201,Summer,0
2024-05-13,P037,Other,Utensils,210,Summer,0
2024-05-20,P037,Other,Utensils,224,Summer,0
2024-05-27,P037,Other,Utensils,178,Summer,0
2024-06-03,P037,Other,Utensils,202,Summer,0
2024-06-10,P037,Other,Utensils,204,Summer,0
2024-06-17,P037,Other,Utensils,171,Summer,0
2024-06-24,P037,Other,Utensils,270,Summer,0
2024-07-01,P037,Other,Utensils,158,Monsoon,0
2024-07-08,P037,Other,Utensils,161,Monsoon,0
2024-07-15,P037,Other,Utensils,240,Monsoon,0
2024-07-22,P037,Other,Utensils,221,Monsoon,0
2024-07-29,P037,Other,Utensils,169,Monsoon,0
2024-08-05,P037,Other,Utensils,218,Monsoon,0
2024-08-12,P037,Other,Utensils,244,Monsoon,0
2024-08-19,P037,Other,Utensils,199,Monsoon,0
2024-08-26,P037,Other,Utensils,278,Monsoon,0
2024-09-02,P037,Other,Utensils,148,Monsoon,0
2024-09-09,P037,Other,Utensils,221,Monsoon,0
2024-09-16,P037,Other,Utensils,235,Monsoon,0
2024-09-23,P037,Other,Utensils,227,Monsoon,0
2024-09-30,P037,Other,Utensils,194,Monsoon,0
2024-10-07,P037,Other,Utensils,191,Autumn,0
2024-10-14,P037,Other,Utensils,213,Autumn,0
2024-10-21,P037,Other,Utensils,225,Autumn,0
2024-10-28,P037,Other,Utensils,1022,Autumn,1
2024-11-04,P037,Other,Utensils,231,Autumn,0
2024-11-11,P037,Other,Utensils,169,Autumn,0
2024-11-18,P037,Other,Utensils,193,Autumn,0
2024-11-25,P037,Other,Utensils,172,Autumn,0
2024-12-02,P037,Other,Utensils,188,Winter,0
2024-12-09,P037,Other,Utensils,231,Winter,0
2024-12-16,P037,Other,Utensils,203,Winter,0
2024-12-23,P037,Other,Utensils,278,Winter,0
2021-01-04,P038,Other,Decorative Items,222,Winter,0
2021-01-11,P038,Other,Decorative Items,250,Winter,0
2021-01-18,P038,Other,Decorative Items,243,Winter,0
2021-01-25,P038,Other,Decorative Items,236,Winter,0
2021-02-01,P038,Other,Decorative Items,150,Winter,0
2021-02-08,P038,Other,Decorative Items,212,Winter,0
2021-02-15,P038,Other,Decorative Items,209,Winter,0
2021-02-22,P038,Other,Decorative Items,183,Winter,0
2021-03-01,P038,Other,Decorative Items,249,Summer,0
2021-03-08,P038,Other,Decorative Items,153,Summer,0
2021-03-15,P038,Other,Decorative Items,247,Summer,0
2021-03-22,P038,Other,Decorative Items,263,Summer,0
2021-03-29,P038,Other,Decorative Items,213,Summer,0
2021-04-05,P038,Other,Decorative Items,217,Summer,0
2021-04-12,P038,Other,Decorative Items,251,Summer,0
2021-04-19,P038,Other,Decorative Items,194,Summer,0
2021-04-26,P038,Other,Decorative Items,241,Summer,0
2021-05-03,P038,Other,Decorative Items,189,Summer,0
2021-05-10,P038,Other,Decorative Items,179,Summer,0
2021-05-17,P038,Other,Decorative Items,229,Summer,0
2021-05-24,P038,Other,Decorative Items,219,Summer,0
2021-05-31,P038,Other,Decorative Items,163,Summer,0
2021-06-07,P038,Other,Decorative Items,266,Summer,0
2021-06-14,P038,Other,Decorative Items,206,Summer,0
2021-06-21,P038,Other,Decorative Items,236,Summer,0
2021-06-28,P038,Other,Decorative Items,272,Summer,0
2021-07-05,P038,Other,Decorative Items,228,Monsoon,0
2021-07-12,P038,Other,Decorative Items,262,Monsoon,0
2021-07-19,P038,Other,Decorative Items,191,Monsoon,0
2021-07-26,P038,Other,Decorative Items,266,Monsoon,0
2021-08-02,P038,Other,Decorative Items,192,Monsoon,0
2021-08-09,P038,Other,Decorative Items,201,Monsoon,0
2021-08-16,P038,Other,Decorative Items,171,Monsoon,0
2021-08-23,P038,Other,Decorative Items,228,Monsoon,0
2021-08-30,P038,Other,Decorative Items,240,Monsoon,0
2021-09-06,P038,Other,Decorative Items,245,Monsoon,0
2021-09-13,P038,Other,Decorative Items,172,Monsoon,0
2021-09-20,P038,Other,Decorative Items,232,Monsoon,0
2021-09-27,P038,Other,Decorative Items,233,Monsoon,0
2021-10-04,P038,Other,Decorative Items,240,Autumn,0
2021-10-11,P038,Other,Decorative Items,194,Autumn,0
2021-10-18,P038,Other,Decorative Items,137,Autumn,0
2021-10-25,P038,Other,Decorative Items,243,Autumn,0
2021-11-01,P038,Other,Decorative Items,919,Autumn,1
2021-11-08,P038,Other,Decorative Items,229,Autumn,0
2021-11-15,P038,Other,Decorative Items,216,Autumn,0
2021-11-22,P038,Other,Decorative Items,227,Autumn,0
2021-11-29,P038,Other,Decorative Items,244,Autumn,0
2021-12-06,P038,Other,Decorative Items,158,Winter,0
2021-12-13,P038,Other,Decorative Items,257,Winter,0
2021-12-20,P038,Other,Decorative Items,213,Winter,0
2021-12-27,P038,Other,Decorative Items,273,Winter,0
2022-01-03,P038,Other,Decorative Items,213,Winter,0
2022-01-10,P038,Other,Decorative Items,205,Winter,0
2022-01-17,P038,Other,Decorative Items,223,Winter,0
2022-01-24,P038,Other,Decorative Items,245,Winter,0
2022-01-31,P038,Other,Decorative Items,219,Winter,0
2022-02-07,P038,Other,Decorative Items,248,Winter,0
2022-02-14,P038,Other,Decorative Items,215,Winter,0
2022-02-21,P038,Other,Decorative Items,229,Winter,0
2022-02-28,P038,Other,Decorative Items,305,Winter,0
2022-03-07,P038,Other,Decorative Items,241,Summer,0
2022-03-14,P038,Other,Decorative Items,243,Summer,0
2022-03-21,P038,Other,Decorative Items,178,Summer,0
2022-03-28,P038,Other,Decorative Items,275,Summer,0
2022-04-04,P038,Other,Decorative Items,265,Summer,0
2022-04-11,P038,Other,Decorative Items,204,Summer,0
2022-04-18,P038,Other,Decorative Items,264,Summer,0
2022-04-25,P038,Other,Decorative Items,240,Summer,0
2022-05-02,P038,Other,Decorative Items,230,Summer,0
2022-05-09,P038,Other,Decorative Items,273,Summer,0
2022-05-16,P038,Other,Decorative Items,211,Summer,0
2022-05-23,P038,Other,Decorative Items,204,Summer,0
2022-05-30,P038,Other,Decorative Items,235,Summer,0
2022-06-06,P038,Other,Decorative Items,246,Summer,0
2022-06-13,P038,Other,Decorative Items,261,Summer,0
2022-06-20,P038,Other,Decorative Items,223,Summer,0
2022-06-27,P038,Other,Decorative Items,199,Summer,0
2022-07-04,P038,Other,Decorative Items,315,Monsoon,0
2022-07-11,P038,Other,Decorative Items,191,Monsoon,0
2022-07-18,P038,Other,Decorative Items,230,Monsoon,0
2022-07-25,P038,Other,Decorative Items,255,Monsoon,0
2022-08-01,P038,Other,Decorative Items,268,Monsoon,0
2022-08-08,P038,Other,Decorative Items,209,Monsoon,0
2022-08-15,P038,Other,Decorative Items,164,Monsoon,0
2022-08-22,P038,Other,Decorative Items,208,Monsoon,0
2022-08-29,P038,Other,Decorative Items,258,Monsoon,0
2022-09-05,P038,Other,Decorative Items,250,Monsoon,0
2022-09-12,P038,Other,Decorative Items,251,Monsoon,0
2022-09-19,P038,Other,Decorative Items,253,Monsoon,0
2022-09-26,P038,Other,Decorative Items,274,Monsoon,0
2022-10-03,P038,Other,Decorative Items,202,Autumn,0
2022-10-10,P038,Other,Decorative Items,187,Autumn,0
2022-10-17,P038,Other,Decorative Items,241,Autumn,0
2022-10-24,P038,Other,Decorative Items,1024,Autumn,1
2022-10-31,P038,Other,Decorative Items,185,Autumn,0
2022-11-07,P038,Other,Decorative Items,270,Autumn,0
2022-11-14,P038,Other,Decorative Items,237,Autumn,0
2022-11-21,P038,Other,Decorative Items,229,Autumn,0
2022-11-28,P038,Other,Decorative Items,230,Autumn,0
2022-12-05,P038,Other,Decorative Items,225,Winter,0
2022-12-12,P038,Other,Decorative Items,270,Winter,0
2022-12-19,P038,Other,Decorative Items,176,Winter,0
2022-12-26,P038,Other,Decorative Items,175,Winter,0
2023-01-02,P038,Other,Decorative Items,204,Winter,0
2023-01-09,P038,Other,Decorative Items,247,Winter,0
2023-01-16,P038,Other,Decorative Items,301,Winter,0
2023-01-23,P038,Other,Decorative Items,268,Winter,0
2023-01-30,P038,Other,Decorative Items,258,Winter,0
2023-02-06,P038,Other,Decorative Items,234,Winter,0
2023-02-13,P038,Other,Decorative Items,190,Winter,0
2023-02-20,P038,Other,Decorative Items,255,Winter,0
2023-02-27,P038,Other,Decorative Items,309,Winter,0
2023-03-06,P038,Other,Decorative Items,229,Summer,0
2023-03-13,P038,Other,Decorative Items,217,Summer,0
2023-03-20,P038,Other,Decorative Items,229,Summer,0
2023-03-27,P038,Other,Decorative Items,258,Summer,0
2023-04-03,P038,Other,Decorative Items,241,Summer,0
2023-04-10,P038,Other,Decorative Items,270,Summer,0
2023-04-17,P038,Other,Decorative Items,236,Summer,0
2023-04-24,P038,Other,Decorative Items,229,Summer,0
2023-05-01,P038,Other,Decorative Items,245,Summer,0
2023-05-08,P038,Other,Decorative Items,218,Summer,0
2023-05-15,P038,Other,Decorative Items,299,Summer,0
2023-05-22,P038,Other,Decorative Items,266,Summer,0
2023-05-29,P038,Other,Decorative Items,198,Summer,0
2023-06-05,P038,Other,Decorative Items,211,Summer,0
2023-06-12,P038,Other,Decorative Items,257,Summer,0
2023-06-19,P038,Other,Decorative Items,244,Summer,0
2023-06-26,P038,Other,Decorative Items,248,Summer,0
2023-07-03,P038,Other,Decorative Items,230,Monsoon,0
2023-07-10,P038,Other,Decorative Items,253,Monsoon,0
2023-07-17,P038,Other,Decorative Items,231,Monsoon,0
2023-07-24,P038,Other,Decorative Items,257,Monsoon,0
2023-07-31,P038,Other,Decorative Items,265,Monsoon,0
2023-08-07,P038,Other,Decorative Items,294,Monsoon,0
2023-08-14,P038,Other,Decorative Items,219,Monsoon,0
2023-08-21,P038,Other,Decorative Items,237,Monsoon,0
2023-08-28,P038,Other,Decorative Items,194,Monsoon,0
2023-09-04,P038,Other,Decorative Items,302,Monsoon,0
2023-09-11,P038,Other,Decorative Items,167,Monsoon,0
2023-09-18,P038,Other,Decorative Items,297,Monsoon,0
2023-09-25,P038,Other,Decorative Items,240,Monsoon,0
2023-10-02,P038,Other,Decorative Items,252,Autumn,0
2023-10-09,P038,Other,Decorative Items,231,Autumn,0
2023-10-16,P038,Other,Decorative Items,238,Autumn,0
2023-10-23,P038,Other,Decorative Items,258,Autumn,0
2023-10-30,P038,Other,Decorative Items,179,Autumn,0
2023-11-06,P038,Other,Decorative Items,1054,Autumn,1
2023-11-13,P038,Other,Decorative Items,207,Autumn,0
2023-11-20,P038,Other,Decorative Items,253,Autumn,0
2023-11-27,P038,Other,Decorative Items,237,Autumn,0
2023-12-04,P038,Other,Decorative Items,259,Winter,0
2023-12-11,P038,Other,Decorative Items,243,Winter,0
2023-12-18,P038,Other,Decorative Items,275,Winter,0
2023-12-25,P038,Other,Decorative Items,211,Winter,0
2024-01-01,P038,Other,Decorative Items,248,Winter,0
2024-01-08,P038,Other,Decorative Items,287,Winter,0
2024-01-15,P038,Other,Decorative Items,280,Winter,0
2024-01-22,P038,Other,Decorative Items,191,Winter,0
2024-01-29,P038,Other,Decorative Items,208,Winter,0
2024-02-05,P038,Other,Decorative Items,243,Winter,0
2024-02-12,P038,Other,Decorative Items,237,Winter,0
2024-02-19,P038,Other,Decorative Items,243,Winter,0
2024-02-26,P038,Other,Decorative Items,275,Winter,0
2024-03-04,P038,Other,Decorative Items,257,Summer,0
2024-03-11,P038,Other,Decorative Items,259,Summer,0
2024-03-18,P038,Other,Decorative Items,271,Summer,0
2024-03-25,P038,Other,Decorative Items,286,Summer,0
2024-04-01,P038,Other,Decorative Items,133,Summer,0
2024-04-08,P038,Other,Decorative Items,232,Summer,0
2024-04-15,P038,Other,Decorative Items,213,Summer,0
2024-04-22,P038,Other,Decorative Items,263,Summer,0
2024-04-29,P038,Other,Decorative Items,229,Summer,0
2024-05-06,P038,Other,Decorative Items,249,Summer,0
2024-05-13,P038,Other,Decorative Items,277,Summer,0
2024-05-20,P038,Other,Decorative Items,224,Summer,0
2024-05-27,P038,Other,Decorative Items,259,Summer,0
2024-06-03,P038,Other,Decorative Items,303,Summer,0
2024-06-10,P038,Other,Decorative Items,277,Summer,0
2024-06-17,P038,Other,Decorative Items,187,Summer,0
2024-06-24,P038,Other,Decorative Items,235,Summer,0
2024-07-01,P038,Other,Decorative Items,259,Monsoon,0
2024-07-08,P038,Other,Decorative Items,266,Monsoon,0
2024-07-15,P038,Other,Decorative Items,237,Monsoon,0
2024-07-22,P038,Other,Decorative Items,222,Monsoon,0
2024-07-29,P038,Other,Decorative Items,248,Monsoon,0
2024-08-05,P038,Other,Decorative Items,206,Monsoon,0
2024-08-12,P038,Other,Decorative Items,287,Monsoon,0
2024-08-19,P038,Other,Decorative Items,315,Monsoon,0
2024-08-26,P038,Other,Decorative Items,260,Monsoon,0
2024-09-02,P038,Other,Decorative Items,237,Monsoon,0
2024-09-09,P038,Other,Decorative Items,281,Monsoon,0
2024-09-16,P038,Other,Decorative Items,274,Monsoon,0
2024-09-23,P038,Other,Decorative Items,236,Monsoon,0
2024-09-30,P038,Other,Decorative Items,244,Monsoon,0
2024-10-07,P038,Other,Decorative Items,223,Autumn,0
2024-10-14,P038,Other,Decorative Items,252,Autumn,0
2024-10-21,P038,Other,Decorative Items,257,Autumn,0
2024-10-28,P038,Other,Decorative Items,1017,Autumn,1
2024-11-04,P038,Other,Decorative Items,206,Autumn,0
2024-11-11,P038,Other,Decorative Items,197,Autumn,0
2024-11-18,P038,Other,Decorative Items,261,Autumn,0
2024-11-25,P038,Other,Decorative Items,245,Autumn,0
2024-12-02,P038,Other,Decorative Items,243,Winter,0
2024-12-09,P038,Other,Decorative Items,263,Winter,0
2024-12-16,P038,Other,Decorative Items,213,Winter,0
2024-12-23,P038,Other,Decorative Items,206,Winter,0
